word,count
the,1062370
and,663152
to,511624
of,462179
a,321997
he,288238
in,270847
his,245830
that,229710
was,223355
with,175088
had,165354
at,139190
not,139159
her,122822
as,121148
it,120869
on,113646
but,112158
for,105090
i,100006
she,99975
is,94085
him,84723
you,83235
from,82491
all,77314
said,74586
by,73160
were,73036
be,71703
they,63891
who,60109
what,59985
have,59923
which,59737
one,57412
this,56823
prince,52886
an,50127
so,48918
or,48112
been,45260
their,44454
did,44268
when,44175
would,41509
up,40207
pierre,39060
only,38750
are,36766
if,36177
my,35185
could,33945
there,33852
no,32767
out,32488
into,30938
now,29636
will,29605
them,29202
more,29109
about,28489
went,26226
how,26071
we,25978
him.,25637
some,25606
after,25327
do,25234
man,24118
old,23963
your,23715
very,23622
“i,23405
chapter,22661
princess,22506
"him,",22196
then,21855
andrew,21700
like,21421
himself,21297
natásha,21173
has,21018
french,20801
without,20615
came,20522
before,20460
me,20367
began,20243
looked,19902
time,19871
those,19716
know,19313
still,18941
our,18910
face,18879
thought,18848
see,18755
felt,18538
same,18259
such,18104
these,17887
first,17856
men,17825
seemed,17701
its,17670
go,17081
down,17019
asked,16957
two,16802
where,16802
just,16585
than,16461
little,16306
whole,16213
come,16151
left,16089
over,15996
should,15872
am,15841
other,15593
again,15562
eyes,15376
even,15314
any,15314
something,15252
having,14880
must,14415
rostóv,14229
long,14012
saw,13981
being,13857
always,13826
because,13795
made,13795
own,13764
don’t,13733
count,13578
can,13330
though,13175
say,12896
army,12803
it.,12803
heard,12741
russian,12710
"and,",12648
moscow,12524
young,12524
mary,12493
suddenly,12245
told,12183
took,12183
back,12028
never,12028
people,11966
room,11935
head,11873
looking,11873
day,11811
turned,11811
knew,11780
nicholas,11718
look,11687
another,11687
while,11625
whom,11625
general,11594
under,11470
through,11439
emperor,11408
away,11284
quite,11253
her.,11036
round,11005
love,10850
tell,10788
evidently,10695
napoleon,10664
get,10602
life,10509
much,10509
let,10447
sat,10416
nothing,10323
every,10261
take,10199
kutúzov,10168
"it,",10137
“and,10013
most,9889
last,9889
hand,9827
way,9796
“but,9765
yet,9517
off,9424
countess,9393
“you,9362
gave,9331
already,9300
why,9269
stood,9114
moment,9114
think,9083
might,9083
toward,9052
"“yes,",9052
“what,9021
everything,9021
anna,8990
feeling,8897
good,8711
once,8649
us,8525
officer,8463
behind,8432
going,8401
them.,8370
make,8277
"pierre,",8215
words,8215
"“well,",8184
"her,",8184
new,8153
it’s,8153
put,8091
may,8060
give,8029
understand,7936
right,7874
too,7843
“the,7843
also,7843
ran,7812
*,7781
battle,7688
seen,7595
replied,7595
both,7533
between,7440
shall,7440
great,7409
here,7378
dear,7347
three,7347
soon,7316
expression,7285
house,7192
place,7161
commander,7130
taken,7099
soldiers,7068
order,7037
many,7037
"said,",7006
during,6944
done,6944
whether,6913
sónya,6851
herself,6851
against,6851
room.,6820
pierre.,6789
side,6758
sent,6727
called,6696
rode,6665
among,6634
part,6634
drawing,6603
want,6541
voice,6541
denísov,6541
found,6541
smile,6541
sitting,6448
front,6448
along,6355
"natásha,",6355
anything,6262
talk,6262
taking,6200
"you,",6200
position,6200
brought,6200
does,6169
troops,6169
got,6138
near,6014
moved,5983
that’s,5983
father,5952
shouted,5952
others,5921
everyone,5859
several,5828
door,5766
lay,5735
wished,5735
"andrew,",5704
well,5704
war,5704
beside,5673
received,5642
understood,5642
since,5642
dólokhov,5642
tried,5611
next,5611
each,5580
"them,",5580
things,5549
turning,5518
horse,5425
white,5425
entered,5425
leave,5394
"“oh,",5394
nor,5394
"me,",5332
"“no,",5332
speak,5301
letter,5301
passed,5301
chief,5270
till,5270
few,5239
can’t,5239
ask,5239
word,5239
thing,5208
vasíli,5208
noticed,5177
given,5146
pierre’s,5146
became,5146
wish,5115
pétya,5115
cried,5115
remained,5084
seeing,5084
trying,4991
talking,4991
"he,",4991
borís,4991
really,4960
"eyes,",4929
find,4898
cannot,4898
spoke,4898
wanted,4867
longer,4836
full,4836
small,4836
"rostóv,",4774
far,4774
alone,4774
set,4743
"face,",4743
eyes.,4712
wounded,4712
glanced,4712
crowd,4712
movement,4712
"man,",4712
almost,4712
large,4650
horses,4650
continued,4619
officers,4588
kept,4557
hands,4557
i’ll,4557
rose,4557
"himself,",4526
end,4526
enemy,4526
stopped,4526
orders,4495
sound,4464
happy,4464
question,4464
"moscow,",4433
thousand,4433
"room,",4402
around,4402
met,4371
reached,4371
anatole,4371
standing,4340
de,4340
natásha.,4340
above,4309
answered,4309
mademoiselle,4309
days,4278
"time,",4247
petersburg,4247
fact,4216
evening,4216
themselves,4216
less,4216
“he,4185
held,4185
"yes,",4154
used,4123
"now,",4123
"then,",4123
gone,4123
saying,4092
“it,4092
often,4061
speaking,4061
wife,4061
merely,4061
“how,4061
help,4061
regiment,4061
half,4061
won’t,4030
power,3999
news,3999
returned,3999
himself.,3999
coming,3968
terrible,3968
"army,",3968
soldier,3968
better,3968
strange,3968
mind,3937
night,3906
state,3906
smile.,3875
especially,3875
sometimes,3844
face.,3813
certain,3813
feel,3813
said.,3813
son,3813
"life,",3813
action,3782
morning,3782
"up,",3782
followed,3782
“if,3782
"that,",3751
grew,3751
hear,3751
conversation,3720
holding,3720
"well,",3689
become,3689
past,3689
listened,3689
forward,3689
god,3689
"another,",3689
former,3658
arms,3658
fire,3658
afraid,3627
itself,3627
free,3627
times,3627
hundred,3627
table,3596
andrew.,3596
ready,3565
different,3565
"on,",3534
necessary,3534
third,3534
village,3534
anyone,3503
read,3503
he.,3503
natásha’s,3503
tears,3503
road,3503
impossible,3503
kissed,3503
expressed,3472
history,3472
"men,",3472
“why,3472
across,3472
"is,",3472
drew,3441
cause,3441
"“ah,",3441
black,3441
best,3441
faces,3410
happened,3410
known,3410
important,3410
field,3379
fell,3379
led,3379
"know,",3379
"nicholas,",3379
believe,3379
márya,3348
military,3348
“it’s,3348
hand.,3317
giving,3317
arm,3317
able,3317
work,3317
voices,3317
showed,3317
immediately,3286
"count,",3286
beyond,3286
making,3286
adjutant,3255
mother,3255
loved,3255
moving,3255
appeared,3224
"there,",3224
whose,3224
second,3224
matter,3224
man’s,3193
human,3193
doing,3193
ordered,3193
emperor’s,3193
force,3193
thinking,3193
smiled,3162
possible,3162
russians,3162
smiling,3162
tone,3162
show,3131
repeated,3131
meet,3131
someone,3131
voice.,3131
heart,3131
opened,3131
"french,",3100
close,3100
waiting,3100
either,3100
ever,3100
remembered,3069
galloped,3069
lost,3069
away.,3069
"sónya,",3069
raised,3038
light,3038
ought,3038
steps,3038
need,3038
moscow.,3038
asking,3007
answer,3007
upon,3007
running,3007
“we,3007
"who,",3007
"mary,",2976
carried,2976
high,2976
clear,2976
historians,2976
woman,2945
unable,2945
later,2945
on.,2945
"voice,",2945
kind,2914
hair,2914
glad,2914
up.,2914
andrew’s,2914
cold,2914
air,2914
considered,2883
struck,2883
neither,2883
four,2883
napoleon’s,2883
quickly,2883
command,2883
"hand,",2852
project,2852
frightened,2852
straight,2852
staff,2821
"say,",2821
home,2821
present,2790
dinner,2790
"denísov,",2790
“that,2790
"all,",2790
reason,2759
perhaps,2759
red,2759
life.,2759
father’s,2759
run,2759
you.,2728
head.,2728
ten,2728
usual,2728
decided,2728
strength,2728
hélène,2728
gazed,2697
everybody,2697
rather,2697
"away,",2697
hardly,2697
short,2697
killed,2697
i’m,2666
time.,2666
spent,2666
angry,2666
turn,2666
talked,2666
soul,2666
"again,",2666
world,2666
"this,",2666
open,2666
pleasure,2635
fine,2635
"head,",2635
particularly,2635
death,2635
alexander,2635
me.,2635
girl,2604
“my,2604
bagratión,2604
alpátych,2604
fresh,2604
remember,2604
presence,2604
handsome,2604
knowing,2604
honor,2604
rostóv.,2604
wrote,2573
myself,2573
interrupted,2573
meeting,2573
"day,",2573
door.,2573
"right,",2573
meaning,2573
"added,",2542
years,2542
asked.,2542
attention,2542
five,2542
else,2511
bad,2511
women,2511
return,2511
"officer,",2511
closed,2511
added,2511
various,2511
within,2480
shouting,2480
attack,2480
family,2480
despite,2480
seized,2480
occupied,2480
“a,2480
doctor,2480
keep,2480
smoke,2480
money,2449
clearly,2449
"no,",2449
aim,2449
fixed,2449
brother,2449
rushed,2418
"napoleon,",2418
bring,2418
course,2418
"you,”",2418
sides,2418
mary.,2418
fear,2418
drove,2418
he’s,2418
pressed,2418
another.,2418
says,2418
expected,2418
experienced,2418
instead,2387
sight,2387
knows,2387
listening,2387
"princess,",2387
feet,2387
peasants,2387
single,2387
getting,2387
call,2387
least,2387
there.,2387
thoughts,2387
"before,",2356
bald,2356
beginning,2356
“to,2356
kutúzov’s,2356
questions,2356
husband,2356
"countess,",2356
seem,2356
thought.,2325
dark,2325
seems,2325
together,2325
reply,2325
case,2325
pleased,2325
pointing,2325
continually,2294
covered,2294
remain,2294
passing,2294
“do,2294
“that’s,2294
use,2294
probably,2294
activity,2294
freedom,2294
line,2294
changed,2294
carriage,2294
again.,2263
difficult,2263
pale,2263
guns,2263
middle,2263
“they,2263
living,2263
lips,2232
name,2232
pleasant,2232
events,2232
laws,2232
mikháylovna,2232
following,2232
happiness,2232
besides,2232
conception,2232
prisoners,2232
contrary,2232
glancing,2232
special,2201
presented,2201
balashëv,2201
rostopchín,2201
bolkónski,2201
bridge,2201
"me,”",2201
rapidly,2201
live,2201
fellow,2201
except,2201
spite,2201
russia,2201
frenchman,2170
prepared,2170
leaving,2170
"out,",2170
rest,2170
"soldiers,",2170
sounds,2170
change,2170
number,2170
"prince,",2170
involuntarily,2139
man.,2139
coat,2139
"way,",2139
pávlovna,2139
therefore,2139
deep,2139
hearing,2139
farther,2139
"smile,",2139
society,2139
addressing,2139
remarked,2139
"too,",2108
way.,2108
according,2108
"emperor,",2108
lived,2108
corner,2108
placed,2108
lying,2108
cannon,2108
"kutúzov,",2077
study,2077
"father,",2077
town,2077
hard,2077
it?”,2077
flank,2077
hope,2046
sense,2046
"horse,",2046
meant,2046
body,2046
day.,2046
generals,2046
real,2046
ball,2046
legs,2046
evident,2046
book,2046
count’s,2046
beautiful,2046
daughter,2015
friend,2015
please,2015
liked,2015
hussars,2015
french.,2015
simply,2015
send,2015
thin,2015
“there,2015
wearing,2015
“is,2015
walked,2015
silent,1984
said:,1984
"not,",1984
colonel,1984
dressing,1984
view,1984
austrian,1984
peace,1984
window,1984
formed,1984
arrived,1984
finished,1984
telling,1984
opinion,1984
affairs,1984
blue,1984
out.,1984
point,1984
nearer,1984
forget,1953
desire,1953
result,1953
"thought,",1953
wishing,1953
"down,",1953
fall,1953
smolénsk,1953
"wife,",1953
“now,1953
marry,1953
looks,1953
"house,",1953
true,1953
approached,1922
subject,1922
begun,1922
reading,1922
hussar,1922
low,1922
exclaimed,1922
cavalry,1922
nicholas.,1922
crossed,1922
one’s,1922
interest,1922
late,1922
gray,1922
brilliant,1922
(he,1922
"was,",1922
plan,1922
regard,1922
silently,1922
"oh,",1922
lifted,1922
"in,",1922
there’s,1922
"one,",1922
filled,1891
surrounded,1891
growing,1891
"dólokhov,",1891
threw,1891
peasant,1891
borodinó,1891
greater,1891
whispered,1891
country,1891
army.,1891
expecting,1891
onto,1891
“so,1891
express,1891
uniform,1891
occurred,1860
understanding,1860
before.,1860
sure,1860
sit,1860
"people,",1860
move,1860
gazing,1860
consciousness,1860
house.,1860
"general,",1860
poor,1860
grown,1860
sorry,1860
rostóvs,1860
rostóvs’,1860
"it,”",1860
bed,1860
try,1860
drawn,1860
means,1860
boy,1829
addressed,1829
bent,1829
dress,1829
captain,1829
pointed,1829
riding,1829
calm,1829
"so,",1829
hold,1829
law,1829
surprised,1798
yourself,1798
learned,1798
notice,1798
amid,1798
enter,1798
consider,1798
spread,1798
berg,1798
infantry,1798
carts,1798
bourienne,1798
company,1798
cross,1798
forces,1798
written,1798
quiet,1798
condition,1798
cossacks,1767
latter,1767
campaign,1767
ground,1767
whatever,1767
"here,",1767
dressed,1767
you’ll,1767
children,1767
event,1767
business,1767
me!”,1767
"herself,",1767
noticing,1736
rostóv’s,1736
shown,1736
dmítrievna,1736
“all,1736
future,1736
bare,1736
german,1736
"us,",1736
"she,",1736
nearly,1736
retreat,1736
fight,1736
personal,1736
possibility,1736
duty,1736
so.,1736
"borís,",1736
imagine,1736
effect,1736
enemy’s,1705
serious,1705
“don’t,1705
bowed,1705
actions,1705
thank,1705
firing,1705
glance,1705
service,1705
cut,1705
bright,1705
handed,1705
explain,1674
plain,1674
account,1674
gutenberg-tm,1674
pushed,1674
seven,1674
"regiment,",1674
person,1674
group,1674
figure,1674
relations,1674
foot,1674
avoid,1674
silence,1674
broken,1674
you’re,1674
caught,1674
idea,1674
silent.,1674
"door,",1674
pass,1674
highest,1643
slightly,1643
lit,1643
"hands,",1643
touched,1643
certainly,1643
minutes,1643
year,1643
"which,",1643
recognized,1643
"words,",1643
direction,1643
"moment,",1643
"back,",1643
laughing,1612
settled,1612
“where,1612
unknown,1612
convinced,1612
cossack,1612
"see,",1612
strong,1612
approaching,1612
effort,1612
all.,1612
"do,",1612
victory,1612
familiar,1612
begin,1612
"however,",1612
advanced,1612
caused,1612
men.,1612
mary’s,1581
"son,",1581
denísov’s,1581
stay,1581
hills,1581
down.,1581
sad,1581
six,1581
ranks,1581
stepped,1581
it?,1581
"mother,",1581
hill,1581
laid,1581
write,1581
higher,1581
child,1581
fate,1581
carry,1581
shoulders,1581
putting,1581
scarcely,1581
it!”,1581
"others,",1581
you.”,1550
act,1550
flushed,1550
heard.,1550
twenty,1550
sort,1550
cap,1550
hour,1550
rising,1550
say.,1550
"go,",1550
tíkhon,1550
shook,1550
blood,1550
pity,1550
regarded,1550
miles,1550
kill,1550
affair,1550
table.,1550
"horses,",1519
burning,1519
"war,",1519
entering,1519
comes,1519
story,1519
water,1519
wait,1519
you?”,1519
angrily,1519
step,1519
historical,1519
promised,1519
hurriedly,1519
big,1519
report,1488
assumed,1488
regimental,1488
denísov.,1488
visit,1488
path,1488
in.,1488
“your,1488
guards,1488
hands.,1488
lady,1488
heavy,1488
court,1488
ladies,1488
conscious,1488
offered,1488
fond,1457
"table,",1457
joy,1457
allow,1457
suffering,1457
it.”,1457
direct,1457
crossing,1457
"god,",1457
ashamed,1457
conditions,1457
drive,1457
returning,1457
directed,1457
michael,1457
appointed,1457
common,1457
burst,1457
early,1457
simple,1457
"road,",1457
emperor.,1457
dying,1426
"something,",1426
letters,1426
"battle,",1426
jumped,1426
spoken,1426
"off,",1426
needed,1426
leg,1426
she’s,1426
more.,1426
moment.,1426
awaiting,1426
mind.,1426
words.,1426
broke,1426
further,1426
cry,1426
recalled,1426
members,1426
"petersburg,",1426
listen,1426
back.,1426
post,1426
o’clock,1426
distance,1426
dead,1426
battery,1395
happen,1395
joined,1395
fallen,1395
laughed,1395
animated,1395
doubt,1395
people.,1395
wife’s,1395
merry,1395
that.,1395
party,1395
muttered,1395
twice,1395
relation,1395
"left,",1395
thrown,1395
sónya.,1395
"dear,",1395
chance,1395
arranged,1395
you!”,1395
march,1395
started,1395
bennigsen,1364
stern,1364
leading,1364
mouth,1364
"fire,",1364
glass,1364
excited,1364
surprise,1364
speránski,1364
hastily,1364
"officers,",1364
bound,1364
watched,1364
pretty,1364
recognize,1333
"be,",1333
bonaparte,1333
we’ll,1333
showing,1333
mass,1333
"why,",1333
thy,1333
apart,1333
flew,1333
me?,1333
“this,1333
didn’t,1333
playing,1333
master,1333
gathered,1333
married,1333
"morning,",1333
uttered,1333
due,1333
me?”,1333
mon,1333
enormous,1333
happens,1333
chair,1333
accompanied,1333
mother’s,1333
"continued,",1333
holy,1333
sign,1333
thousands,1333
carrying,1333
leaning,1333
unexpectedly,1333
raising,1333
firmly,1302
form,1302
opposite,1302
significance,1302
visitors,1302
necessity,1302
(the,1302
one.,1302
splendid,1302
"fellow,",1302
"but,",1302
off.,1302
me.”,1302
king,1302
grand,1302
wore,1302
matters,1302
join,1302
"side,",1302
"russia,",1302
julie,1302
stop,1302
right.,1271
"everything,",1271
greatest,1271
something.,1271
stand,1271
monsieur,1271
bear,1271
do.,1271
ride,1271
"contrary,",1271
played,1271
appear,1271
explained,1271
tea,1271
agitated,1271
joyful,1271
paid,1271
night.,1271
loud,1271
dólokhov’s,1271
polish,1271
"friend,",1271
le,1271
play,1271
rapid,1271
“not,1240
squadron,1240
suite,1240
forgive,1240
none,1240
(as,1240
sick,1240
“she,1240
outside,1240
movements,1240
paper,1240
admit,1240
apparently,1240
reports,1240
receive,1240
"more,",1240
officer.,1240
tall,1240
danger,1240
you?,1240
"to,",1240
tender,1240
artillery,1240
forest,1240
mentioned,1240
guests,1240
agree,1240
government,1240
“come,1240
considering,1240
kindly,1240
sofa,1240
pay,1240
god’s,1240
what’s,1240
"silent,",1240
"service,",1209
"pétya,",1209
previous,1209
tomorrow,1209
st.,1209
girls,1209
"love,",1209
reception,1209
"death,",1209
object,1209
sovereign,1209
realized,1209
nothing.,1209
other.,1209
however,1209
produced,1209
beg,1209
formerly,1209
rubles,1209
expect,1209
city,1209
spot,1209
blame,1209
abandoned,1209
receiving,1209
ago,1209
lead,1209
walking,1209
unpleasant,1209
“oh,1209
advance,1209
la,1209
commanders,1178
character,1178
estate,1178
particular,1178
green,1178
"him,”",1178
position.,1178
herself.,1178
"arm,",1178
imagined,1178
immense,1178
embraced,1178
instant,1178
serve,1178
nesvítski,1178
count.,1178
here?”,1178
accustomed,1178
road.,1178
frowning,1178
increased,1178
majesty,1178
"alone,",1178
allowed,1178
pressing,1178
connection,1178
easy,1178
sleep,1178
prove,1178
letting,1178
clever,1178
"anatole,",1178
“let,1178
"bolkónski,",1147
efforts,1147
chiefly,1147
this.,1147
"position,",1147
marriage,1147
spirit,1147
napoleon.,1147
definite,1147
"evening,",1147
confused,1147
intimate,1147
countess.,1147
carefully,1147
plans,1147
neck,1147
crowded,1147
august,1147
series,1147
care,1147
"once,",1147
doesn’t,1147
pávlovna’s,1147
die,1147
loss,1147
sun,1147
previously,1147
preparing,1147
serene,1147
“i’ll,1147
now.,1116
x,1116
moments,1116
marshal,1116
son’s,1116
hippolyte,1116
"world,",1116
iii,1116
others.,1116
prince.,1116
trembling,1116
natural,1116
petersburg.,1116
nodded,1116
wrong,1116
council,1116
managed,1116
maid,1116
sky,1116
burned,1116
fighting,1116
feelings,1116
similar,1116
servants,1116
save,1116
church,1116
saying.,1116
dare,1116
“who,1116
"nothing,",1116
informed,1116
karatáev,1116
countess’,1116
arrival,1116
captured,1116
touching,1116
fully,1116
fingers,1116
easily,1116
believed,1116
center,1116
borís.,1116
snow,1116
expression.,1116
appearance,1116
him;,1116
huge,1116
causes,1085
success,1085
shaking,1085
physical,1085
terms,1085
"mind,",1085
"themselves,",1085
"night,",1085
eye,1085
"bridge,",1085
porch,1085
impression,1085
v,1085
footman,1085
finding,1085
isn’t,1085
"saying,",1085
firm,1085
mean,1085
“uncle”,1085
intended,1085
porch.,1085
xi,1085
knowledge,1085
ceased,1085
feared,1085
died,1085
war.,1085
mounted,1085
him:,1085
boots,1085
it!,1085
"home,",1085
“one,1085
prince’s,1085
historic,1085
xii,1085
“then,1085
"round,",1085
complete,1085
circle,1054
motion,1054
vi,1054
purpose,1054
rich,1054
everything.,1054
"power,",1054
hung,1054
bolkónski.,1054
yard,1054
ix,1054
"action,",1054
minister,1054
beauty,1054
destroy,1054
"asked,",1054
"anything,",1054
ii,1054
"shoulders,",1054
1812,1054
keeping,1054
hide,1054
sighed,1054
stronger,1054
dólokhov.,1054
completely,1054
aside,1054
usually,1054
manner,1054
barclay,1054
respect,1054
forgotten,1054
vii,1054
anxious,1054
princess’,1054
"“why,",1054
"will,",1054
stupid,1054
madame,1054
period,1054
"look,",1054
shed,1054
she.,1054
interests,1054
soul.,1054
generally,1054
happening,1054
lower,1054
iv,1054
division,1054
sacrifice,1054
asleep,1054
charming,1054
"over,",1054
blushed,1054
viii,1054
xiv,1054
quietly,1054
demanded,1054
solemn,1054
laughter,1054
"soldier,",1054
shouts,1054
"other,",1054
midst,1054
street,1054
"affairs,",1023
"society,",1023
afterwards,1023
“in,1023
evening.,1023
losing,1023
inevitability,1023
repeating,1023
"woman,",1023
corps,1023
bilíbin,1023
was.,1023
princess.,1023
kiss,1023
friends,1023
place.,1023
wolf,1023
mood,1023
destroyed,1023
influence,1023
xvi,1023
me!,1023
anything.,1023
enough,1023
awaited,1023
i’ve,1023
science,1023
dron,1023
weak,1023
truth,1023
kurágin,1023
insisted,1023
"faces,",1023
armies,1023
worn,1023
millions,1023
occasionally,1023
"dinner,",1023
driving,1023
"thin,",1023
proposed,1023
"were,",1023
hat,1023
gesture,1023
stout,1023
tears.,1023
know.,1023
calling,1023
interested,1023
smell,1023
hut,1023
secret,1023
absence,1023
"cold,",992
xiii,992
sergeant,992
tsar,992
inhabitants,992
will.,992
eight,992
hot,992
houses,992
ordinary,992
tormented,992
chief.,992
"wounded,",992
reach,992
genius,992
reaching,992
unexpected,992
baggage,992
earth,992
heads,992
warm,992
somewhere,992
"bourienne,",992
leaned,992
say:,992
cheerful,992
gentlemen,992
us.,992
capture,992
moral,992
garden,992
reply.,992
slowly,992
ill,992
writing,992
political,992
thirty,992
follow,992
details,992
lie,992
death.,992
"began,",992
club,992
absorbed,992
dreadful,992
wood,992
"pale,",992
"orders,",992
shot,992
"family,",992
"kind,",992
stayed,992
kissing,992
reported,992
pulled,992
“are,992
wife.,961
lies,961
"place,",961
"word,",961
peter,961
kutúzov.,961
chest,961
"hair,",961
headquarters,961
sake,961
eh?”,961
battle.,961
shone,961
him.”,961
"shouted,",961
suffered,961
recognizing,961
is!”,961
him?”,961
broad,961
visible,961
else.,961
order.,961
proud,961
you’ve,961
singing,961
galloping,961
lifting,961
serfs,961
"coat,",961
go.,961
hall,961
bottle,961
hanging,961
"anyone,",961
experience,961
intention,961
"question,",961
quarters,961
xv,961
him!”,961
dinner.,961
innumerable,961
external,961
ridden,961
importance,961
nearest,930
thou,930
"done,",930
"boy,",930
possible.,930
touch,930
side.,930
opportunity,930
loving,930
eat,930
difficulty,930
nurse,930
falling,930
son.,930
younger,930
(she,930
incomprehensible,930
departure,930
today,930
"front,",930
realize,930
battalion,930
gentle,930
spiritual,930
streets,930
favorite,930
river,930
escape,930
crowd.,930
"mikháylovna,",930
"heart,",930
places,930
“go,930
consisted,930
"here,”",930
paused,930
household,930
túshin,930
beat,930
sister,930
game,930
devil,930
"bagratión,",930
estates,930
sónya’s,930
column,899
circumstances,899
“have,899
becoming,899
vienna,899
"troops,",899
"campaign,",899
rooms,899
vicomte,899
nicholas’,899
opening,899
winter,899
"commander,",899
united,899
gate,899
action.,899
russia.,899
"russians,",899
watching,899
horror,899
diplomatic,899
sought,899
official,899
distinguished,899
"bed,",899
engagement,899
paces,899
soft,899
papers,899
friendly,899
note,899
cry.,899
health,899
seen.,899
glittering,899
hours,899
sorrow,899
dancing,899
pushing,899
governor’s,899
“when,899
shoulder,899
concerning,899
served,899
columns,899
suppose,899
worse,899
balls,899
worthy,899
"arms,",899
dropped,868
ahead,868
question.,868
wet,868
essential,868
silence.,868
respectfully,868
peculiar,868
aroused,868
remarks,868
paced,868
dog,868
confusion,868
cloak,868
major,868
véra,868
"ground,",868
wants,868
extraordinary,868
"enemy,",868
closer,868
curiosity,868
soldiers.,868
gold,868
passage,868
arm.,868
break,868
ilyá,868
seated,868
inquiringly,868
box,868
ourselves,868
horse.,868
answering,868
changing,868
agreed,868
walk,868
ideas,868
hurried,868
pétya.,868
weary,868
frenchmen,868
mental,868
waited,868
"hélène,",868
busy,868
“for,868
forty,868
accepted,868
chosen,868
nations,868
transferred,837
icon,837
troops.,837
demand,837
entirely,837
throwing,837
adjutants,837
loudly,837
facing,837
shirt,837
“very,837
tone.,837
saved,837
happiness.,837
driven,837
mention,837
marrying,837
below,837
"long,",837
(2),837
unnatural,837
“on,837
swaying,837
lines,837
street.,837
suggested,837
staying,837
electronic,837
noise,837
too.,837
on!”,837
capital,837
dangerous,837
aide-de-camp,837
makes,837
(who,837
music,837
weeks,837
eldest,837
pfuel,837
supper,837
offended,837
glory,837
lad,837
restrain,837
"else,",837
"when,",837
sides.,837
cards,837
delicate,837
works,837
"come,",837
dull,837
be.,837
ruined,837
proved,837
invited,837
advantage,837
hélène’s,837
"young,",837
sympathy,837
“as,837
arrange,837
reasons,837
heart.,837
answer.,837
"rose,",837
daughter’s,837
round.,837
regular,837
english,837
habit,837
marching,837
"dress,",837
love.,837
attentively,837
darkness,837
home.,837
fit,837
“what’s,837
"talk,",837
"reply,",837
wound,837
"good,",837
"alpátych,",837
"women,",837
dared,837
understand.,837
daniel,837
prevent,806
thick,806
grow,806
"brother,",806
bore,806
lose,806
sang,806
shrugged,806
"together,",806
joseph,806
“well,806
“he’s,806
seat,806
to.,806
"order,",806
spring,806
"chief,",806
study.,806
blow,806
mysterious,806
throw,806
fought,806
gallop,806
"air,",806
prepare,806
camp,806
father.,806
"of,",806
(which,806
announced,806
seizing,806
journey,806
smiled.,806
removed,806
"work,",806
utter,806
gun,806
entrusted,806
people’s,806
excellent,806
"suddenly,",806
heaven,806
resolute,806
false,806
finish,806
husband.,806
horses.,806
doctors,806
seeking,806
ones,806
destruction,806
highness,806
slight,806
"think,",806
work.,806
eager,806
directly,806
knoll,806
added.,806
pace,806
share,806
assume,806
vasíli’s,775
that?”,775
unconsciously,775
"generals,",775
based,775
humanity,775
sounded,775
interview,775
"vasíli,",775
worth,775
fires,775
arms.,775
regiment.,775
fifteen,775
"money,",775
views,775
hundreds,775
bending,775
spectacles,775
abandon,775
valet,775
pain,775
divine,775
ears,775
aware,775
gloomy,775
painful,775
inquired,775
lightly,775
excitement,775
"pávlovna,",775
offer,775
explanation,775
refuse,775
wine,775
private,775
badly,775
crowds,775
morning.,775
cart,775
"about,",775
swayed,775
"ah,",775
carriages,775
expressing,775
"past,",775
closely,775
"daughter,",775
satisfied,775
clean,775
floor,775
forced,775
murat,775
speech,775
judge,775
"prisoners,",775
desired,775
intently,775
meanwhile,775
"husband,",775
him?,775
"legs,",775
value,775
forehead,775
"i,",775
“hurrah!”,775
obtain,775
abandoning,775
"events,",775
gutenberg,775
attacked,775
address,775
related,775
wheels,744
equal,744
evil,744
engaged,744
mávra,744
plump,744
plainly,744
"stopped,",744
separated,744
everywhere,744
"smoke,",744
fat,744
mingled,744
begged,744
town.,744
him!,744
"own,",744
anatole.,744
admitted,744
exactly,744
duke,744
fourth,744
"forward,",744
accept,744
advancing,744
dry,744
"borodinó,",744
europe,744
"excellency,”",744
persons,744
handkerchief,744
wishes,744
excuse,744
xvii,744
thus,744
"cried,",744
flying,744
"besides,",744
spend,744
cost,744
fifty,744
mustache,744
hid,744
"understand,",744
dragged,744
public,744
boguchárovo,744
"crowd,",744
"foot,",744
flight,744
guard,744
treated,744
"lips,",744
masses,744
helped,744
xix,744
"doctor,",744
"staff,",744
final,744
chief’s,744
constantly,744
bezúkhov,744
sleigh,744
described,744
"berg,",744
picked,744
"german,",744
"heard,",744
nobody,744
dining,744
austerlitz,744
draw,744
kalúga,744
nice,744
"honor,",744
tired,744
joyfully,744
memory,744
"town,",744
xviii,744
inner,713
belonged,713
battlefield,713
it;,713
insignificant,713
retired,713
davout,713
welfare,713
own.,713
we’re,713
appears,713
perfectly,713
eagerly,713
you!,713
together.,713
essence,713
satisfaction,713
wide,713
wrapped,713
orderly,713
here.,713
god!,713
bringing,713
haven’t,713
rate,713
"ball,",713
paused.,713
"silence,",713
disappeared,713
mamma,713
sank,713
hoped,713
needs,713
"excellency,",713
fields,713
tied,713
"know,”",713
"guards,",713
rows,713
"are,",713
active,713
"carriage,",713
over.,713
"quickly,",713
autumn,713
catch,713
france,713
sternly,713
approach,713
shevárdino,713
whistling,713
vividly,713
social,713
bullets,713
joyous,713
"window,",713
alone.,713
anger,713
cease,713
adjutant.,713
trees,713
joy.,713
piece,713
passionate,713
past.,713
"ready,",713
"girl,",713
delight,713
laughing.,713
governor,713
intellectual,713
“only,713
mother.,713
feels,713
trouble,713
"sir,",713
"uniform,",713
"company,",713
lift,713
"hussars,",713
look.,713
gown,713
quick,713
striking,713
alexéevich,713
pipe,713
"smiling,",713
drink,713
universal,713
laugh,713
rules,713
profound,713
indicating,713
awkward,713
amused,713
timidly,713
empty,713
parts,682
“at,682
"sister,",682
servant,682
"command,",682
officer’s,682
space,682
october,682
men’s,682
explaining,682
promise,682
"impossible,",682
imperial,682
softly,682
service.,682
stepping,682
"history,",682
“can,682
newly,682
timid,682
power.,682
attention.,682
thanks,682
deal,682
summer,682
clouds,682
screamed,682
rolled,682
acquaintances,682
dissatisfied,682
compared,682
society.,682
convoy,682
food,682
lives,682
takes,682
pulling,682
began.,682
setting,682
fire.,682
"letter,",682
"expression,",682
portrait,682
permission,682
prayed,682
them.”,682
"children,",682
pray,682
"handsome,",682
hair.,682
enemy.,682
“tell,682
imagination,682
dirty,682
"adjutant,",682
"same,",682
fetch,682
animal,682
proper,682
distinguish,682
à,682
bowing,682
acted,682
woman.,682
sprang,682
lowered,682
let’s,682
charge,682
motionless,682
"conversation,",682
choose,682
mere,682
police,682
descended,682
collective,682
edge,682
charm,682
"peasants,",682
“just,682
waved,682
property,682
“dear,682
peoples,682
goes,682
replied.,682
breaking,682
vous,682
"march,",682
gives,682
remaining,682
stopped.,682
well.,682
wind,682
inform,682
instantly,682
eyebrows,682
interesting,682
delighted,682
attitude,682
pacing,682
about.,682
seek,682
"small,",682
comrades,682
dolgorúkov,682
east,682
daughter.,682
things.,682
reminded,682
naïve,682
reflected,682
agitation,682
lieutenant,651
art,651
her.”,651
smilingly,651
lack,651
steps.,651
ball.,651
beaten,651
"suite,",651
commanded,651
come.,651
senseless,651
world.,651
"says,",651
is!,651
couple,651
paris,651
stationed,651
"all,”",651
agreeable,651
hounds,651
obtained,651
foreign,651
letter.,651
regiments,651
coachman,651
visitor,651
radiant,651
"“now,",651
"plan,",651
prisoner,651
done.,651
beneath,651
shoulders.,651
uhlans,651
"present,",651
"repeated,",651
issued,651
whip,651
window.,651
"sides,",651
train,651
"child,",651
sobs,651
figures,651
indicated,651
attached,651
teach,651
established,651
terror,651
inevitable,651
useless,651
hurt,651
finally,651
"lady,",651
comfort,651
bagratión’s,651
laughed.,651
not.,651
week,651
serving,651
"reason,",651
"short,",651
months,651
attracted,651
hastened,651
fault,651
"cause,",651
concerned,651
breathing,651
rostopchín’s,651
teeth,651
ancient,651
danced,651
domestic,651
otrádnoe,651
spirits,651
torn,651
shining,651
rarely,651
repeat,651
information,651
declared,651
lip,651
reproach,651
wagons,651
resolved,651
supposed,651
friendship,651
start,651
stories,651
minute,651
connected,620
...,620
doubts,620
groups,620
existence,620
slept,620
same.,620
"water,",620
conviction,620
infinite,620
childish,620
gradually,620
instructions,620
drank,620
month,620
heat,620
forgetting,620
"years,",620
stone,620
struggle,620
laugh.,620
"strange,",620
"véra,",620
conclusion,620
devoted,620
frowned,620
hidden,620
"possible,",620
elderly,620
mile,620
thrust,620
detachment,620
greatly,620
commands,620
aunt,620
courier,620
commanding,620
fired,620
silver,620
emperors,620
"happy,",620
family.,620
"paused,",620
ivánovich,620
o,620
pávlograd,620
clothes,620
italian,620
west,620
deeply,620
entrance,620
"much,",620
matter.,620
knees,620
breast,620
"behind,",620
fifth,620
"master,",620
retreating,620
gracious,620
exhausted,620
cruel,620
grasp,620
"mamma,",620
stopping,620
memories,620
hollow,620
age,620
exchanged,620
dragging,620
nine,620
hospital,620
equally,620
yesterday,620
"count,”",620
lavrúshka,620
until,620
search,620
cleared,620
“will,620
for?”,620
baby,620
finger,620
"matter,",620
good-natured,620
"rostopchín,",620
walls,620
results,620
impossible.,620
tenderness,620
bed.,620
steward,620
word.,620
"“yes,”",620
killing,620
referred,620
advised,620
anyone.,620
“thank,620
"surprise,",620
repeated.,620
authority,620
gained,620
woman’s,620
narrow,620
conceal,620
pistol,620
assembled,620
redoubt,620
"smiled,",620
“of,620
watch,589
commander.,589
shut,589
wall,589
uncle,589
burn,589
dispositions,589
smiling.,589
starting,589
"fear,",589
rid,589
copyright,589
officers.,589
"peace,",589
"feet,",589
rank,589
famous,589
remark,589
themselves.,589
on!,589
uniforms,589
powerful,589
"tall,",589
"please,",589
marched,589
bit,589
delay,589
alarm,589
"mouth,",589
reign,589
majestic,589
avoided,589
ease,589
fast,589
"thoughts,",589
sending,589
“good,589
attain,589
days.,589
sees,589
possessed,589
illness,589
dokhtúrov,589
control,589
dignity,589
"line,",589
inevitably,589
ballroom,589
companion,589
hiding,589
added:,589
rapturous,589
"dear,”",589
purse,589
peace.,589
"still,",589
"old,",589
encounter,589
brightly,589
about?”,589
bow,589
respectful,589
gaze,589
youth,589
sleeves,589
"houses,",589
absolutely,589
(it,589
melancholy,589
concentrated,589
mercy,589
separate,589
"rest,",589
square,589
theory,589
obliged,589
heavily,589
nose,589
pretext,589
pair,589
obvious,589
advice,589
forgot,589
rang,589
"late,",589
bridge.,589
"hill,",589
"frenchman,",589
rear,589
examining,589
i’d,589
accounts,589
ventured,589
general.,589
wouldn’t,589
borzois,589
"truth,",589
wealthy,589
refused,589
excellency,589
remains,589
palace,589
elder,589
glances,589
"captain,",589
concluded,589
footsteps,589
"did,",589
strongly,589
sword,589
european,589
gay,589
nonsense,589
“here,589
examined,589
confirmed,589
"duty,",589
"boguchárovo,",589
alexander’s,589
gaily,589
sole,589
duties,558
naked,558
entered.,558
devotion,558
shame,558
germans,558
constant,558
krásnoe,558
"yes,”",558
acquaintance,558
curly,558
using,558
sincerely,558
woke,558
"quiet,",558
favor,558
arakchéev,558
upper,558
animation,558
hopes,558
sum,558
no!,558
behind.,558
"prince,”",558
gentleman,558
for?,558
eh?,558
makár,558
"large,",558
"“but,",558
coach,558
readiness,558
responsibility,558
husband’s,558
"village,",558
thereby,558
courage,558
tail,558
conversation.,558
tree,558
"steps,",558
signs,558
"feelings,",558
militia,558
platón,558
"tears,",558
"“there,",558
distant,558
obviously,558
brothers,558
"is,”",558
voices.,558
childlike,558
fly,558
"asleep,",558
masonic,558
"right,”",558
worst,558
presents,558
bought,558
built,558
brother’s,558
quarter,558
"field,",558
"true,",558
bold,558
"“come,",558
xx,558
"calm,",558
grief,558
rosy,558
preparations,558
summoned,558
"retreat,",558
willarski,558
defend,558
"river,",558
left.,558
risen,558
degree,558
succeeded,558
god.,558
prayer,558
lot,558
pas,558
directions,558
faith,558
slender,558
soldier.,558
hoping,558
this?”,558
"or,",558
brows,558
borís’,558
passage.,558
"serfs,",558
drops,558
accord,558
notes,558
land,558
role,558
seize,558
“o,558
significant,558
dragoons,558
"itself,",558
fled,558
surprise.,558
saving,558
shade,558
cheeks,558
et,558
they’ve,558
dessalles,558
unite,558
haste,558
yes!,558
mild,558
modern,558
guessed,558
"later,",558
“i’m,558
ringing,558
sobs.,558
reality,558
bells,558
mist,558
pétya’s,558
ryazán,558
"hills,",558
turns,558
executed,558
"for,",558
loaded,558
candle,558
"youth,",527
traveling,527
"first,",527
hurry,527
papa,527
"ha,",527
preoccupied,527
borodinó.,527
"tíkhon,",527
they’re,527
"country,",527
shouted.,527
fancy,527
progress,527
corporal,527
uttering,527
toll,527
"victory,",527
much.,527
them!”,527
"by,",527
capable,527
stuck,527
sleeping,527
"entered,",527
armchair,527
bourienne.,527
superior,527
"russian,",527
stick,527
proclamation,527
itself.,527
replying,527
hostile,527
visited,527
tranquil,527
vague,527
contempt,527
failed,527
obey,527
wept,527
for.,527
"bennigsen,",527
"chair,",527
elbow,527
ilyín,527
au,527
"firing,",527
"so,”",527
passionately,527
that?,527
throat,527
capacity,527
personally,527
harm,527
arose,527
bees,527
"light,",527
height,527
"felt,",527
tiptoe,527
inquiring,527
band,527
birch,527
"alexander,",527
fun,527
shawl,527
source,527
messenger,527
(1),527
tarútino,527
saddle,527
“because,527
ermólov,527
"sofa,",527
bezúkhov’s,527
you...,527
“you’re,527
"body,",527
settle,527
hélène.,527
front.,527
candles,527
forward.,527
"course,",527
facts,527
sons,527
light.,527
"activity,",527
cloud,527
produce,527
waking,527
"sleep,",527
unfortunate,527
musketry,527
vílna,527
friend’s,527
match,527
hay,527
feeble,527
yards,527
battalions,527
moves,527
wake,527
"gown,",527
affectionate,527
questioned,527
deserted,527
so-called,527
current,527
dam,527
painfully,527
lesser,527
affairs.,527
bagratión.,527
assurance,527
smooth,527
stranger,527
“uncle’s”,527
"bonaparte,",527
vexed,527
arranging,527
deprived,527
honored,527
lips.,527
respected,527
class,527
recalling,527
words:,527
guilty,527
elbows,527
paying,527
specially,527
ground.,527
hero,527
stared,527
"little,",527
end.,527
"myself,",527
habitual,527
supposing,527
saber,527
indifferent,527
they’ll,527
"neck,",527
lofty,527
to?”,527
"laughing,",527
"replied,",527
shots,527
performed,527
russian.,527
judging,527
mozháysk,527
joining,527
individual,527
anxiety,527
weaker,527
"things,",527
good.,527
bench,496
dozen,496
priest,496
"frightened,",496
them;,496
perfect,496
regardless,496
doctor’s,496
hurrying,496
cadet,496
"health,",496
partner,496
duel,496
"movement,",496
"soul,",496
"maid,",496
occur,496
resting,496
doors,496
day’s,496
wide-open,496
strangely,496
“has,496
desperate,496
this:,496
drunken,496
top,496
rapidity,496
rush,496
"presence,",496
once.,496
existed,496
laughter.,496
speránski’s,496
"guests,",496
nobility,496
"name,",496
"smolénsk,",496
footmen,496
nowhere,496
threatening,496
dimly,496
truth.,496
represented,496
soldiers’,496
spurs,496
circles,496
knocked,496
upset,496
decide,496
seconds,496
physically,496
"“natásha,",496
punish,496
refrain,496
"voices,",496
dust,496
sobbing,496
"suffering,",496
hoofs,496
“be,496
"ilyín,",496
you’d,496
"cap,",496
patriotic,496
silk,496
characteristic,496
describe,496
raise,496
gets,496
appointment,496
he’ll,496
avoiding,496
occupy,496
flourishing,496
pocket,496
depends,496
city.,496
-,496
“what?,496
nation,496
joke,496
severe,496
states,496
concealed,496
rolling,496
"high,",496
"there,”",496
"new,",496
introduced,496
túshin’s,496
louis,496
confidence,496
kuzmínichna,496
vexation,496
"effort,",496
"sighed,",496
sinking,496
que,496
"laughter,",496
searching,496
uneasily,496
loose,496
"fellow,”",496
prominent,496
"now,”",496
bolkónski’s,496
“no,496
balashëv’s,496
mistake,496
pávlovna.,496
naturally,496
militiamen,496
still.,496
ago.,496
"good-by,",496
"muttered,",496
calmly,496
cried.,496
continue,496
precious,496
did.,496
well-known,496
"free,",496
song,496
glow,496
resolution,496
gerásim,496
"nose,",496
spare,496
larger,496
finishing,496
armed,496
weakness,496
speak.,496
"yourself,",496
boldly,496
collected,496
"step,",496
sharply,496
aid,496
"moreover,",496
"knew,",496
drop,496
practical,496
consequently,496
“god,496
alive,496
scattered,496
"them,”",496
lasted,496
gates,496
"cry,",496
defeat,496
"strength,",496
enjoyed,496
whistle,496
"that,”",496
"ladies,",496
depths,496
vasíli.,496
amazed,496
presence.,496
affected,496
recollection,496
noble,496
continued.,496
eating,496
agreement,496
"colonel,",496
xxi,496
true.,496
"fight,",465
"cloak,",465
admitting,465
wiped,465
"news,",465
"wish,",465
complex,465
movement.,465
leather,465
wood.,465
usual.,465
battles,465
austria,465
sea,465
greeted,465
beating,465
times.,465
unconscious,465
around.,465
virtue,465
rested,465
“please,465
choice,465
parents,465
long.,465
“wait,465
covering,465
friend.,465
arrive,465
collar,465
"arakchéev,",465
revolution,465
shoulder.,465
brave,465
wooden,465
provisions,465
ring,465
boy.,465
alpátych.,465
confess,465
building,465
energy,465
questioning,465
dance,465
"guns,",465
aren’t,465
"usual,",465
hers,465
amusing,465
inside,465
huntsman,465
wretched,465
beaming,465
pretended,465
belonging,465
histories,465
snuffbox,465
"today,",465
nature,465
rain,465
catching,465
goodness,465
missed,465
mentally,465
bushes,465
longed,465
hunt,465
“look,465
"might,",465
fulfill,465
chairs,465
request,465
accomplished,465
support,465
section,465
roar,465
bread,465
"kindly,",465
double,465
secure,465
pure,465
calèche,465
hoarse,465
"teeth,",465
stretched,465
foundation,465
merged,465
actual,465
prevented,465
matters.,465
glass.,465
welcomed,465
impending,465
win,465
fixedly,465
cares,465
“give,465
dream,465
"killed,",465
vast,465
merrily,465
discussed,465
"concluded,",465
roused,465
depended,465
whisper.,465
ma,465
irony,465
zherkóv,465
fool,465
highroad,465
"street,",465
general’s,465
"bad,",465
carriage.,465
glittered,465
rustle,465
card,465
"sake,",465
"study,",465
drunk,465
pack,465
stir,465
powers,465
business.,465
astonished,465
horrified,465
including,465
hatred,465
subtle,465
involuntary,465
murat’s,465
finds,465
remembering,465
arrived.,465
beausset,465
attacking,465
"camp,",465
rubbing,465
behave,465
fur,465
customary,465
"tone,",465
conversations,465
endure,465
resolutely,465
sincere,465
"dmítrievna,",465
slightest,465
schön,465
lowering,465
louder,465
independent,465
villages,465
go!”,465
weather,465
"bezúkhov,",465
decisive,465
learn,465
cases,465
"party,",465
committed,465
"feeling,",465
"happened,",465
dmítrievna.,465
member,465
"balashëv,",465
prussia,465
crowding,465
horse’s,465
devised,465
"freedom,",465
"days,",465
wonderful,465
"distance,",465
reward,465
muttering,465
attendance,465
musket,465
vainly,465
grant,465
independently,465
maids,465
vehicles,465
conflict,465
retire,465
manage,465
tells,465
seriously,465
likely,465
behaved,465
there.”,465
yard.,465
arguments,434
anísya,434
news.,434
briskly,434
company.,434
highly,434
distance.,434
cap.,434
grateful,434
vanity,434
length,434
"nurse,",434
wattle,434
hungry,434
ruin,434
quickly.,434
anteroom,434
replaced,434
today.,434
shouldn’t,434
les,434
rhetor,434
process,434
history.,434
different.,434
bodies,434
dissatisfaction,434
"bit,",434
bedroom,434
dealt,434
observed,434
distorted,434
exercise,434
dreamed,434
line.,434
"wolf,",434
replied:,434
required,434
reputation,434
"lost,",434
campaign.,434
cutting,434
happened.,434
main,434
sufficient,434
sparkling,434
thinks,434
recent,434
possession,434
diverse,434
dunyásha,434
hare,434
olmütz,434
proof,434
straining,434
smoke.,434
arrangements,434
activity.,434
“prince,434
relief,434
frame,434
‘i,434
dress.,434
dropping,434
sixth,434
coat.,434
"shoulder,",434
danger.,434
dined,434
"exclaimed,",434
uncomfortable,434
burden,434
"talking,",434
events.,434
stretching,434
destroying,434
debts,434
ilágin,434
"battery,",434
cries,434
polite,434
trembled,434
submit,434
pose,434
contrast,434
cunning,434
buonaparte,434
imagining,434
transport,434
flèches,434
sigh.,434
emotion,434
gate.,434
"breast,",434
"fine,",434
yes!”,434
relating,434
proposal,434
regret,434
do?,434
attentive,434
so!”,434
here?,434
leaves,434
wall.,434
"laugh,",434
forces.,434
(in,434
"porch,",434
books,434
lads!”,434
"carts,",434
intimacy,434
"túshin,",434
"space,",434
“with,434
possibly,434
flung,434
wiping,434
event.,434
anywhere,434
rose.,434
"lord,",434
you...”,434
ever.,434
verses,434
continuing,434
pleasure.,434
pictured,434
freedom.,434
"thing,",434
"remember,",434
readily,434
"wood,",434
hunting,434
displeased,434
soldier’s,434
containing,434
reproached,434
scared,434
"manner,",434
rumors,434
donations,434
guided,434
aside.,434
"tea,",434
revealed,434
path.,434
contemptuously,434
waving,434
folded,434
rule,434
“ah!,434
exist,434
"pleasure,",434
drissa,434
now?”,434
loves,434
"going,",434
advantages,434
mud,434
(this,434
"red,",434
want?”,434
commencement,434
cheek,434
unless,434
of.,434
distinctly,434
lodge,434
"corner,",434
"ranks,",434
"two,",434
ate,434
screwed,434
angrily.,434
perform,434
somewhat,434
“from,434
fearing,434
dense,434
dmítrievna’s,434
icons,434
working,434
xxii,434
"stout,",434
await,434
affection,434
"“eh,",434
supplies,434
dresses,434
halted,434
self-confident,434
curtain,434
shows,434
inspired,434
esaul,434
by.,434
row,434
sofa.,434
inviting,434
blushing,434
"go,”",434
staff.,434
heroic,434
"clear,",434
closing,434
campfires,434
asleep.,434
demands,434
adopted,434
speed,434
resist,434
flashed,403
awoke,403
"“go,",403
m.,403
late.,403
drowned,403
floor.,403
thing.,403
unusual,403
rostóvs.,403
dealing,403
termed,403
buy,403
"sir,”",403
drinking,403
me...,403
luck,403
aloud,403
dusty,403
timókhin,403
"journey,",403
"instant,",403
extremely,403
(that,403
tranquillity,403
milorádovich,403
"god,”",403
"snow,",403
discuss,403
attained,403
wars,403
material,403
"appeared,",403
innocent,403
"“sónya,",403
shrugging,403
mob,403
"really,",403
weyrother,403
"sad,",403
spreading,403
feeling.,403
handing,403
happy.,403
"pause,",403
bands,403
maintain,403
damp,403
actually,403
"force,",403
careful,403
attempt,403
reflection,403
overtook,403
child.,403
"yet,",403
trot,403
treat,403
moment’s,403
"box,",403
"flank,",403
"zherkóv,",403
divided,403
assured,403
perplexity,403
archive,403
forms,403
detail,403
thanked,403
civil,403
impulse,403
irritated,403
"historians,",403
do?”,403
michaud,403
arrested,403
sudden,403
hate,403
attributed,403
"wall,",403
anxiously,403
dismounted,403
acting,403
anatole’s,403
harness,403
roll,403
battery.,403
feminine,403
referring,403
"speak,",403
tones,403
bourienne’s,403
forever,403
her!”,403
acquainted,403
instinctively,403
thoughts.,403
boots.,403
"rostóvs,",403
attended,403
right!”,403
splashing,403
slipping,403
"acquaintances,",403
observe,403
trap,403
“there’s,403
associated,403
"austerlitz,",403
grown-up,403
examine,403
shared,403
arriving,403
latest,403
wonder,403
drooping,403
“take,403
problem,403
abandonment,403
"circumstances,",403
atmosphere,403
extended,403
considerations,403
despair,403
flames,403
"received,",403
come!”,403
eve,403
"move,",403
regarding,403
"what,",403
difficulties,403
excellency!”,403
balagá,403
perished,403
"understand,”",403
nose.,403
mikháylovna.,403
nonsense!”,403
advantageous,403
sixteen,403
heights,403
pelagéya,403
women.,403
kiev,403
"hut,",403
defined,403
hearts,403
"case,",403
everyone.,403
shed.,403
"france,",403
defense,403
sweet,403
"earth,",403
first.,403
observation,403
fellows,403
“get,403
asks,403
literary,403
"forest,",403
"“mamma,",403
downcast,403
god!”,403
"report,",403
"answer,",403
myself.,403
greatness,403
master’s,403
absolute,403
man.”,403
"times,",403
doctor.,403
batteries,403
bandaged,403
"last,",403
delightful,403
checked,403
blocking,403
happen.,403
abroad,403
unlike,403
children.,403
limited,403
empress,403
george,403
conduct,403
whisper,403
"saber,",403
standard,403
paragraph,403
smart,403
feet.,403
flattered,403
"gentlemen,",403
bosom,403
"cossack,",403
"brothers,",403
enthusiasm,403
quivering,403
better.,403
animals,403
"friends,",403
her;,403
muddy,403
bank,403
master.,403
groom,403
irresistible,403
"rubles,",403
now!,403
roads,403
historian,403
stooped,403
"speech,",403
wanted.,403
"wrong,",403
beauty.,403
shan’t,403
"around,",403
exception,403
"end,",403
offering,403
losses,403
rough,403
windows,403
worried,372
pride,372
someone.,372
freemasonry,372
"laws,",372
"rooms,",372
engrossed,372
leave.,372
"hall,",372
"abroad,",372
"tomorrow,",372
why?,372
exchanging,372
rise,372
beast,372
pictures,372
shoes,372
"dull,",372
rare,372
rubbed,372
hinder,372
assistant,372
"warm,",372
preserve,372
tattered,372
free.,372
altered,372
directing,372
inquiry,372
occurs,372
belong,372
"armchair,",372
porter,372
"this,”",372
crying,372
"squadron,",372
oh,372
either.,372
gain,372
prussian,372
"pfuel,",372
cast,372
"agitation,",372
sleep.,372
realizing,372
forth,372
"everybody,",372
seventh,372
all.”,372
becomes,372
velvet,372
amiable,372
weep,372
neck.,372
"matters,",372
knee,372
"ones,",372
"gone,",372
example,372
"great,",372
"thousand,",372
contradiction,372
task,372
sing,372
nervous,372
bonaparte’s,372
patted,372
exists,372
days’,372
method,372
water.,372
cannonade,372
advance.,372
talks,372
comparison,372
“our,372
country.,372
chances,372
"timókhin,",372
passion,372
tenderly,372
clutching,372
phrase,372
region,372
fortnight,372
complicated,372
whenever,372
borne,372
heroes,372
doing.,372
here’s,372
useful,372
sharp,372
feather,372
"speaking,",372
whispering,372
"arrived,",372
wave,372
(3),372
reason.,372
"icons,",372
"angrily,",372
deeper,372
sleepy,372
fox,372
greeting,372
fingers.,372
pink,372
krémlin,372
coarse,372
"advance,",372
culture,372
prisoners.,372
"pretty,",372
disliked,372
cup,372
appreciated,372
discussion,372
oneself,372
partly,372
her?”,372
right!,372
"carriages,",372
body.,372
pratzen,372
oak,372
hum,372
difference,372
habits,372
brightened,372
story.,372
"genius,",372
rulers,372
indifference,372
reference,372
parties,372
answers,372
beloved,372
continual,372
cause.,372
national,372
conversing,372
frost,372
(and,372
senior,372
“perhaps,372
what?”,372
"1812,",372
witnessed,372
drummer,372
color,372
fellow!,372
disorder,372
"alive,",372
clerk,372
dogs,372
feverish,372
"september,",372
rejoined,372
serf,372
attractive,372
corners,372
dashed,372
"bilíbin,",372
"her,”",372
muskets,372
gleamed,372
picket,372
artificial,372
coldly,372
noncommissioned,372
slipped,372
nonsense!,372
committee,372
comprehensible,372
"event,",372
appearing,372
forests,372
“may,372
smoking,372
sensation,372
packing,372
infinitely,372
"frenchmen,",372
"bright,",372
recall,372
abbé,372
resembling,372
extreme,372
scene,372
flowed,372
review,372
threatened,372
nesvítski.,372
lord,372
retreated,372
rushing,372
opinions,372
taught,372
"nesvítski,",372
sleeve,372
realm,372
features,372
excitement.,372
reduced,372
describing,372
sooner,372
"weyrother,",372
"came,",372
so.”,372
representative,372
jealous,372
justify,372
"sorrow,",372
assure,372
courtyard,372
twitching,372
"uniforms,",372
unhappy,372
not?”,372
ecstatic,372
flow,372
resumed,372
congratulate,372
suite.,372
conceive,372
message,372
pretending,372
"sun,",372
"cossacks,",372
"aunt,",372
"flushed,",372
wait.,372
remote,372
noticeable,372
consideration,372
wrinkled,372
belief,372
license,372
lost.,372
fence,372
alliance,372
bind,372
solely,372
"aside,",372
june,372
awkwardly,372
est,372
"with,",372
sky.,372
decision,372
solitude,372
poetic,372
alike,372
voice:,372
justice,372
sister.,372
cyril,372
pull,372
"dolgorúkov,",372
there?”,372
frequently,372
hive,372
embrace,341
barrier,341
worked,341
nights,341
chestnut,341
speaking.,341
muscular,341
map,341
then?”,341
cook,341
spending,341
du,341
"sovereign,",341
"regiments,",341
mason,341
pause,341
ones.,341
"below,",341
escaped,341
jerked,341
folk,341
mikháylovna’s,341
firmness,341
il,341
course.,341
"weak,",341
kingdom,341
"fact,",341
vaguely,341
rostopchín.,341
"dead,",341
here!”,341
straw,341
"white,",341
"papers,",341
"affair,",341
intentions,341
authorities,341
bezúkhova,341
destroyed.,341
hill.,341
misfortune,341
unpleasantly,341
ship,341
stars,341
right?”,341
incessantly,341
attract,341
determined,341
way!”,341
access,341
bonaparte.,341
shout,341
field.,341
smiles,341
genius.,341
adored,341
lovely,341
hunger,341
"die,",341
attend,341
not?,341
reins,341
"steward,",341
then.,341
"infantry,",341
bilíbin’s,341
recently,341
regretted,341
die.,341
balance,341
counting,341
heaven’s,341
what?,341
level,341
ivánovna,341
produces,341
energetic,341
it....,341
someone’s,341
je,341
now.”,341
faces.,341
perspiring,341
awful,341
"1805,",341
terrified,341
tongue,341
dear!,341
perceptible,341
suppressed,341
"danger,",341
superintendent,341
contemptuous,341
aims,341
"happiness,",341
adjoining,341
magnanimity,341
"forehead,",341
smaller,341
“would,341
tipsy,341
admired,341
district,341
clavichord,341
other’s,341
vodka,341
so?,341
mine,341
"aide-de-camp,",341
future.,341
girl.,341
"campfires,",341
flowing,341
content,341
dependence,341
"prisoner,",341
"glass,",341
opposed,341
brief,341
urged,341
englishman,341
"mustache,",341
sigh,341
mustn’t,341
brushed,341
brotherhood,341
"orderly,",341
struggling,341
hurriedly.,341
quivered,341
invitation,341
numbers,341
is.,341
invented,341
"man,”",341
terribly,341
begun.,341
fatherland,341
commissariat,341
eternal,341
borzoi,341
wherever,341
purity,341
wax,341
"comrades,",341
bottom,341
away!”,341
be!”,341
pour,341
"gate,",341
fellow.,341
"different,",341
all!”,341
fear.,341
disturbed,341
check,341
worldly,341
seldom,341
cover,341
mistakes,341
accused,341
felt.,341
relate,341
entry,341
us.”,341
significance.,341
lighted,341
tight,341
"marshals,",341
rattle,341
resulting,341
ridicule,341
comrade,341
halting,341
strength.,341
"friend,”",341
sleepless,341
vorónezh,341
staring,341
filling,341
depth,341
brother.,341
ear,341
"forces,",341
frequent,341
enjoyment,341
overcoat,341
thoughtful,341
sacred,341
perception,341
simplest,341
troubled,341
unseen,341
visitor.,341
parted,341
consequence,341
invisible,341
time.”,341
strained,341
lighting,341
"despair,",341
wise,341
"darkness,",341
shoot,341
talk.,341
instinct,341
tenth,341
hesitation,341
money.,341
assigned,341
captain.,341
"hat,",341
samovar,341
wrinkles,341
pursued,341
rays,341
bleeding,341
"gentle,",341
frowned.,341
halfway,341
air.,341
i...,341
repeatedly,341
he?”,341
misfortunes,341
increasing,341
writes,341
"nonsense,",341
proving,341
tormenting,341
village.,341
sunk,341
"fellows,",341
list,341
"kings,",341
vent,341
"aim,",341
her?,341
preobrazhénsk,341
"beautiful,",341
"dancing,",341
picture,341
driver,341
packed,341
november,341
were.,341
ends,341
poured,341
wild,341
says:,341
"princess,”",341
intending,341
folds,341
children’s,341
excellency?”,341
"to,”",341
secrets,341
vanished,341
ancients,341
ammunition,341
puckered,341
"doubt,",341
impressions,341
smolénsk.,341
valued,341
"attention,",341
"whisper,",341
invasion,341
breeches,341
"club,",341
"see,”",341
un,341
crush,341
"ago,",341
commit,341
waves,341
theater,341
“i’ve,341
skillful,341
so?”,341
step.,341
"strong,",341
altogether,341
replies,341
vyázma,341
ribbon,341
"courage,",341
largest,341
officers’,341
grieved,341
career,341
sadly,341
himself:,341
deafening,341
another’s,341
wrong.,341
faster,341
boot,341
roof,341
dance.,341
"terrible,",341
saying:,341
streets.,341
"pleasant,",341
satisfaction.,341
towns,341
"footmen,",341
civilian,341
deprive,341
piercing,341
"vienna,",341
push,341
"yesterday,",341
gentry,341
youthful,341
softened,341
rostóva,341
breathless,341
"dismounted,",341
marriage.,341
"moved,",341
alarmed,341
archduke,341
wounded.,341
refusing,341
dispatch,341
execute,341
eighty,341
"part,",341
supper.,341
we’ve,341
george’s,341
mist.,341
branches,341
direction.,341
"view,",341
“we’ll,341
bullet,341
freshly,341
remarkable,341
inquired.,341
bast,341
"longer,",341
owing,341
"wine,",341
stooping,341
matter?”,341
incessant,341
"frowned,",341
"esaul,",341
about?,341
"anger,",341
seat.,310
"dessalles,",310
falls,310
passed.,310
resounded,310
"person,",310
tore,310
throughout,310
bewildered,310
constructed,310
hit,310
childhood,310
halt,310
sorts,310
trodden,310
stalls,310
temper,310
"everywhere,",310
downhill,310
combination,310
copy,310
present.,310
gesture.,310
"somewhere,",310
mítenka,310
avenue,310
detachments,310
"pass,",310
blows,310
applied,310
i?,310
envy,310
moaning,310
cousin,310
positions,310
"cheeks,",310
"could,",310
horses’,310
confined,310
variety,310
lively,310
page,310
"laughed,",310
yellow,310
ways,310
lock,310
meaningless,310
station,310
absent-minded,310
reading.,310
curiosity.,310
honorable,310
skin,310
religion,310
tsar’s,310
pursuit,310
swollen,310
"“good-by,",310
say?”,310
firing.,310
"rosy,",310
"instance,",310
gossip,310
"important,",310
vicious,310
(a,310
snatched,310
politeness,310
jaw,310
sunshine,310
sheet,310
stillness,310
awake,310
herd,310
"fingers,",310
fancied,310
embarrassment,310
quietly.,310
majority,310
"happens,",310
fix,310
occasion,310
orders.,310
christmas,310
sorrow.,310
approved,310
peaceful,310
receives,310
"wolzogen,",310
fleeing,310
"too,”",310
quarrel,310
faint,310
are!”,310
"confusion,",310
xxiii,310
animated.,310
véra.,310
hussars.,310
rendered,310
attending,310
puckering,310
"heads,",310
neighboring,310
taste,310
enemies,310
twelve,310
clung,310
"dron,",310
concealing,310
"business,",310
lifeless,310
minds,310
shaggy,310
think?,310
pressure,310
"nature,",310
inquiries,310
undertake,310
"jacket,",310
overtake,310
slip,310
"estate,",310
"floor,",310
yákov,310
(for,310
"had,",310
joys,310
"married,",310
"away,”",310
"krémlin,",310
"father,”",310
flattering,310
moscow?,310
failing,310
forming,310
excellency.”,310
learning,310
hills.,310
flesh,310
marshals,310
easier,310
definitely,310
otherwise,310
purple,310
golden,310
original,310
"listen,",310
september,310
pathetic,310
there!,310
"lad,",310
depend,310
execution,310
masters,310
glasses,310
icon.,310
telyánin,310
maintained,310
"cart,",310
suitable,310
túshin.,310
him...,310
wheel,310
recovered,310
harmful,310
arouse,310
follows,310
"questions,",310
challenge,310
"eh,",310
thoroughly,310
"illness,",310
questions.,310
"balls,",310
bass,310
"ballroom,",310
pause.,310
interrupting,310
conducted,310
darling,310
evoked,310
wondered,310
"simple,",310
moist,310
"shouts,",310
self-sacrifice,310
mouth.,310
virtuous,310
host,310
caps,310
approval,310
"firm,",310
connections,310
"leg,",310
glowing,310
announce,310
contradict,310
solemnly,310
momentary,310
catherine,310
contented,310
severely,310
"destroyed,",310
yesterday’s,310
emptied,310
rest.,310
"rapidly,",310
"rich,",310
"seen,",310
hesitating,310
gently,310
proportion,310
lights,310
"speránski,",310
preceding,310
recover,310
endless,310
acquired,310
select,310
"angry,",310
constitutes,310
finish.,310
"movements,",310
plunged,310
missing,310
powdered,310
"fell,",310
tucked,310
apparent,310
"paris,",310
personages,310
“vive,310
exchange,310
simplicity,310
restored,310
"shouting,",310
guerrilla,310
provided,310
l’empereur!”,310
resulted,310
fail,310
captain’s,310
"villages,",310
"wealth,",310
"inhabitants,",310
rewards,310
settling,310
reasonable,310
centered,310
seriously.,310
flared,310
refusal,310
*(2),310
force.,310
o’clock.,310
despised,310
bloodstained,310
immediate,310
huntsmen,310
careless,310
enthusiastic,310
"hour,",310
blushing.,310
"they,",310
trains,310
camp.,310
cossack.,310
solution,310
educated,310
lest,310
berëzina,310
chose,310
"conditions,",310
twitched,310
discussions,310
"today,”",310
breath,310
benefactor,310
women’s,310
"shinshín,",310
weeping,310
hints,310
warmly,310
discovered,310
cattle,310
"coachman,",310
"pride,",310
"read,",310
entertain,310
"example,",310
"gaily,",310
tea.,310
forehead.,310
patience,310
"can,",310
"dying,",310
protect,310
troyka,310
scoundrel,310
insult,310
"fog,",310
reflections,310
"like,",310
release,310
dine,310
saddle.,310
"everyone,",310
"confused,",310
jacket,310
"cannon,",310
anteroom.,310
sufferings,310
occupying,310
"supper,",310
solitary,310
indefinite,310
“you’ve,310
"stranger,",310
although,310
"sky,",310
ears.,310
stage,310
struggled,310
wear,310
rooms.,310
occupation,310
orderlies,310
theory.,310
employed,310
"arrival,",310
cloth,310
withdraw,310
activities,310
funny,310
shadow,310
"plans,",310
"time,”",310
subject.,310
weight,310
"state,",310
attempts,310
punished,310
julie’s,310
unfamiliar,310
swiftly,310
"returned,",310
convince,310
"age,",310
deliberately,310
"glory,",310
instructions.,310
bitter,310
tramp,310
screwing,310
urging,310
distribution,310
"division,",310
stake,310
solemnity,279
eye.,279
standards,279
"low,",279
"ever,",279
brother-in-law,279
romantic,279
stomach,279
utmost,279
"council,",279
"quarters,",279
"dressed,",279
heap,279
sir.,279
darkness.,279
frankly,279
weariness,279
lady.,279
meekly,279
"people,”",279
ladies.,279
wondering,279
management,279
ne,279
consisting,279
strengthen,279
helping,279
"better,",279
"walk,",279
"handkerchief,",279
somehow,279
flower,279
discovery,279
"whispered,",279
gypsy,279
lady’s,279
climbed,279
out!”,279
truce,279
healthy,279
go!,279
daughters,279
"battles,",279
rights,279
inquire,279
1805,279
"singing,",279
shape,279
praise,279
wing,279
you;,279
collecting,279
situation,279
stumbled,279
goods,279
embracing,279
keen,279
medicine,279
name.,279
distress,279
insignificance,279
consists,279
duc,279
sad.,279
“they’re,279
reined,279
"loud,",279
mistaken,279
away?”,279
sergéy,279
simultaneously,279
honors,279
flank.,279
perish,279
characters,279
depressing,279
presenting,279
dear?”,279
accompany,279
this?,279
limit,279
remarked.,279
brighter,279
"glad,",279
education,279
despairing,279
beamed,279
"while,",279
horizon,279
waiting.,279
roi,279
individuals,279
liberty,279
"way,”",279
"paper,",279
teaching,279
cautiously,279
"valet,",279
panting,279
"stood,",279
sufficiently,279
ease.,279
guide,279
unnecessary,279
wedding,279
desires,279
selected,279
"sounds,",279
faithful,279
army;,279
foremost,279
theodore,279
sunday,279
"dresses,",279
dish,279
persuaded,279
parade,279
range,279
withdrawn,279
betraying,279
honor!”,279
ruler,279
dismay,279
trivial,279
"his,",279
"point,",279
yield,279
year.,279
bee,279
ze,279
acts,279
conscience,279
ultimate,279
"war,”",279
to?,279
hitherto,279
confirmation,279
comforted,279
"rise,",279
refrained,279
(of,279
mystery,279
"path,",279
"toll,",279
ended,279
shy,279
bogdánich,279
"joy,",279
deceived,279
years.,279
back!”,279
that...,279
aged,279
aloud.,279
province,279
"parents,",279
spoiled,279
yours,279
grass,279
1809,279
"leave,",279
guessing,279
“i?,279
persuade,279
distributed,279
avail,279
reluctant,279
powder,279
dream.,279
undertaking,279
copies,279
petty,279
assented,279
"nephew,",279
bennigsen’s,279
stranger.,279
“which,279
excited.,279
guests.,279
ice,279
farthest,279
ironical,279
"circle,",279
honest,279
abandoned.,279
visitors.,279
ha!,279
mean?”,279
“yes...,279
miss,279
everywhere.,279
eighteen,279
"grass,",279
protected,279
instant.,279
knees.,279
placing,279
"quietly,",279
know!,279
nasty,279
impossibility,279
"tomorrow,”",279
wolzogen,279
blind,279
“lord,279
"food,",279
"stupid,",279
"out,”",279
suffer,279
valuable,279
disposed,279
"opinion,",279
"corridor,",279
deceive,279
indicate,279
"known,",279
beckoned,279
"poor,",279
crimson,279
dashing,279
"habit,",279
"stern,",279
marshal’s,279
perónskaya,279
enjoy,279
“his,279
creature,279
guns.,279
provide,279
karatáev’s,279
somebody,279
dim,279
eaten,279
"fatherland,",279
goal,279
dried,279
foreseen,279
prince?”,279
well.”,279
"blame,",279
"necessary,",279
propose,279
freely,279
aides-de-camp,279
"tent,",279
unity,279
journey.,279
quartermaster,279
"along,",279
maiden,279
"shed,",279
"marry,",279
earthly,279
opinion.,279
"wheels,",279
ce,279
prayer.,279
justification,279
"inevitability,",279
"theater,",279
moscow.”,279
ascended,279
that.”,279
petition,279
composed,279
“after,279
mark,279
"standing,",279
"barclay,",279
observing,279
expose,279
move.,279
wisdom,279
roofs,279
purposely,279
differently.,279
concern,279
executed.,279
architect,279
feelings.,279
discipline,279
hated,279
eighth,279
"broad,",279
crosses,279
váska,279
jest,279
"cher,”",279
suvórov,279
consolation,279
terror.,279
see.”,279
"timidly,",279
"yard,",279
dorogomílov,279
included,279
morel,279
consent,279
approve,279
command.,279
depression,279
surrender,279
bearing,279
oppressed,279
shell,279
dimmler,279
"europe,",279
shifting,279
"curiosity,",279
grudge,279
celebrated,279
snow.,279
dawn,279
assuming,279
listen.,279
uniform.,279
labor,279
stands,279
mingling,279
dug,279
mission,279
sternly.,279
refined,279
"again,”",279
storm,279
fool!”,279
"simply,",279
acquaintance.,279
steep,279
bad.,279
“leave,279
"group,",279
corridor,279
delivered,279
maneuvers,279
courtiers,279
disputing,279
peculiarly,279
vigorous,279
"footman,",279
duty.,279
"tenderness,",279
surely,279
sharpshooters,279
subsequently,279
"lise,",279
confirm,279
"anteroom,",279
clasped,279
comforts,279
"“nicholas,",279
reasoning,279
idea.,279
nursing,279
stores,279
because...,279
shadows,279
grain,279
all!,279
"we,",279
alien,279
temples,279
victory.,279
beard,279
twenty-sixth,279
talking.,279
mankind,279
his.,279
jolted,279
traveled,279
bayonets,279
"story,",279
submitted,279
caressing,279
that...”,279
“allow,279
menacing,279
midday,279
accompanying,279
person.,279
introduce,279
that!”,279
"soft,",279
communication,279
blamed,279
"austria,",279
"marshal,",279
changes,279
there!”,279
admiration,279
vereshchágin,279
excellency!,279
amuse,279
manly,279
bridges,279
helpless,279
tilsit,279
dispute,279
"secondly,",279
"karatáev,",279
older,279
"artillery,",279
them!,279
nurse’s,279
discover,279
"elder,",279
"dogs,",279
indication,279
lately,279
restless,279
named,279
pleasures,279
"more,”",279
generals.,279
river.,279
triumph,279
changed.,279
husbands,279
overcome,279
corresponding,279
now?,279
dismissed,279
count?”,279
adjusted,279
married.,279
disagreeable,279
time!”,279
abstract,279
foolish,279
cloak.,279
fair,279
fulfilled,279
jealousy,279
supply,279
sighing,279
sabers,279
inevitability.,279
splendid!”,279
deed,279
hind,279
hall.,279
luminous,279
frieze,279
"girls,",279
slammed,279
"ceased,",279
"clouds,",279
shinshín,279
napkin,279
"dark,",279
tables,279
wealth,279
"do,”",279
"pain,",279
"household,",279
factory,279
"weakness,",279
“you’ll,279
collect,279
well!”,279
tear,279
"cheerful,",279
measure,279
outposts,279
“or,279
homes,279
churches,279
it),279
"doing,",279
mad,279
qualities,279
gratitude,279
spoil,248
harder,248
am!”,248
fog,248
difficulty.,248
painted,248
quarreled,248
watchman’s,248
mustache.,248
tomorrow.,248
affair.,248
en,248
providence,248
ranks.,248
slow,248
betrothed,248
dragoon,248
"education,",248
“those,248
piteous,248
shyly,248
jumping,248
remedy,248
"animation,",248
guards.,248
"comrade,",248
render,248
"davout,",248
briefly,248
horsemen,248
disperse,248
"chichagóv,",248
then!”,248
"wagons,",248
kindled,248
forest.,248
"knoll,",248
"whom,",248
actions.,248
him....,248
cared,248
crime,248
motive,248
hasten,248
embarrassed,248
strangers,248
vive,248
serves,248
"observation,",248
"tutor,",248
vice,248
exposed,248
"kurágin,",248
sarcastic,248
watch.,248
"living,",248
"overcoat,",248
"commanders,",248
poland,248
"sitting,",248
oriental,248
"parties,",248
no!”,248
balashëv.,248
pillow,248
“mon,248
see!,248
her:,248
selling,248
"went,",248
sharing,248
gaily.,248
venture,248
"departure,",248
simon,248
scanned,248
graceful,248
screams,248
detained,248
while.,248
austrians,248
play.,248
companies,248
annoyance,248
here!,248
principal,248
"candle,",248
buzzing,248
teeth.,248
commander’s,248
meant.,248
popular,248
dinners,248
steady,248
"music,",248
"willarski,",248
sobbed,248
lessons,248
"reluctantly,",248
book.,248
here.”,248
press,248
man!”,248
adding,248
log,248
"beauty,",248
understood.,248
extent,248
gladly,248
discussing,248
"character,",248
apply,248
frown.,248
one!”,248
knee.,248
inclined,248
(or,248
distinct,248
"garden,",248
leg.,248
distributing,248
"grief,",248
slanting,248
surrendered,248
ideal,248
nodding,248
finger.,248
strict,248
preparation,248
enjoying,248
whence,248
melted,248
expresses,248
"excited,",248
1812.,248
"say,”",248
tolly,248
self-satisfaction,248
surface,248
studied,248
attacks,248
again.”,248
tale,248
up!”,248
ours,248
he?,248
determine,248
christian,248
frozen,248
logical,248
question:,248
napoleonic,248
wicked,248
display,248
"honor,”",248
remark.,248
"third,",248
cruelty,248
backwards,248
“nothing,248
"semënovsk,",248
machine,248
kurágin.,248
smallest,248
comply,248
irresistibly,248
handle,248
vladímirovich,248
dreams,248
breast.,248
"ended,",248
threshold,248
dread,248
red-haired,248
fee,248
laying,248
chimed,248
"carefully,",248
considers,248
warmth,248
"mist,",248
"on,”",248
strains,248
"marriage,",248
clutched,248
impatient,248
expensive,248
entrance.,248
telyánin’s,248
dozens,248
"second,",248
wives,248
expressions,248
shouting.,248
stirred,248
semënov,248
ready.,248
“did,248
measured,248
"supposed,",248
dispersed,248
traitor,248
unnaturally,248
located,248
later.,248
"saddle,",248
"poland,",248
impress,248
condemned,248
paul,248
"wound,",248
impressed,248
thirteen,248
indeed,248
"stop,",248
"respectfully,",248
frown,248
"direction,",248
unnoticed,248
"cook,",248
trap.,248
“was,248
moonlight,248
"myself,”",248
assistant.,248
promptly,248
crushed,248
going.,248
availing,248
necessary.,248
emerged,248
royal,248
legs.,248
forgets,248
detailed,248
lacked,248
rubles.,248
"want,",248
blissful,248
awakened,248
cudgel,248
corn,248
"fresh,",248
sob.,248
trust,248
"stomach,",248
"open,",248
was:,248
"eternal,",248
"worse,",248
"cousin,",248
brow,248
"moon,",248
retained,248
"murat,",248
shriveled,248
freemasons,248
string,248
flight.,248
with.,248
confident,248
hospitals,248
tearing,248
compelled,248
i...”,248
washed,248
crack,248
hindered,248
shops,248
recognition,248
ready?”,248
"neighbor,",248
ironic,248
"hare,",248
invalid,248
"relations,",248
queer,248
now!”,248
"christ,",248
"goodness,",248
major-domo,248
exclaimed.,248
"then,”",248
grasping,248
plumes,248
"good,”",248
serfs’,248
pond.,248
speaker,248
"purpose,",248
brothers.,248
hot.,248
‘the,248
stretchers,248
grows,248
trace,248
"frowning,",248
spurred,248
predestined,248
curious,248
escort,248
gleam,248
salt,248
smeared,248
waist,248
grave,248
"prussia,",248
"heavily,",248
"immediately,",248
pole,248
phenomena,248
humiliating,248
veiled,248
anyone’s,248
disappeared.,248
kerchief,248
"spectacles,",248
manners,248
expectation,248
"“andrew,",248
"where,",248
audience,248
shells,248
re-establish,248
"in,”",248
"majesty,”",248
"fortune,",248
leader,248
mack,248
twenty-fourth,248
"hero,",248
"exist,",248
unusually,248
"excitement,",248
"cher,",248
serfs.,248
argument,248
laws.,248
gravity,248
gaiety,248
uniting,248
des,248
fair-haired,248
"austrians,",248
treatment,248
nevertheless,248
empire,248
church.,248
francis,248
rapidly.,248
raévski’s,248
"pity,",248
"battalion,",248
reflect,248
xxv,248
importance.,248
squeezed,248
behalf,248
sister-in-law’s,248
see?,248
medium,248
vital,248
intrigues,248
prolonged,248
xxiv,248
token,248
secretary,248
"opened,",248
immediately.,248
turkish,248
"hussar,",248
sixty,248
niemen,248
enters,248
diminished,248
preferred,248
battlefield.,248
"listened,",248
"experience,",248
ill.,248
male,248
sake!”,248
"gun,",248
oh!”,248
clatter,248
ladies’,248
blowing,248
cheerfully,248
"passed,",248
"sire,”",248
her!,248
“isn’t,248
attraction,248
rye,248
smoothing,248
promoted,248
undecided,248
picking,248
dispatched,248
farther.,248
institutions,248
gloves,248
"may,",248
law.,248
writers,248
mournful,248
joyfully.,248
yourself.,248
upstairs,248
renounce,248
fever,248
why.,248
"finger,",248
couldn’t,248
two.,248
measures,248
kolochá,248
negotiations,248
nursery.,248
rum,248
"clothes,",248
"detachment,",248
existence.,248
"vyázma,",248
"hippolyte,",248
appeal,248
"reading,",248
explanation.,248
1811,248
manner.,248
quarters.,248
misty,248
sadness,248
contradictory,248
“oh!,248
honor?”,248
"“look,",248
them?,248
tout,248
surroundings,248
abashed,248
peering,248
1806,248
smoothed,248
knew.,248
weyrother’s,248
pursuing,248
"talked,",248
bedroom.,248
"borzois,",248
correct.,248
"subject,",248
sovereigns,248
off!”,248
enchanting,248
ironically,248
"letters,",248
audible,248
happened?,248
xxvi,248
"memory,",248
restrained,248
house?”,248
yielded,248
superiority,248
comfortable,248
earth.,248
remarked:,248
gaining,248
below.,248
"church,",248
"gray,",248
too!”,248
at.,248
"good-natured,",248
reproaches,248
advise,248
zherkóv.,248
descending,248
believing,248
moscow?”,248
princesses,248
who’s,248
defending,248
hendríkhovna,248
ebook,248
exceptional,248
"center,",248
removing,248
campfire,248
killed.,248
bet,248
braunau,248
tomorrow’s,248
"if,",248
horrors,248
star,248
party.,248
pick,248
"son,”",248
good!”,248
audible.,248
enveloped,248
frontier,248
departure.,248
follows:,248
box.,248
choking,248
ruble,248
inn,248
raévski,248
stairs,248
lacking,248
trousers,248
affectation,248
confused.,248
orderly.,248
rearguard,248
received.,248
constituted,248
shock,248
"hope,",248
"attack,",248
foe,248
him),248
"lofty,",248
plenty,248
armfeldt,248
go?”,248
hut.,248
"chest,",248
triumphant,248
assumption,248
happier,248
printed,248
fits,248
"trees,",248
iván,248
"prayer,",248
"ermólov,",248
visiting,248
"campfire,",248
smile:,248
native,248
dear!”,248
"followed,",248
me:,248
greatcoat,248
term,248
families,248
"calèche,",248
us!,248
"“no,”",248
"opposite,",248
mean?,248
won,248
choked,248
"hounds,",248
wine.,248
"drink,",248
quality,248
merit,248
swinging,248
supported,248
wolves,248
increases,248
"year,",248
catherine’s,248
pleasantly,248
part.,248
lowest,248
"rain,",248
"shops,",248
unbuttoned,248
supplied,248
false.,248
symptoms,248
gloom,248
strike,248
midnight,248
"law,",248
travel,217
spoiling,217
way!,217
absurd,217
defeated,217
heated,217
"afraid,",217
dishes,217
moved.,217
impatiently,217
overthrow,217
sake!,217
"yourself,”",217
extraordinarily,217
saying?”,217
intelligent,217
twenty-fifth,217
pockmarked,217
"heels,",217
throng,217
hairy,217
proofs,217
hurrah!”,217
angry.,217
earlier,217
"police,",217
outflank,217
"oak,",217
advisers,217
"sigh,",217
"shame,",217
"hungry,",217
live.,217
rapturously,217
"capital,",217
lunch,217
awakening,217
sleigh.,217
weighed,217
honor.,217
"clearly,",217
"“here,",217
warlike,217
"very,",217
office,217
disgrace,217
karl,217
heroism,217
"morel,",217
chin,217
"fault,",217
"note,",217
units,217
want?,217
"“uncle,”",217
“count,217
both.,217
seal,217
singing.,217
magnanimous,217
ramballe,217
reticule,217
condition.,217
quartered,217
island,217
greetings,217
insisting,217
"columns,",217
yourself.”,217
wandered,217
speaks,217
divisions,217
deduced,217
"dunyásha,",217
feeding,217
"gallop,",217
life:,217
"resolute,",217
swung,217
"eye,",217
mummers,217
perishing,217
"tarútino,",217
whoever,217
"made,",217
she’ll,217
infantry.,217
"bank,",217
owners,217
daring,217
sprung,217
"“princess,",217
meadow,217
“stop,217
commission,217
resultant,217
"lavrúshka,",217
population,217
arises,217
i?”,217
agitation.,217
christ,217
hurrah!,217
"blushed,",217
everyone’s,217
"happen,",217
flitted,217
"plain,",217
"november,",217
devastated,217
sacrifices,217
reform,217
sound.,217
add,217
seeming,217
mutual,217
sealing,217
"would,",217
undoubtedly,217
creak,217
“shall,217
producing,217
rejoicing,217
gloomily,217
"post,",217
obtaining,217
guilt,217
sake.,217
"sufferings,",217
cathedral,217
"opinions,",217
opened.,217
change.,217
"looks,",217
title,217
plainness,217
wagon,217
neighbor,217
thud,217
sónya!”,217
"book,",217
substance,217
distribute,217
are.,217
mirror,217
overtaking,217
"pistol,",217
turn.,217
"alexéevich,",217
on;,217
doorway,217
thee,217
afternoon,217
good!,217
numerous,217
insolent,217
"cannot,",217
safe,217
"memories,",217
long-drawn,217
houses.,217
self-satisfied,217
program,217
"sound,",217
concluded.,217
“another,217
reappeared,217
protection,217
hostess,217
muttered.,217
renew,217
excitedly,217
going?”,217
sable,217
"august,",217
shameful,217
donned,217
"business,”",217
satisfy,217
munching,217
heiress,217
"hard,",217
priest’s,217
"how,",217
carts.,217
forbidden,217
punishment,217
surprising,217
“what?”,217
servants.,217
orël,217
kind.,217
needed.,217
crept,217
relative,217
oh!,217
dear.,217
religious,217
destruction.,217
sounds.,217
fascinating,217
happened?”,217
mirrors,217
blown,217
race,217
similarly,217
kurágin’s,217
quantity,217
(though,217
she?”,217
reporting,217
reliable,217
wasn’t,217
secondly,217
model,217
stockings,217
"loss,",217
linen,217
engagement.,217
incline,217
feebly,217
nearness,217
"niemen,",217
charred,217
created,217
karatáev.,217
angle,217
lavrúshka.,217
volkónski,217
pfuel’s,217
marble,217
lucky,217
"self-sacrifice,",217
berthier,217
"review,",217
calls,217
commanders.,217
gathering,217
mílka,217
distracted,217
happily,217
fright,217
"ourselves,",217
"someone,",217
him—he,217
"dignity,",217
near.,217
occasional,217
screen,217
contact,217
alive.,217
abroad.,217
junction,217
passions,217
approval.,217
clean-shaven,217
be!,217
sciences,217
experiencing,217
jingling,217
thousand.,217
casually,217
coming.,217
humanity.,217
u.s.,217
"same,”",217
dreaded,217
joking,217
names,217
accordance,217
listen!,217
effort.,217
terrible.,217
hare.,217
locomotive,217
chest.,217
baron,217
so-and-so,217
dead.,217
fellow!”,217
corrected,217
enter.,217
faire,217
brotherly,217
alexéevich’s,217
"big,",217
yet.,217
pitied,217
arrangement,217
sequence,217
lise,217
fashion.,217
schoolboy,217
"muskets,",217
"animated,",217
nightcap,217
provincial,217
principle,217
dolgorúkov.,217
"district,",217
escaping,217
met.,217
detached,217
envelope.,217
fëdorovna,217
"humanity,",217
"fool,",217
creaking,217
clearing,217
slope,217
battle?”,217
studying,217
remind,217
patriotism,217
peasants.,217
"splendid,",217
"cavalry,",217
attack.,217
"ideas,",217
"importance,",217
"dance,",217
sir?”,217
stolen,217
pass.,217
"best,",217
groans,217
couch,217
"breath,",217
alter,217
them?”,217
noted,217
comforting,217
informing,217
leaders,217
darted,217
"windows,",217
foot.,217
boy’s,217
brick,217
criminal,217
in!,217
"neighbors,",217
supporting,217
“forgive,217
lagged,217
is.”,217
awe,217
tact,217
"quick,",217
right.”,217
notion,217
chain,217
grabern,217
owe,217
glove,217
interpreter,217
me....,217
blame.,217
tales,217
"provisions,",217
"persons,",217
"unknown,",217
morning’s,217
fortified,217
"wing,",217
“still,217
waistcoat,217
lads!,217
rattled,217
perceive,217
"boots,",217
conjectures,217
"chairs,",217
wars.,217
"am,",217
are!,217
retreat.,217
tavern,217
enraptured,217
stroking,217
pitiful,217
breathing.,217
leaped,217
ferapóntov’s,217
downy,217
keys,217
"gesture,",217
shrewd,217
good-by!”,217
friend!”,217
fears,217
wasted,217
entire,217
grief.,217
hindrance,217
tent.,217
marked,217
refund,217
"countess,”",217
krems,217
consulting,217
man;,217
choosing,217
song.,217
uneasy,217
correct,217
kochubéy,217
booty,217
"future,",217
me;,217
descent,217
"dog,",217
flat,217
good-by.,217
million,217
everything!”,217
“didn’t,217
floating,217
despise,217
gallant,217
mamma!,217
hadn’t,217
"imagination,",217
skill,217
adopt,217
"melancholy,",217
gay.,217
winking,217
major.,217
knot,217
"childhood,",217
attainment,217
manifestation,217
attitude.,217
"redoubt,",217
kozlóvski,217
"peasant,",217
sun.,217
"julie,",217
deeply.,217
“i’d,217
praised,217
be?,217
reserve,217
hostess.,217
methods,217
market,217
displaying,217
"elbow,",217
mytíshchi,217
flag,217
"motionless,",217
"paulucci,",217
deserved,217
danube,217
(pierre,217
flame,217
error,217
"“besides,",217
purpose.,217
badly.,217
bird,217
deliver,217
1813,217
stumbling,217
heaved,217
kinds,217
headlong,217
energetically,217
temple,217
rupture,217
"meant,",217
shivering,217
"schoss,",217
representing,217
dependent,217
amiably,217
glance.,217
repulsed,217
sleighs,217
locked,217
throne,217
sold,217
groaned,217
rein,217
skirt,217
coachman.,217
policeman,217
frenchwoman,217
trotted,217
emotion.,217
"visit,",217
ballroom.,217
intellect,217
point.,217
"exhausted,",217
alexander.,217
glimpse,217
disorderly,217
mamma?”,217
treating,217
tread,217
cossacks.,217
"snuffbox,",217
steadily,217
tutor,217
julie.,217
personage,217
bony,217
"unexpectedly,",217
guest,217
mount,217
karáy,217
"been,",217
cheerful.,217
gap,217
post.,217
"spot,",217
communicated,217
cure,217
issue,217
porridge,217
baseness,217
"corps,",217
"also,",217
"burned,",217
coffee,217
berg’s,217
so...,217
monarchs,217
"features,",217
brown,217
downstairs,217
persian,217
released,217
"influence,",217
"plump,",217
acute,217
july,217
"sallow,",217
rumor,217
being.,217
regards,217
mortified,217
colonel.,217
scent,217
"servants,",217
apron,217
disconcerted,217
friend!,217
fulfillment,217
"property,",217
planned,217
basis,217
leash,217
winning,217
"visitors,",217
priests,217
"enough,",217
sticking,217
do.”,217
score,217
bell,217
supreme,217
performance,217
recurred,217
suggesting,217
softly.,217
disputed,217
heads.,217
“about,217
orthodox,217
submission,217
paulucci,217
bustle,217
out.”,217
"sing,",217
thought:,217
freed,217
ruins,217
tremulous,217
remorse,217
"coughed,",217
shudder,217
perfection,217
"drubetskóy,",217
mustaches,217
"taken,",217
"thing,”",217
astonishment,217
myself.”,217
starry,217
"us,”",217
knelt,217
prayers,217
fury,217
nephew,217
disgust,217
submissive,217
winked,217
application,217
planning,217
(they,217
"wet,",217
heeding,217
total,217
sly,217
imploring,217
proximity,217
introducing,217
pávlograds,217
sheepskin,217
pieces,217
"devil,",217
fastened,217
disease,217
explains,217
dejected,217
cheered,217
contained,217
"darling,",217
memorable,217
independence,217
silly,217
us!”,217
fellow.”,217
away!,217
"shirt,",217
naïvely,217
sister’s,217
corner.,217
lodge.,217
"months,",217
places.,217
bedstead,217
temptations,217
squadron.,217
harnessed,217
no.,217
"shoes,",217
judged,217
"respect,",217
opponent,217
barn,217
severity,217
"damp,",217
sir.”,217
improved,217
crowned,217
"court,",217
"fought,",217
trusted,217
ridiculous,217
retain,217
comet,217
figure.,217
up.”,217
dron.,217
gigantic,217
enthusiasm.,217
"dreadful,",217
scarf,217
transfer,217
"blood,",217
auersperg,217
"halted,",217
senate,217
elders,217
trained,217
responsible,217
"tried,",217
strengthened,217
"personally,",217
distinctly.,217
"lodge,",217
legitimate,217
birches,217
hussar.,217
backs,217
read.,217
penetrating,217
iogel,217
lingered,217
"“however,",217
danílovna,217
arise,217
tens,217
rejoin,217
trampled,217
clearness,217
“there!,217
konovnítsyn,217
precisely,217
telyánin.,217
listened.,217
elements,217
guess,217
awhile,217
bilíbin.,217
successfully,217
bitch,217
recommended,217
"sword,",217
owner,217
hears,217
december,217
"figure,",217
"ill,",217
"opinion,”",217
boldness,217
allies,217
heels,217
nicholas?”,217
"cards,",217
folks,217
biting,186
waters,186
everyday,186
reddish,186
lord!”,186
rhythmic,186
procured,186
thing!,186
buxhöwden,186
"closed,",186
"indeed,",186
arguing,186
recollection.,186
trees.,186
gold.,186
deal.,186
flowers,186
"sin,",186
cart.,186
valley,186
music.,186
envious,186
year’s,186
me....”,186
familiarity,186
pearls,186
don,186
"vodka,",186
drives,186
"appear,",186
harmony,186
rejected,186
unto,186
"off,”",186
"frame,",186
clinging,186
undertaken,186
"princesses,",186
good-by,186
attempted,186
outburst,186
returns,186
pronouncing,186
copied,186
“hurrah!,186
"can’t,",186
crumpled,186
affect,186
"sire,",186
ask.,186
jauntily,186
whisper:,186
"lines,",186
shabby,186
buildings,186
clavichord.,186
one.”,186
scanning,186
honey,186
"intrigues,",186
old.,186
frenchmen.,186
"o’clock,",186
"maids,",186
"undressing,",186
unknown.,186
"called,",186
uncertain,186
shuffling,186
twenty-eighth,186
lamp,186
trench,186
moon,186
trial,186
deliberate,186
saddled,186
important.,186
hinted,186
walk.,186
"spirit,",186
soil,186
"michaud,",186
"not,”",186
"noble,",186
praying,186
novelty,186
puzzled,186
soon.,186
intervention,186
code,186
barclay.,186
"answered,",186
greet,186
"dimmler,",186
sensible,186
"attitude,",186
legal,186
toes,186
square.,186
rescued,186
whispered.,186
von,186
fate.,186
conferred,186
life’s,186
presentiment,186
coachman’s,186
horrible,186
nous,186
"meaning,",186
breathed,186
suffering.,186
“tomorrow,186
solve,186
"newcomer,",186
bounded,186
"well,”",186
repress,186
namely,186
"remarked,",186
grapeshot,186
"duel,",186
puffy,186
outer,186
"mean,",186
gliding,186
strain,186
shop,186
decorations,186
minutely,186
surrounding,186
"wars,",186
"berëzina,",186
modest,186
"incessantly,",186
likes,186
welcome,186
chanced,186
"month,",186
bolkhovítinov,186
collection,186
blew,186
do!”,186
exact,186
tent,186
collision,186
historians’,186
heavenly,186
apple,186
hast,186
lean,186
admirable,186
almighty,186
congratulated,186
“why?,186
drubetskóy,186
fro,186
"glance,",186
back.”,186
"rapture,",186
russians.,186
creaked,186
there?,186
pieces.,186
commissions,186
forty-three,186
traveler,186
esaul.,186
subjection,186
allowing,186
exceedingly,186
(one,186
"nothing,”",186
bank.,186
perplexity.,186
officials,186
breath.,186
disordered,186
nastásya,186
"trembling,",186
carpets,186
disturb,186
minutes.,186
"joke,",186
strode,186
reserved,186
victories,186
cot.,186
prompted,186
“even,186
description,186
intervals,186
moans,186
serious.,186
granted,186
system,186
awaits,186
roast,186
ever-increasing,186
troubles,186
march.,186
buttoning,186
greedily,186
karp,186
knoll.,186
phrases,186
distressed,186
“ah!”,186
retiring,186
indispensable,186
arbát,186
suit,186
"match,",186
possesses,186
nearing,186
xxviii,186
"changed,",186
tíkhon.,186
“eh?,186
prescribed,186
“am,186
wolf’s,186
character.,186
akin,186
"rhetor,",186
moan,186
circle.,186
"italy,",186
"trembled,",186
curled,186
stretch,186
resembled,186
suited,186
posterity,186
"books,",186
irritability,186
natásha;,186
relieved,186
old-fashioned,186
"pipe,",186
challenged,186
orchestra,186
sentinels,186
offensive,186
governesses,186
know!”,186
"clerk,",186
conceptions,186
valúevo,186
normal,186
participation,186
"groom,",186
petersburg?,186
"return,",186
ferapóntov,186
you!...”,186
begins,186
despair.,186
determination,186
newcomer,186
"energy,",186
sacrificing,186
unnecessary.,186
traces,186
phenomenon,186
“by,186
"met,",186
war!,186
snatching,186
contemptible,186
temper.,186
you....”,186
noiselessly,186
significantly.,186
infected,186
memorandum,186
"seems,",186
looting,186
cracked,186
nothing;,186
deacon,186
enrolled,186
appear.,186
latter.,186
knitting,186
"boy,”",186
over?”,186
minutest,186
"formerly,",186
monotonous,186
blood.,186
baby’s,186
shinshín.,186
"horror,",186
domain,186
kitchen,186
straightened,186
charitable,186
weep.,186
throat.,186
age.,186
cousin.,186
“they’ve,186
willingly,186
diamonds,186
“whatever,186
"knee,",186
majesty.”,186
animal.,186
fame,186
gather,186
picturing,186
"meanwhile,",186
naval,186
patches,186
strictly,186
adjutant’s,186
"danube,",186
prisoner.,186
swelling,186
"nice,",186
female,186
sublime,186
"given,",186
fall.,186
clock,186
decline,186
"moving,",186
stirring,186
crushing,186
centuries,186
articles,186
"ringing,",186
erzá,186
gone.,186
"sometimes,",186
corpses,186
victorious,186
go.”,186
provinces.,186
"needs,",186
agraféna,186
"foundation,",186
"hers,",186
implored,186
regulations,186
"embarrassment,",186
"hurriedly,",186
emerging,186
companion.,186
young.,186
anybody,186
"humor,",186
logs,186
removal,186
consciousness.,186
smith,186
successful,186
counted,186
provinces,186
bags,186
"loudly,",186
nicholas!”,186
bezúkhova’s,186
"religion,",186
same?”,186
cheeks.,186
done?,186
sallow,186
andréevich,186
alluding,186
it...,186
"undressed,",186
success.,186
"“sire,",186
polished,186
sayings,186
"stand,",186
murder,186
self-confidence,186
considered.,186
"agitated,",186
"thee,",186
extending,186
situation.,186
"over,”",186
here;,186
"live,",186
"adjutants,",186
mystic,186
invite,186
"coming,",186
"come,”",186
one!,186
"churches,",186
freshness,186
russia’s,186
veil,186
enns,186
years’,186
fellows!”,186
chill,186
“call,186
unwell,186
nineteenth,186
"officials,",186
remove,186
"haste,",186
conveyed,186
recognizes,186
ceremony,186
"account,",186
vewy,186
plight,186
results.,186
restraining,186
bezúkhov.,186
springs,186
conclude,186
"government,",186
warn,186
"like,”",186
"always,",186
peculiarity,186
"black,",186
return.,186
hostility,186
that:,186
undressed,186
heir,186
"devotion,",186
portfolio,186
down.”,186
separately,186
"anything,”",186
"meadow,",186
"finish,",186
brünn,186
"senseless,",186
"hollow,",186
wooded,186
"rostóvs’,",186
"because,",186
daylight,186
mud.,186
"gay,",186
episode,186
everything.”,186
sisters,186
status,186
absence.,186
"french,”",186
weren’t,186
stroked,186
child’s,186
mane,186
c’est,186
"finished,",186
loved.,186
fault.,186
personality,186
"deed,",186
know.”,186
parting,186
natásha!”,186
remained.,186
novel,186
lorrain,186
announcing,186
"coats,",186
assistance,186
memory.,186
dreadfully,186
"started,",186
separating,186
kindhearted,186
venerable,186
gentleman’s,186
dearest,186
champagne,186
declined,186
"guilty,",186
"summer,",186
"politics,",186
clapping,186
decision.,186
wolf.,186
begging,186
"blue,",186
cordial,186
yielding,186
"ivánovna,",186
ceased.,186
"loaded,",186
"ours,",186
unfinished,186
kiss.,186
horse!”,186
"column,",186
strategic,186
deciding,186
where’s,186
kneeling,186
additional,186
"be,”",186
"original,",186
posts,186
"agreement,",186
"faster,",186
limits,186
army’s,186
coffin,186
week.,186
"dawn,",186
disconnected,186
dowager,186
backward,186
tiny,186
illuminated,186
"defeat,",186
reproachfully.,186
oath,186
patting,186
bushy,186
“see,186
disposition,186
princess?”,186
mood.,186
trademark,186
note.,186
pauvre,186
"stone,",186
"hours,",186
yourself!”,186
austerlitz.,186
months.,186
shutters,186
swallow-tail,186
farewell,186
sacrificed,186
hopeless,186
dignified,186
turkey,186
znaim,186
satin,186
ilágin’s,186
jump,186
this...”,186
paper.,186
worse.,186
girlish,186
disheveled,186
penetrate,186
"hospitals,",186
bits,186
monarch.,186
middle-aged,186
glitter,186
spot.,186
stained,186
health.,186
angel,186
emperor.”,186
life;,186
improve,186
jesus,186
incapable,186
signed,186
rapture,186
vestibule.,186
pénza,186
virgin,186
arrival.,186
"alarm,",186
understands,186
"fence,",186
renouncing,186
general!”,186
banks,186
threateningly,186
"understood,",186
"song,",186
see!”,186
luxurious,186
"collar,",186
"downwards,",186
inspect,186
devil!”,186
reckoning,186
belongings,186
hang,186
virtue.,186
baby.,186
overtaken,186
proceeding,186
sovereign.,186
metal,186
"destruction,",186
"harness,",186
sorrowful,186
forever.,186
variously,186
pet,186
intelligence,186
"died,",186
schoss,186
he!,186
another;,186
warfare,186
"notice,",186
german.,186
assuring,186
enough.,186
borzois.,186
claim,186
damned,186
"saw,",186
operations,186
"necessity,",186
"partner,",186
degrees,186
deity,186
wind.,186
"cross,",186
"sweet,",186
estate.,186
"ivánovich,",186
dowry,186
amount,186
listless,186
suggestion,186
nowadays,186
whistled,186
price,186
mentioning,186
bay,186
"george,",186
combine,186
"winter,",186
blessing,186
cheek.,186
writing.,186
"efforts,",186
smelled,186
"companion,",186
pausing,186
condemn,186
hood,186
benefit,186
vain,186
self-assured,186
peasants’,186
tax,186
compressed,186
unworthy,186
“who’s,186
"thinking,",186
esteem,186
drums,186
karágina,186
expelled,186
"condition,",186
lázarev,186
perplexed,186
moskvá,186
"difficulty,",186
magnítski,186
lord!,186
born,186
console,186
mr.,186
dozed,186
arbitrary,186
poklónny,186
"quilt,",186
subordinate,186
bareheaded,186
deduction,186
significantly,186
reassure,186
twisting,186
outstretched,186
falsehood,186
"staël,",186
man?”,186
"intelligent,",186
"namely,",186
shaft,186
"city,",186
xxvii,186
murmured,186
experiment,186
captivity,186
witty,186
“ma,186
"one,”",186
peacefully,186
"mud,",186
ascending,186
métivier,186
"vílna,",186
irritably,186
staggering,186
moscow;,186
majesty’s,186
"watch,",186
"tail,",186
withdrew,186
aimed,186
sniffing,186
"“mary,",186
"already,",186
uplifted,186
"pond,",186
betrayed,186
frankness,186
interfere,186
yes,186
unsteady,186
plátov’s,186
"tender,",186
inspection,186
torture,186
uneasiness,186
services,186
"numbers,",186
armenian,186
visits,186
"brows,",186
pained,186
"apart,",186
irrepressible,186
"seemed,",186
patrol,186
"mistake,",186
"kozlóvski,",186
crackling,186
expanded,186
prefer,186
"pleased,",186
ruled,186
youngest,186
"dim,",186
"cruel,",186
blessed,186
grandeur,186
weapon,186
restore,186
moments.,186
father?”,186
"breeches,",186
increase,186
government.,186
riders,186
authorities.,186
result.,186
rejoice,186
thrusting,186
martial,186
wrinkle,186
publican,186
contents,186
"revolution,",186
group.,186
solved,186
devote,186
sink,186
nursery,186
"individuals,",186
continuously,186
abrupt,186
ferdinand,186
"fields,",186
continuous,186
stupid.,186
long?”,186
"coarse,",186
died.,186
holiday,186
"1807,",186
affianced,186
consult,186
acknowledging,186
condescending,186
winding,186
also.,186
"works,",186
gratefully,186
contrary.,186
whispers,186
daily,186
nonsense.,186
renewed,186
pillow.,186
base,186
"clean,",186
rings,186
pages,186
“quite,186
"shot,",186
balloon,186
defect,186
see.,186
fixing,186
positively,186
"june,",186
semënovsk,186
court.,186
"“gentlemen,",186
knocking,186
incoherent,186
“uncle.”,186
iberian,186
"ramballe,",186
disappoint,186
fashionable,186
them),186
darkened,186
apartments,186
moving.,186
confessed,186
monarch,186
tobacco,186
fortune,186
pit,186
shamefaced,186
doubted,186
expedition,186
"knees,",186
applying,186
"sternly,",186
attractive.,186
snatch,186
yesterday.,186
"erect,",186
superfluous,186
darling!”,186
tenderness.,186
couples,186
posted,186
subjects,186
"tolly,",186
"reports,",186
severity.,186
“no!,186
shrieked,186
reproachfully,186
"tree,",186
emperor!”,186
shrank,186
maintaining,186
potatoes,186
seemingly,186
truly,186
product,186
composure,186
army.”,186
unthinkable,186
lilac,186
prospect,186
illegitimate,186
wills,186
because...”,186
test,186
"streets,",186
require,186
diplomatists,186
east.,186
panic,186
spring.,186
case.,186
"shy,",186
"wait,",186
merging,186
“always,186
alarm.,186
christ’s,186
"delight,",186
"bear,",186
causing,186
warmed,186
‘from,186
"mass,",186
design,186
judgment,186
enormously,186
dans,186
form.,186
shirt.,186
stroke,186
intention.,186
blocked,186
bundles,186
considerable,186
size,186
“sit,186
hofkriegsrath,186
standing.,186
submitting,186
beekeeper,186
convenient,186
complained,186
morose,186
offers,186
beams,186
risk,186
union,186
landowner’s,186
reaches,186
awkwardness,186
kitten,186
bustling,186
sideways,186
otherwise.,186
"square,",186
oppressive,186
súkharev,186
frighten,186
arousing,186
disorganized,186
mazurka,186
vain.,186
fwom,186
catholic,186
"interests,",186
"land,",186
natalie,186
túla,186
louder.,186
"remember,”",155
"dinners,",155
"pack,",155
tortured,155
transference,155
import,155
hair’s,155
done;,155
"campaigns,",155
pensive,155
pleasing,155
mamónov’s,155
laboriously,155
blushed.,155
"already,”",155
please!”,155
“does,155
huddled,155
handkerchief.,155
‘we,155
"moment,”",155
“she’s,155
"governess,",155
"hive,",155
"east,",155
"talleyrand,",155
faculties,155
think?”,155
sake.”,155
youth.,155
soul:,155
accepted.,155
tongue.,155
"clock,",155
"care,",155
saber.,155
pomaded,155
endowed,155
astronomy,155
intercourse,155
up!,155
geometry,155
jests,155
acknowledged,155
pine,155
mutton,155
"softly,",155
masons,155
again!”,155
gentlemen-in-waiting,155
"gloomy,",155
richest,155
perturbed,155
"rights,",155
odor,155
"deep,",155
critical,155
instance,155
rags,155
appreciate,155
impossible!”,155
rustling,155
bathed,155
found.,155
tea?”,155
absent-mindedness,155
"serious,",155
"occupations,",155
fell.,155
precision,155
formal,155
canteen,155
fight.,155
pondered.,155
disappear,155
"\"project",155
prettier,155
all;,155
"tones,",155
prince!,155
count!”,155
"rapid,",155
wept.,155
singers.,155
ah!,155
feverishly,155
debt,155
convicts,155
element,155
"“mind,",155
"“papa,",155
ascertain,155
pace.,155
ejaculated,155
emperors.,155
paternal,155
vivid,155
gracefully,155
betray,155
"oats,",155
yaroslávl,155
indeed!”,155
wagon.,155
be?”,155
"equality,",155
country’s,155
manifesto,155
"class,",155
companion’s,155
"naples,",155
"beaten,",155
abruptly,155
repulsion,155
from.,155
fumbling,155
garments,155
"chateaubriand,",155
"“really,",155
hurrah,155
"sick,",155
"ahead,",155
"tsar,",155
insulted,155
regretting,155
skillfully,155
involved,155
carved,155
"blessing,",155
that’ll,155
held.,155
thinking.,155
emaciated,155
described.,155
reluctantly,155
rendering,155
induced,155
tver,155
cavalrymen,155
tossed,155
widow,155
pierre:,155
call.,155
confer,155
"rostóva,",155
shiver,155
blandly,155
chair.,155
"hay,",155
beings,155
packet,155
notices,155
barefoot,155
resolve,155
everybody.,155
police.,155
yaúza,155
"bit,”",155
us?”,155
"absence,",155
charles,155
subdued,155
effect.,155
"commands,",155
"familiar,",155
"dirty,",155
receptions,155
feast,155
passages,155
sowing,155
sprinkled,155
horror.,155
totally,155
light-blue,155
meeting.,155
cried:,155
position.”,155
lovely!,155
mixed,155
guest.,155
roof.,155
governed,155
statement,155
"maneuvers,",155
derived,155
“two,155
"please,”",155
was!”,155
rude,155
"thick,",155
l’empereur!,155
"have,",155
uneven,155
"men,”",155
short.,155
écossaise,155
splendid!,155
knapsacks,155
soup,155
inward,155
"frown,",155
strides,155
“such,155
aim.,155
songs,155
dark.,155
"virtue,",155
savage,155
"merry,",155
lunatic,155
contemplate,155
start.,155
scrutinizing,155
"doctors,",155
delight.,155
smartly,155
"palace,",155
"sang,",155
roman,155
establishment,155
"everything,”",155
verse,155
hissing,155
blinking,155
‘god’s,155
receipt,155
deaf,155
"straight,",155
matter?,155
disastrous,155
hendríkhovna’s,155
ambulance,155
procure,155
"just,",155
"ribbons,",155
gentlemen!”,155
russe,155
emperor?,155
gully,155
guitar,155
vozdvízhenka,155
properly,155
after-dinner,155
casting,155
checking,155
(prince,155
jostled,155
conspiracy,155
circles.,155
twisted,155
stewards,155
translated,155
frenchman’s,155
achilles,155
"málo-yaroslávets,",155
rescue,155
delirium,155
"authorities,",155
friant’s,155
mutually,155
"yours,",155
"minds,",155
see...”,155
coldness,155
"authority,",155
horseback,155
violently,155
permitted,155
"benefactor,",155
"brought,",155
causes.,155
"terror,",155
pillage,155
undressing,155
volunteers,155
ironically.,155
propped,155
chaffing,155
pains,155
reared,155
"labor,",155
morosely,155
attracting,155
reverie,155
educational,155
topics,155
grace,155
mimicked,155
night’s,155
"walls,",155
princess!”,155
fatigue,155
‘what,155
bourbons,155
transparent,155
"divisions,",155
splashed,155
concentration,155
“fine,155
trait,155
"harmful,",155
"frontier,",155
footsteps.,155
"only,",155
masterly,155
"frost,",155
postmaster,155
“le,155
friendship.,155
moaned,155
sympathized,155
"majesty,",155
"minute,",155
intent,155
shrill,155
"fashion,",155
property.,155
"gerásim,",155
"visitor,",155
cornet,155
enabled,155
"clergy,",155
remarks.,155
"kuzmích,",155
gown.,155
keeps,155
fathom,155
squatting,155
object.,155
“natásha,155
insane,155
"konovnítsyn,",155
qui,155
infantrymen,155
sight.,155
casual,155
pain.,155
pretend,155
fetched,155
two:,155
fellow?”,155
puffs,155
known.,155
pool,155
sugar,155
execution.,155
influenced,155
"beausset,",155
farming,155
"remarks,",155
possible.”,155
hour.,155
comfortably,155
"sergeant,",155
business!”,155
"life,”",155
"seat,",155
"up,”",155
quilt,155
castle,155
imperceptibly,155
indecision.,155
"embarrassed,",155
on:,155
mistress,155
slaughter,155
"sympathy,",155
citizens,155
depicted,155
andrew?”,155
bad!”,155
lodges,155
"province,",155
"gentleman,",155
lid,155
hole,155
"screamed,",155
cloaks,155
mess,155
“mamma!,155
partners,155
plant,155
vice-king,155
vorónezh.,155
condescension,155
nothing.”,155
inn.,155
"bass,",155
"heaven,",155
them:,155
"previously,",155
ponds,155
wing.,155
bar,155
good-humored,155
interrupt,155
"replying,",155
"chin,",155
expects,155
plan.,155
attentions,155
wearily,155
"interrupted,",155
pillows,155
differently,155
pale.,155
there;,155
puffing,155
"passing,",155
bury,155
contrived,155
drown,155
projectiles,155
impression.,155
rises,155
sighs,155
“cut,155
"foe,",155
"gold,",155
look!,155
singers,155
destined,155
mistress.,155
unchanging,155
next.,155
impassive,155
whiff,155
"preoccupied,",155
like!”,155
"mercy,",155
"dispositions,",155
pregnant,155
"latter,",155
anyone.”,155
secured,155
myself.’,155
negative,155
routine,155
"act,",155
induce,155
out:,155
dear?,155
"emperor,”",155
reckoned,155
"means,",155
kindness,155
weeping.,155
"boldly,",155
"faith,",155
"happening,",155
inflict,155
practice,155
"freely,",155
"daniel,",155
accuracy,155
hollows,155
"belonged,",155
pinch,155
longing,155
"courtiers,",155
smoothly,155
mortally,155
princes,155
afforded,155
breadth,155
"reality,",155
minute.,155
pallor,155
(by,155
fulfilling,155
tufts,155
mozháysk.,155
véra’s,155
pride.,155
flushing,155
swords,155
masculine,155
downstairs.,155
“never,155
separation,155
"volkónski,",155
nízhni,155
slept.,155
him—and,155
stages,155
death!,155
true!”,155
alone!,155
coming!”,155
"noticed,",155
dreaming,155
flour,155
depressed,155
depraved,155
broadsheets,155
"weather,",155
supple,155
"ask,",155
catches,155
that!,155
once?”,155
occasioned,155
"gallery,",155
mounting,155
occurred.,155
hastening,155
melting,155
combined,155
torments,155
anger.,155
glided,155
hasty,155
trembled.,155
vanguard,155
dwell,155
slay,155
calf,155
glasses.,155
hurry.,155
sentence,155
locality,155
refer,155
crimean,155
seventy,155
"corporal,",155
uncertainty,155
"no,”",155
track,155
"vasílich,",155
leads,155
mortal,155
kutúzov?”,155
screaming,155
painstaking,155
"passions,",155
then!,155
happiest,155
space.,155
crying.,155
sónya?”,155
sister-in-law,155
quitted,155
“excuse,155
fed,155
internal,155
makárin,155
embroidered,155
"ring,",155
pantry,155
upright,155
“we’ve,155
chattered,155
birds,155
runs,155
"farther,",155
estates.,155
fairy,155
"bodies,",155
"pipes,",155
lets,155
dragoons.,155
flushed.,155
willing,155
"losses,",155
"severely,",155
declare,155
accountant,155
this.”,155
uvárov’s,155
"views,",155
belongs,155
"copy,",155
"baby,",155
lay.,155
runners,155
student,155
empress’,155
payments,155
tonight,155
round-faced,155
uhlans.,155
"enchanting,",155
"instructions,",155
"otrádnoe,",155
"abandoned,",155
income,155
rage,155
"inquiry,",155
name?”,155
well?”,155
fewer,155
blackened,155
"thirdly,",155
"drissa,",155
gateway,155
“bring,155
performing,155
"afraid,”",155
"brilliant,",155
“everything,155
gunner,155
salute,155
shrine,155
ending,155
one?”,155
sorting,155
impulses,155
proves,155
"“still,",155
"listen,”",155
dropped.,155
problem.,155
overgrown,155
stifled,155
erect,155
frank,155
rider,155
"mason,",155
"places,",155
dogs.,155
barefooted,155
elsewhere.,155
"furniture,",155
audience.,155
torzhók,155
unimportant,155
"surrendered,",155
"weary,",155
"governor,",155
brings,155
dazzling,155
that;,155
“peter,155
displayed,155
unintelligible,155
hasn’t,155
pronounced,155
"change,",155
elapsed,155
‘a,155
strips,155
asleep?”,155
disclosed,155
"hunt,",155
block,155
"joyful,",155
dear.”,155
remember?”,155
report.,155
opens,155
"form,",155
deign,155
foresee,155
grenadiers,155
"tongue,",155
came.,155
exposing,155
"stir,",155
unreasonable,155
specialist,155
"sooner,",155
illness.,155
ambassador,155
thronged,155
nesvítski’s,155
toil,155
correspondence,155
souls,155
"kuzmínichna,",155
ebooks,155
guardsman,155
clumsy,155
sighed.,155
"servant,",155
liking,155
intonation,155
fete,155
pretense,155
copying,155
musical,155
"army,”",155
beforehand,155
"tsarévich,",155
"serve,",155
"narrow,",155
good-looking,155
"remark,",155
"honest,",155
"sight,",155
fingering,155
amusement,155
click,155
"lived,",155
furniture,155
"beginning,",155
"abuse,",155
encounters,155
"fate,",155
obligation,155
meaning.,155
"as,",155
mighty,155
liberated,155
sentinel,155
rouse,155
spoon,155
drowning,155
gentleness,155
entertained,155
snorted,155
"pose,",155
providing,155
suffused,155
family’s,155
dissipated,155
vexation.,155
"napoleon’s,",155
"thou,",155
"ridiculous,",155
disapprovingly,155
encourage,155
tugendbund,155
type,155
woman!”,155
"glad,”",155
answered.,155
division.,155
"trench,",155
history’s,155
"twenty-fourth,",155
slain,155
forgiveness,155
spectacles.,155
cleaning,155
irritation,155
fill,155
dull.,155
justifying,155
announcement,155
"leaving,",155
pondered,155
decrees,155
elope,155
altar,155
indubitably,155
oblige,155
"chosen,",155
recognized.,155
patient,155
"childlike,",155
vile,155
“though,155
do!,155
knit,155
steppes,155
hear?”,155
ooh!”,155
follow.,155
"apologize,",155
misunderstandings,155
fatherland.,155
"turkey,",155
ropes,155
annoyed,155
bewitching,155
"drunk,",155
junot’s,155
last.,155
tremendous,155
calculated,155
embarrassing,155
tips,155
playful,155
expected.,155
french:,155
mechanically,155
demanding,155
knock,155
inevitable.,155
conservatory,155
tones.,155
behavior,155
shouts.,155
defended,155
executing,155
"“don’t,",155
bend,155
build,155
"ages,",155
stormed,155
comte,155
“count!,155
"impossible,”",155
probability,155
hope.,155
glimpses,155
wail,155
attribute,155
oppose,155
"companies,",155
pursue,155
girls’,155
acknowledge,155
binding,155
pavement.,155
heavier,155
in.”,155
down!,155
atone,155
refreshed,155
moscow!,155
sturdy,155
on?”,155
injustice,155
"lightly,",155
antipathy,155
"fighting,",155
cards.,155
“say,155
creation,155
pilgrims,155
recounted,155
davout.,155
replacement,155
frightened.,155
muffled,155
count?,155
suddenly.,155
"difficult,",155
"charming,",155
returned.,155
arrest,155
"catiche,",155
littered,155
southern,155
rescript,155
"seem,",155
bottles,155
n.,155
conscious.,155
"stores,",155
"bold,",155
depriving,155
sunken,155
reproachful,155
"never,",155
consequences,155
shouting:,155
spots,155
demanded.,155
(there,155
second.,155
"approval,",155
custom,155
livelier,155
shot.,155
weapons,155
exalted,155
"ten,",155
noticed.,155
sets,155
"priest,",155
regain,155
patronage,155
category,155
chernýshev,155
fruit,155
feed,155
"told,",155
"idea,",155
thickly,155
western,155
visible.,155
helplessly,155
consultation,155
boundary,155
"temples,",155
saints.,155
latent,155
swift,155
emperor!,155
"travel,",155
huts,155
"“what,",155
goal.,155
remarkably,155
assist,155
"toes,",155
sacrament,155
"believe,",155
"forever,",155
foreigner,155
eyebrows.,155
saviour,155
indeed!,155
circumstances.,155
"somebody,",155
merchant,155
formínsk,155
lace,155
equipment,155
sensitive,155
beaver,155
"room,”",155
"sat,",155
"friendship,",155
corridor.,155
harmonious,155
respects,155
successes,155
diverted,155
swept,155
before;,155
"desperately,",155
projects,155
glad.,155
task.,155
elegant,155
musicians,155
"remorse,",155
sin,155
manifest,155
ideas.,155
"often,",155
"utítsa,",155
indicated.,155
retirement,155
withered,155
proceeded,155
unbroken,155
this!,155
"mortemart,",155
me...”,155
carries,155
devise,155
drivers,155
rostóva.,155
"belóva,",155
momentum,155
hospital.,155
board,155
movements.,155
"naturally,",155
inspire,155
treachery,155
chasseurs,155
shuddered,155
arakchéev’s,155
eleven,155
"ministers,",155
plunder,155
notorious,155
forgotten.,155
glorious,155
shaven,155
fellow;,155
agitating,155
inspecting,155
"wishes,",155
mountains,155
fencing,155
“why?”,155
"reins,",155
“mr.,155
shrieks,155
"surroundings,",155
malvíntseva,155
"motion,",155
graciously,155
instrument,155
ended.,155
set.,155
prince.”,155
mentioned.,155
dusk,155
january,155
startled,155
tune,155
virtues,155
"night,”",155
shortsighted,155
"must,",155
himself),155
neglect,155
overflowing,155
salvation,155
fatal,155
cab,155
bursting,155
criticism,155
jesting,155
plátov,155
"relief,",155
again;,155
"civilization,",155
partisan,155
"samovar,",155
“ah,155
"louder,",155
"course,”",155
"langeron,",155
"milorádovich,",155
"quicker,",155
"“please,",155
steam,155
effects,155
"mack,",155
sparks,155
available,155
"help,",155
existing,155
grimace.,155
andrew;,155
away;,155
"mother,”",155
visit.,155
approaching.,155
stage.,155
maidservant,155
foreigners,155
contradictions,155
admiring,155
“‘i,155
anywhere.,155
interrupted.,155
"before,”",155
england,155
"acquaintance,",155
agility,155
intends,155
descend,155
"death,”",155
"wind,",155
"rode,",155
abused,155
"sobbing,",155
1807,155
trifles,155
costume,155
württemberg,155
"actions,",155
define,155
"increased,",155
red-faced,155
pistol.,155
time?”,155
constraint,155
opera,155
branch,155
knapsack,155
obscure,155
ill?”,155
idle,155
"found,",155
nap,155
"general,”",155
muscle,155
absent-mindedly,155
century,155
"sentence,",155
"happened,”",155
"stockings,",155
landowner,155
"slim,",155
unhappy.,155
tumbler,155
"kinds,",155
credit,155
"papa,",155
possess,155
convulsive,155
sausage,155
envoy,155
withstand,155
torment,155
linked,155
refuge,155
forbidding,155
button,155
groan,155
heed,155
more!”,155
"remained,",155
biscuits,155
shirts,155
valet.,155
"will,”",155
columns.,155
streamed,155
"once,”",155
clearly.,155
"dam,",155
balaláyka,155
deceased,155
vanished.,155
conducting,155
tomorrow!”,155
“i...,155
gun.,155
disapproval,155
sums,155
grass.,155
notebook,155
replace,155
women!”,155
jammed,155
thoroughbred,155
grieve,155
whereas,155
"shop,",155
great.,155
possessor,155
exclamation,155
liberal,155
doings,155
dmítrich,155
bazdéev’s,155
latterly,155
stifle,155
tsarévich,155
"pay,",155
leisurely,155
germans.,155
bobtailed,155
grand!”,155
servants’,155
stop.,155
comrades.,155
une,155
appeared.,155
“well?”,155
raft,155
"1809,",155
consist,155
vocation,155
entertaining,155
existed.,155
insoluble,155
balcony,155
europe.,155
"entrance,",155
mine.,155
flourished,155
"occupation,",155
"separated,",155
fourteen,155
controlled,155
preached,155
imaginary,155
childhood.,155
sends,155
calèche.,155
lost!”,155
imagination.,155
dmítri,155
come.”,155
"clavichord,",155
"emotion,",155
shako,155
excellency.,155
seniority,155
"another,”",155
overwhelmed,155
"highness,”",155
sister-in-law.,155
treading,155
halted.,155
trampling,155
arbitrarily,155
tugged,155
"doors,",155
reserves,155
sympathize,155
natásha!,155
twenty-five,155
"hopes,",155
colonel’s,155
"fallen,",155
say?,155
drag,155
"escort,",155
online,124
tripping,124
"turn,",124
cautious,124
"creaked,",124
submissively,124
‘and,124
cubs,124
deftly,124
bazaar,124
"world,”",124
is...,124
russia!”,124
"embassy,",124
insoluble.,124
detain,124
yes.,124
"natásha,”",124
asking.,124
l’russe,124
“russia,124
1808,124
sentences,124
oblivious,124
"staircase,",124
limbers,124
deeds,124
"consent,",124
achieve,124
filí,124
horseflesh,124
countess?”,124
"battle,”",124
"driver,",124
"experienced,",124
kámenski,124
opposition,124
cardboard,124
"of,”",124
this!”,124
moscow’s,124
"betrothed,",124
favorable,124
nothing!,124
europe!”,124
won.,124
piled,124
reply;,124
intend,124
campan,124
on.”,124
surmises,124
adroit,124
stirrup,124
"figures,",124
"bread,",124
lint,124
ermólov’s,124
herself!,124
white.,124
grim,124
fir,124
sundays.,124
inconceivable,124
deputation,124
again!,124
"dust,",124
ribbon.,124
abruptly.,124
invent,124
co-operate,124
pockets,124
“people,124
jerky,124
away.”,124
occupations,124
apt,124
scream,124
threshing,124
simple.,124
recite,124
barring,124
xxxi,124
half-closed,124
"accent,",124
"minutes,",124
“into,124
qualities.,124
doing?,124
"valúev,",124
sokólniki,124
robbing,124
sighted,124
recourse,124
countermovement,124
implying,124
blaming,124
sung,124
exclusively,124
indubitable,124
instructed,124
account.,124
worrying,124
knitted,124
puff,124
"others,”",124
fetching,124
borrowed,124
encamped,124
bwing,124
monastery,124
crows,124
vogue,124
quartermaster.,124
brightening,124
buttoned,124
"folly,",124
sventsyáni,124
brood,124
"greeting,",124
thunder,124
down!”,124
mass.,124
"galloping,",124
"ears,",124
albums,124
consequent,124
saint,124
epoch,124
blonde,124
rallied,124
peered,124
approvingly.,124
"wax,",124
occupation.,124
him”,124
glistening,124
beardless,124
understanding.,124
"style,",124
behaving,124
coldly.,124
hemmed,124
"trot,",124
"trifles,",124
food.,124
pretty.,124
outspread,124
wards,124
"pocket,",124
unoccupied,124
"goal,",124
***,124
safety,124
stream,124
unexpectedly.,124
"eyebrows,",124
"sharp,",124
"wide,",124
"kaysárov,",124
gérard,124
ambush,124
faced,124
"spurs,",124
samovar.,124
consent.,124
correctly,124
accomplish,124
one:,124
“believe,124
fantastic,124
dressed.,124
it:,124
been.,124
pray.,124
threaten,124
scratching,124
"from,",124
kindle,124
"listening,",124
sweets,124
mystical,124
"telyánin,",124
(whose,124
bayonet,124
"dismay,",124
am.,124
format,124
dearly,124
unlimbered,124
fingered,124
aggrandizement,124
vigor,124
endurance,124
begin?,124
examination,124
bivouacking,124
"agriculture,",124
shelter.,124
mikúlino,124
savélich,124
majesty.,124
"rear,",124
"guard,",124
“really?”,124
completed,124
"simplicity,",124
"three,",124
orders.”,124
"cock,",124
articulating,124
"hospital,",124
philosophy,124
there’ll,124
adoration,124
papa!”,124
wasting,124
dissolution,124
administrative,124
confidential,124
“sónya!,124
“ask,124
"sob,",124
trend,124
bless,124
universe,124
supposition,124
wisest,124
heiresses,124
"trousers,",124
pills,124
quickness,124
speed.,124
obeyed,124
slapping,124
endured,124
"roofs,",124
grumbled,124
wandering,124
"refused,",124
disclose,124
forwards,124
estrangement,124
"thiers,",124
xxxiv,124
"distinctly,",124
guidance,124
thing.”,124
hardest,124
devil!,124
overcame,124
grékov,124
genuine,124
"conviction,",124
notice.,124
rook,124
“an,124
gleeful,124
ecstasy,124
beds,124
friend?,124
respond,124
intensified,124
living.,124
"mine,",124
suggest,124
lesson,124
roared,124
"apartments,",124
conqueror,124
slobóda,124
ministers,124
suspense,124
chip,124
extend,124
disdain,124
rests,124
"riding,",124
together.”,124
man—a,124
switzerland,124
"sadly,",124
faster.,124
interval,124
"wedding,",124
noon,124
cocked,124
natásha...,124
"being,",124
lump,124
"kolochá,",124
bond,124
trot.,124
tapping,124
pilgrim,124
dessalles.,124
country.”,124
promises,124
you:,124
zeal,124
corps.,124
maneuver,124
"meeting,",124
"hastily,",124
awake.,124
suggestions,124
traitors,124
meaningless.,124
workman,124
candles.,124
depressed.,124
shaped,124
langeron,124
improper,124
arakchéev.,124
immeasurable,124
unaware,124
“remember,124
bloodthirsty,124
good-naturedly,124
"bedouin,",124
latter’s,124
month.,124
"leaves,",124
"gravitation,",124
burnt,124
"though,",124
drink!”,124
promotion,124
french?”,124
mère,124
tidied,124
fatherland!,124
anything?”,124
"deal,",124
"brain,",124
courteous,124
festive,124
yes...,124
"slender,",124
landing,124
excuses,124
proposition,124
disturbing,124
"heart,”",124
gossip.,124
approached.,124
consultations,124
tomorrow?”,124
costing,124
"hunting,",124
give.,124
chère,124
links,124
exasperated,124
pierre!,124
prince?,124
remembrance,124
interests.,124
who?”,124
please.”,124
regiment.”,124
harsh,124
arising,124
know:,124
dismal,124
jolting,124
incorrect,124
boston,124
happily.,124
affectionately.,124
breathe,124
heart.”,124
myself!”,124
bloodshot,124
din,124
"gutenberg\"",124
palm,124
table?”,124
scented,124
"groans,",124
"decorations,",124
"certain,",124
valley.,124
utterly,124
butler’s,124
off.”,124
awful!,124
eagerly.,124
"buildings,",124
"suffers,",124
portrait.,124
fortresses,124
"salon,",124
amazement,124
asked:,124
contributions,124
deserted.,124
"superiors,",124
before?”,124
triumph.,124
"particular,",124
treasure,124
occupied.,124
honor.”,124
discipline.,124
partition,124
"madly,",124
wintzingerode,124
stairs.,124
taciturn,124
ran.,124
artilleryman,124
"repulsed,",124
desperately,124
artillerymen,124
murders,124
conjunction,124
soothing,124
peoples.,124
rising.,124
"mary,”",124
"start,",124
"dinner,”",124
hounds.,124
state.,124
"reasonably,",124
"needed,",124
addition,124
ravine,124
cruelly,124
director,124
tróitsa,124
footing,124
drubetskáya,124
"satisfied,",124
imitating,124
aides-de-camp.,124
evidence,124
duties.,124
red-spotted,124
speech.,124
"whispers,",124
metallic,124
forget.,124
author,124
resounding,124
prussia.,124
given.,124
minimum,124
plate,124
"glittering,",124
gifted,124
mamma.”,124
plaster,124
comprehend,124
wailing,124
"audience,",124
irritating,124
"“well,”",124
fortify,124
beatific,124
“here’s,124
lying.,124
sing.,124
holidays,124
performed.,124
combinations,124
bare.,124
aimless,124
tries,124
opposite.,124
inspected,124
distinction,124
"alike,",124
continues,124
irritable,124
amazing,124
quiver,124
‘go,124
position?”,124
snow-covered,124
why?”,124
uselessly,124
represent,124
spirits.,124
cavalry.,124
"hear,",124
gestures,124
coughing,124
"allies,",124
thirty-five,124
unwritten,124
"whip,",124
"number,",124
"begin,",124
sill,124
"unmarried,",124
imbued,124
respectfully.,124
remember.,124
reconciled,124
unavoidable,124
fluttering,124
"“mary,”",124
needle,124
"tables,",124
"dmítri,",124
moment!”,124
"less,",124
washing,124
streaming,124
designs,124
"down,”",124
repressed,124
points,124
"orël,",124
chatter,124
soothe,124
suspected,124
"biscuit,",124
shove,124
triumphantly,124
look!”,124
deepest,124
erected,124
blue-gray,124
distinctions,124
"shakos,",124
likeness,124
means.,124
nuisance,124
wounds,124
persistently,124
people?,124
harvest,124
morally,124
split,124
don’t!,124
"sill,",124
unfolding,124
suppress,124
himself;,124
onlookers,124
"feeble,",124
bluish,124
"cases,",124
brush,124
rapp.,124
resemble,124
clouded,124
cabinet,124
moscow!”,124
applicable,124
warfare.,124
"intellect,",124
merchant’s,124
word!,124
it...”,124
over;,124
dangerous.,124
everybody’s,124
objections,124
"sabers,",124
scrap,124
orlóv-denísov,124
"states,",124
deigned,124
forgiveness.,124
tubs,124
groaning,124
battle;,124
stimulated,124
sir!”,124
dagger,124
charged,124
"raévski,",124
bear.,124
waistcoat.,124
problems,124
"wrote,",124
floundering,124
victim,124
happen?,124
frosty,124
trick,124
bigger,124
"approached,",124
ruddy,124
a...,124
d’you,124
masses.,124
servant.,124
lookout,124
deserve,124
today.”,124
siege,124
qu’il,124
reviewed,124
"pitiful,",124
stab,124
velvety,124
bliss.,124
"harvest,",124
castle.,124
yell,124
godfreys,124
"cloaks,",124
"portrait,",124
coats,124
footpace,124
gallop.,124
"enthusiasm,",124
pin,124
muslin,124
nature.,124
clay,124
mason.,124
virgin’s,124
mankind.,124
"nearer,",124
exposed.,124
swarmed,124
valets,124
relay,124
screened,124
"human,",124
issues,124
gentlemen?”,124
bitterly.,124
"looting,",124
"battalions,",124
securing,124
dessalles’,124
campfires.,124
humanity’s,124
love;,124
gardens,124
“better,124
troykas,124
accepting,124
"eat,",124
lathe,124
gray-haired,124
plans.,124
chattering,124
tenths,124
done?”,124
repay,124
"“only,",124
"yaroslávl,",124
stamped,124
maid.,124
“nicholas,124
sincerity,124
papers.,124
"reproach,",124
sergeants,124
carelessly,124
armistice,124
round-shouldered,124
"run,",124
"information,",124
staircase,124
"marauders,",124
"advice,",124
“too,124
"slowly,",124
“márya,124
unseemly,124
"hoofs,",124
twenty-two,124
convictions,124
new.,124
"italian,",124
allows,124
"it),",124
to...”,124
already?”,124
"posts,",124
humming,124
"idleness,",124
carted,124
same.”,124
anxiety.,124
trunks,124
thumb,124
impatience,124
purely,124
"softened,",124
"incomprehensible,",124
blindfolded,124
repressing,124
"compressed,",124
inclination,124
booming,124
"stairs,",124
swedish,124
red-nosed,124
"letter,”",124
mortier,124
lad.,124
"lay,",124
dispersed.,124
reminiscences,124
faraway,124
to.”,124
congratulations,124
slim,124
“love,124
doll,124
"favor,",124
over.”,124
"accustomed,",124
sell,124
creditors,124
magnate,124
conscience.,124
"badly,",124
easy.,124
duke’s,124
"advanced,",124
us;,124
"friends,”",124
skins,124
garden.,124
gerásim.,124
"vicomte,",124
"consider,",124
corpse,124
"tutors,",124
"ease,",124
buried,124
tower,124
calmer,124
"beast,",124
"west,",124
humiliation,124
planks,124
lover,124
unfolded,124
groom.,124
complying,124
reinforcements,124
intelligible,124
vindictive,124
seats,124
"reflected,",124
had.,124
balls.,124
"wanted,",124
balagá.,124
broadsheet,124
then...”,124
stretcher,124
station.,124
unreasoning,124
flushing.,124
daniel’s,124
highness.”,124
"fifteen,",124
"plate,",124
"dissatisfied,",124
"offices,",124
"burning,",124
fourteenth,124
nizhegórod,124
aloof,124
"moscow,”",124
fireworks,124
rivals,124
locks,124
thoughtfully,124
ordering,124
"mentioned,",124
"crime,",124
responded,124
battalion.,124
"muddy,",124
cruelty.,124
boguchárovo.,124
caressed,124
bottle.,124
"rank,",124
lagging,124
elegantly,124
petted,124
“devil,124
strewn,124
sans,124
undress,124
faculty,124
understand!”,124
"try,",124
fancies,124
"forgive,",124
"agreeable,",124
"reasoning,",124
"ambassador,",124
footstep,124
seizes,124
ascribe,124
dismount,124
"leaders,",124
going.”,124
repeating:,124
hers.,124
saved.,124
gazette,124
belt,124
"contradiction,",124
grimace,124
"promise,",124
"entreaty,",124
miserable,124
emitted,124
self,124
much.”,124
residents,124
justifications,124
unnaturally.,124
expect.,124
disfigured,124
mocking,124
flies,124
discontented,124
jokes,124
bursts,124
strip,124
vereshchágin.,124
fitted,124
flows,124
whiskers,124
coincides,124
stain,124
"boulevard,",124
singly,124
operating,124
xxx,124
butler,124
“yes.”,124
me?...,124
not!”,124
"expected,",124
"decided,",124
well-fed,124
sovereign’s,124
"liberty,",124
smashed,124
mathematics,124
happy.”,124
corporal’s,124
"map,",124
conviction.,124
then?,124
"woods,",124
tortoise,124
contain,124
poorer,124
spirit.,124
afresh,124
forage,124
"camps,",124
palace.,124
bravest,124
upside,124
asylum,124
"prayers,",124
high-pitched,124
grabbed,124
kazán,124
"grain,",124
bored,124
french;,124
"boston,",124
race.,124
symmetrically,124
so;,124
doing?”,124
sob,124
prevailed,124
renounced,124
sniffed,124
thence,124
harmful.,124
says.,124
fortifications,124
"involuntarily,",124
delayed,124
all?”,124
tendency,124
failure,124
brought.,124
foraging,124
allotted,124
"heights,",124
zealous,124
understand?,124
"otherwise,",124
barn.,124
doubtful,124
imposing,124
reassured,124
swore,124
wink.,124
army!,124
"harm,",124
circassian,124
"tonight,",124
refused.,124
mary!”,124
saddles,124
highroad.,124
choir,124
midwife,124
violence,124
hath,124
know?”,124
unfastened,124
harp,124
occurrence,124
"olmütz,",124
surround,124
skirts,124
cordially,124
ryefield,124
meditating,124
injured,124
conquer,124
argued,124
malevolent,124
misery.,124
spectacle.,124
"saddles,",124
"ignorance,",124
offices,124
knight,124
delegated,124
"settled,”",124
guards?”,124
unaccustomed,124
sitting.,124
perished.,124
"significance,",124
panorama,124
shake,124
dip,124
stealthily,124
peasant’s,124
inhabitants.,124
thing!”,124
"easy,",124
uses,124
see...,124
debts.,124
"engaged,",124
eleventh,124
grandee,124
sparrow,124
buckwheat,124
"horse,”",124
offend,124
run.,124
"joyfully,",124
land.,124
we?,124
parents’,124
commands.,124
“natásha!”,124
previously.,124
refuting,124
"bolkhovítinov,",124
date,124
orlóv,124
heightened,124
for!”,124
ahead.,124
"stein,",124
evident.,124
sloping,124
hushed,124
staggered,124
flatter,124
"removed,",124
men!,124
monstrous,124
implanted,124
alexéevich.,124
decree,124
republican,124
"uncle,",124
"don’t,",124
true?”,124
empty.,124
works.,124
suits,124
"couple,",124
off!,124
prized,124
beausset’s,124
coquettish,124
"deeply,",124
flanks,124
distract,124
"dense,",124
language,124
"eager,",124
flirt,124
reckless,124
"cousin,”",124
doorway.,124
wishes.,124
scratched,124
"ney,",124
states.,124
whirled,124
"architect,",124
dreadful.,124
discharged,124
wavering,124
precise,124
hessian,124
shámshevo,124
slave,124
wearied,124
"continually,",124
spy,124
breakfast,124
magic,124
"spring,",124
pond,124
forgiven,124
curling,124
"himself,”",124
impulsive,124
embroidery,124
"busy,",124
“must,124
"emperors,",124
dispatching,124
"solemn,",124
flopped,124
could.,124
"mílka,",124
boxes,124
workmen,124
bliss,124
irregular,124
"revoir,",124
hesitated,124
settled.,124
reaction,124
limitation,124
mute,124
ear.,124
stick.,124
opponent’s,124
horrid,124
nonobservance,124
can’t.”,124
fugitives,124
"wings,",124
movement;,124
scrutinized,124
"struggle,",124
continued:,124
"four,",124
himself!,124
decent,124
reply:,124
ápsheron,124
balcony.,124
provision,124
"china,",124
"uncle,”",124
downwards,124
"feel,",124
nursed,124
"cunning,",124
conquerors,124
reception.,124
"perhaps,",124
"“you,",124
buckled,124
horses;,124
slippers,124
“papa!,124
"duties,",124
chapel,124
pardon,124
pleasanter,124
gauze,124
"conversations,",124
limit.,124
campan’s,124
channel,124
started.,124
succeed,124
cadet’s,124
"schönbrunn,",124
angered,124
omitted,124
headquarters.,124
"companions,",124
uphill,124
wailed,124
folding,124
senseless.,124
"gardener,",124
expense,124
outlook,124
"traitor,",124
life.”,124
rigid,124
disgraceful,124
declaring,124
wrath.,124
berg.,124
reigned,124
formidable,124
ignorance,124
"late,”",124
"queen,",124
"recently,",124
fine!,124
covers,124
"satisfaction,",124
messenger.,124
"happen,”",124
varying,124
utterance,124
"bezúkhova,",124
taurida,124
murmured.,124
versa.,124
wormwood,124
arrivals,124
secretly,124
downward,124
stinging,124
“they’ll,124
“little,124
plaintive,124
continuity,124
"huntsman,",124
power?,124
ruling,124
fait,124
pardon.,124
dislike,124
awfully,124
"tavern,",124
countess!”,124
"far,",124
"shots,",124
veins,124
lost?,124
“something,124
cette,124
"spirits,",124
softening,124
science.,124
“man,124
mother.”,124
"mob,",124
tearful,124
artillery.,124
left...,124
“what!,124
plea,124
"irony,",124
befits,124
"fëdorovna,",124
sleek,124
belóva,124
fur-lined,124
handful,124
thousand.”,124
bled,124
profundity,124
complain,124
"mistaken,”",124
please!,124
stupidity,124
website,124
xxxii,124
"meaningless,",124
random,124
regained,124
disorder.,124
tuft,124
contingencies,124
inverse,124
chatted,124
openly,124
shouted:,124
"dangerous,",124
guards’,124
"stationed,",124
hussar’s,124
reproach.,124
"i,”",124
tragic,124
resignation,124
motion.,124
mothers,124
knowledge.,124
"type,",124
trifle,124
unwilling,124
"completely,",124
bogdánovna,124
threshold.,124
"traveler,",124
"nation,",124
desperation,124
grasped,124
slackening,124
remembers,124
act.,124
astonishment.,124
"porter,",124
proudly,124
within.,124
“yet,124
woods,124
now:,124
exempt,124
golítsyn,124
austria’s,124
exist.,124
noisy,124
gains,124
sake...,124
more!,124
imposed,124
gabriel,124
bolkónski?”,124
hours.,124
stein,124
"difference,",124
forbid,124
man?,124
ribbons,124
game.,124
niece,124
sphere,124
twenty-ninth,124
tents,124
yourself!,124
"niece,",124
"indifference,",124
(with,124
captive,124
mechanism,124
“whether,124
fiercely,124
"finally,",124
"stories,",124
him—not,124
carpets.,124
well?,124
evenings,124
greatcoats,124
"can’t,”",124
furnished,124
disadvantage,124
schlappanitz,124
secondary,124
"rapp,",124
trademark.,124
hitting,124
traitors!”,124
"enemies,",124
"diary,",124
laughingly,124
slightly.,124
"vile,",124
antechamber,124
begin.,124
stretcher.,124
"yellow,",124
“no.,124
favor.,124
amounted,124
"hurry,",124
"height,",124
sidelong,124
emotions,124
labors,124
suis,124
divinity,124
knights,124
either.”,124
"jurisprudence,",124
"days,”",124
"painful,",124
enemies.,124
ha!”,124
examples,124
dórokhov’s,124
patronizing,124
about;,124
rightly,124
dazzled,124
other;,124
noting,124
"crying,",124
"extended,",124
shocked,124
raised.,124
attaining,124
"empire,",124
you—i,124
awkward.,124
"talent,",124
"request,",124
"circles,",124
life?,124
tilsit.,124
"leash,",124
"perspiring,",124
"spain,",124
"folk,",124
half-open,124
hairs,124
himself.”,124
summon,124
time:,124
heartily,124
"battlefield,",124
"stream,",124
nice?”,124
three...,124
seizure,124
"rumyántsev,",124
xxxiii,124
radiantly,124
"host,",124
très,124
glad!”,124
boy...,124
"roads,",124
benefactor’s,124
10,124
curls,124
crystal,124
discharge,124
key,124
devils,124
"dressing,",124
entangled,124
"useful,",124
"desires,",124
life?”,124
house;,124
reflecting,124
blindman’s,124
hollow.,124
accident,124
you....,124
finished.,124
"shout,",124
contempt.,124
repulsive,124
"abbé,",124
querulous,124
"lad,”",124
coachmen,124
much!,124
cork,124
"ilágin,",124
looted,124
"executed,",124
son;,124
might.,124
vehicle,124
scouts,124
snub-nosed,124
awarded,124
re-entered,124
gift,124
neighborhood,124
"progress,",124
definition,124
"should,",124
hippolyte’s,124
come...,124
aide-de-camp.,124
italy,124
hand;,124
himself?,124
twelfth,124
like.,124
buzz,124
convulsively,124
"visible,",124
hack,124
pleased.,124
battle.”,124
znaim.,124
"coffin,",124
governing,124
impetus,124
thiers,124
entertainment,124
waddling,124
b,124
"piteous,",124
finished!”,124
savory,124
recovering,124
say.”,124
"wagon,",124
"coldly,",124
impetuously,124
"rye,",124
"desire,",124
"politely,",124
"kissed,",124
come!,124
prearranged,124
irritable.,124
"having,",124
jurisprudence,124
"borzoi,",124
copernicus,124
topic,124
alone!”,124
yes;,124
“whom,124
bachelor,124
fifteenth,124
"wills,",124
hugged,124
along!”,124
couple.,124
funeral.,124
noisily,124
n’y,124
"alone,”",124
exemplary,124
altered.,124
seeks,124
gospel,124
completely.,124
"peoples,",124
boyars,124
“vous,124
"arrive,",124
inquiringly.,124
detachment.,124
hospitable,124
"candles,",124
"traditions,",124
"nicholas,”",124
experiments,124
sympathy.,124
confidently,124
mot,124
"write,",124
"shaggy,",124
guard.,124
foe.,124
"temper,",124
glad!,124
in?,124
verbal,124
"arguments,",124
rudely,124
hastily.,124
worlds,124
child!,124
fragrance,124
creating,124
faded,124
on!...,124
"some,",124
cannon.,124
"perspiration,",124
"quite,",124
thirteenth,124
"strangely,",124
perpetual,124
sober,124
"plumes,",124
doors.,124
china,124
tools,124
"enough,”",124
regularly,124
"sleigh,",124
crimes,124
stately,124
rejoiced,124
bandage,124
sort.,124
misunderstanding,124
sting,124
"waiting,",124
"necks,",124
frontiers,124
"orlóv-denísov,",124
exaggerated,124
whips,124
"weight,",124
"walked,",124
parquet,124
know;,124
recruits,124
coincidence,124
inferior,124
bows,124
"magnanimity,",124
“how’s,124
emphasis,124
"ask,”",124
"soon,",124
violent,124
"eagerly,",124
allowance,124
"through,",124
reverberated,124
landowners,124
"has,",124
dispersing,124
gait,124
"pieces,",124
reread,124
preoccupation,124
"hendríkhovna,",124
medical,124
understand?”,124
snoring,124
mode,124
go?,124
"petersburg,”",124
tomorrow...,124
eastward,124
emptying,124
"discipline,",124
"spy,",124
"england,",124
fish,124
"smooth,",124
"militia,",124
burned.,124
municipality,124
sickly,124
fine!”,124
collar.,124
obligations,124
foreboding,124
tallow,124
"highness,",124
tie,124
relatives,124
war;,124
sait,124
reviews,124
proposals,124
“kindly,124
offer.,124
"beaming,",124
spies,124
blazing,124
rapier,124
"sorry,",124
shifted,124
marks,124
pitched,124
twirled,124
plowed,124
clear.,124
"corn,",124
awaken,124
certain.,124
gilt,124
dispute.,124
forcing,124
jena,124
entrenched,124
oats,124
bennigsen.,124
robbed,124
"platón,",124
already.,124
"playing,",124
events?,124
"evident,",124
disregarding,124
lain,124
"tiptoe,",124
pairs,124
moscovites,124
"art,",124
ruinous,124
twice.,124
easily.,124
transformed.,124
"running,",124
"pondered,",124
colonel?”,124
opportunities,124
"berthier,",124
organized,124
aunt.,124
"spoke,",124
alert,124
‘how,124
satisfying,124
rent,124
incidents,124
disgraced,124
minister’s,124
knee-deep,124
peculiarities,124
traditions,124
defining,124
destiny,124
politely,124
rostóva’s,124
differences,124
"weep,",124
love?,124
tutors,124
"december,",124
speránski.,124
paragraphs,124
xxix,124
rejoinder,124
thinner,124
burdened,124
d’ye,124
"transport,",124
serenity,124
know?,124
"glasses,",124
brains,124
boiling,124
building.,124
adjusting,124
pitch,124
come?”,124
removed.,124
levee,124
copse.,124
piteously,124
"personage,",124
“vasíli,124
salver,124
undefined,124
founded,124
displeasure,124
3rd,124
intrigue,124
vestibule,124
reckon,124
"washed,",124
"explanation,",124
butt,124
dividing,124
inquisitive,124
mary?”,124
“put,124
attendant,124
bared,124
ingratiating,124
course!”,124
alleged,124
french),124
brünn.,124
"temple,",124
detected,124
"ear,",124
twilight,124
opposing,124
factor,124
rumyántsev,124
him—the,124
frederick,124
"correct,",124
valiant,124
"mankind,",124
courtier,124
humble,124
"sold,",124
too!,124
falling.,124
overflowed,124
converse,124
am.”,124
indifferently,124
exploits,124
spoke.,124
‘it’s,124
tactics,124
gesticulating.,124
swarthy,124
kozlóvski.,124
prevents,124
intangible,124
supports,124
fearful,124
meet.,124
turmoil,124
outcome,124
“granddad”,124
bit.,124
frenchman.,124
neatly,124
"higher,",124
"mazurka,",124
rubbish,124
“he’ll,124
"july,",124
you!...,124
"favorite,",124
weakened,124
"mouths,",124
"elbows,",124
constrained,124
striving,124
hurts,124
countless,124
cough,124
"sister,”",124
ward,124
emperors’,124
"far,”",124
"rome,",124
patience.,124
stars.,124
compliance,124
fashion,124
"touched,",124
else’s,124
(his,124
shore,124
herself:,124
"sunday,",124
south,124
"empty,",124
"rows,",124
(from,124
"theory,",124
migration,124
helped!”,93
"fury,",93
"disconcerted,",93
podgy,93
"intimate,",93
repnín.,93
sunshine.,93
courted,93
turks,93
obolénski’s,93
poetry,93
foundation's,93
"appeal,",93
surveying,93
conspicuous,93
combed,93
brilliantly,93
speedy,93
operation,93
say!,93
"dew,",93
“father!,93
chantry,93
include,93
initiated,93
restlessly,93
french.”,93
differed,93
disaster,93
coin,93
"perfume,",93
incited,93
"artillerymen,",93
futile,93
cleverer,93
"crushed,",93
chalk,93
blasphemous,93
"trial,",93
postpone,93
dimple,93
arisen,93
"rampart,",93
aunt?”,93
d’enghien,93
flaming,93
"sent,",93
"mountains,",93
armchair.,93
“like,93
"lives,",93
"gloves,",93
louisa,93
yells,93
intact,93
disclaimer,93
"wife,”",93
brightness,93
faut,93
broom,93
superiors,93
invariable,93
"week,",93
rugáy,93
"morose,",93
"ancients,",93
undermining,93
hive.,93
rhythmically,93
"reception,",93
"later,”",93
“mamma,93
submit.,93
useful.,93
flooded,93
weeks.,93
dieu!”,93
"full,",93
friend...,93
stimulating,93
yet?”,93
"do),",93
suitor,93
sleeve.,93
eat.,93
grabern.,93
shaping,93
"overseer,",93
sleep.”,93
biscuit,93
him....”,93
avert,93
stammered,93
"station,",93
slower,93
stop!”,93
"disputes,",93
remember!”,93
"territory,",93
equality.,93
riotous,93
harnessed.,93
spectacled,93
landed,93
will!,93
think.,93
hem,93
imply,93
shakos,93
"inevitable,",93
drone,93
"well-known,",93
banquet.,93
glad?”,93
"details,",93
claimed,93
lads,93
carelessness,93
ambassador’s,93
grouped,93
meat,93
emitting,93
arose.,93
extra,93
charming.,93
worthless,93
"lower,",93
stood.,93
ours!”,93
"gentry,",93
odd,93
furnish,93
repugnant,93
noisily.,93
elements.,93
"license,",93
tossing,93
“heaven,93
politely.,93
conscientious,93
"grandfather,",93
"greatcoats,",93
provoked,93
apologize,93
adjacent,93
outskirts,93
laden,93
father!”,93
schools,93
province.,93
plaited,93
vacant,93
"fatigue,",93
leppich,93
whither,93
tub,93
"drawer,",93
"fro,",93
"vanguard,",93
angel’s,93
urgently,93
"witness,",93
"heat,",93
demonstration,93
angina,93
11,93
dark-green,93
complacent,93
seating,93
stragglers,93
furious,93
rhine,93
undecided.,93
"half,",93
house!,93
"misfortune,",93
implied,93
"agreed,",93
"bells,",93
city;,93
features.,93
"danced,",93
"terrible,”",93
situated,93
swarming,93
vehicle.,93
bit!”,93
deceiving,93
"length,",93
princess?,93
principles.,93
"karáy,",93
“where’s,93
"stalls,",93
tastes,93
requirements,93
"unfathomable,",93
"shámshevo,",93
"good-looking,",93
scarf.,93
"bachelor,",93
knives,93
tidings,93
(i,93
"wounds,",93
listeners,93
copse,93
"confidence,",93
mítka,93
costumes,93
"crimes,",93
him—an,93
"groaned,",93
prices,93
"heap,",93
occurs.,93
stay.,93
calmly.,93
clinking,93
soul!,93
sailor,93
"doubts,",93
interfering,93
whom.,93
plainly:,93
father!,93
seething,93
progression,93
"ken,",93
not;,93
"hostess,",93
incredible,93
deference,93
yellowish,93
general.”,93
clenching,93
"calls,",93
noses,93
men—the,93
"locality,",93
cherish,93
chase.,93
"projectiles,",93
examines,93
inherit,93
“moscow,93
"expressions,",93
neighbors,93
please.,93
boomed,93
naples,93
unheard-of,93
"undertaking,",93
intentionally,93
"offended,",93
thieves,93
expanse,93
shoving,93
"hurt,",93
"pratzen,",93
afresh.,93
"suppose,”",93
joined.,93
"engagement,",93
commonplace,93
impotence,93
contradicted,93
asiatic,93
"perhaps,”",93
agreement.,93
ill-suited,93
smelt,93
tying,93
frontier.,93
lise’s,93
"dokhtúrov,",93
lazily,93
heights.,93
considerations:,93
"unusual,",93
recommenced,93
restlessness,93
boards,93
dignity.,93
3,93
column.,93
"unnatural,",93
tables.,93
resembles,93
"triumph,",93
jaunty,93
loved;,93
guise,93
knot.,93
from?,93
"mirror,",93
"buffoon,",93
purchaser,93
30,93
absently.,93
enfeebled,93
david,93
"bald,",93
menace,93
tapped,93
"“wostóv,",93
offense,93
"musket,",93
"bogdánovna,",93
"smell,",93
"eight,",93
corresponded,93
halves,93
"absurdity,",93
mean.,93
migrations,93
shapely,93
frigid,93
"hey,",93
regiment;,93
inlaid,93
spilled,93
goose,93
"twentieth,",93
candle.,93
duchy,93
"sleep,”",93
inexplicable,93
consistently,93
"convention,",93
difficult.,93
driver.,93
"poetry,",93
commissaries,93
“her,93
money!,93
fellow...,93
shaved,93
officer...,93
langeron’s,93
another.”,93
disagreement,93
"credit,",93
reproved,93
ardent,93
defeats,93
"hawkers,",93
"tradesmen,",93
"grand,",93
major-domo.,93
comparative,93
“write,93
lamps,93
hoarsely.,93
shooting,93
"fodder,",93
flags,93
manages,93
improvement,93
pleaded,93
distances,93
hands.”,93
friends!,93
antique,93
popped,93
‘but,93
casement.,93
anecdotes,93
on?,93
most.,93
wisdom.,93
saw.,93
communicate,93
frequented,93
"tales,",93
"simon,",93
"luxury,",93
originator,93
eau,93
sins.,93
morand’s,93
expressed.,93
motives,93
expectations,93
widely,93
scraping,93
eagle,93
exiled,93
equipment.,93
packs,93
fortunately,93
indolently,93
insufficient,93
"repeating,",93
"cries,",93
rule.,93
sweetly,93
tsérkov,93
above.,93
heal,93
"lads,”",93
platoon,93
“stretchers!”,93
"self,",93
charity,93
remotest,93
"solitude,",93
needlessly,93
"revolutions,",93
thigh,93
"suffered,",93
insist,93
readjusted,93
preserved,93
marches,93
“where?,93
"tracks,",93
"arranged,",93
woolen,93
"politeness,",93
"either,”",93
"larrey,",93
"whistling,",93
fédya,93
adore,93
oaks,93
before!”,93
hundredth,93
lóbnoe,93
cupolas,93
sullen,93
"grave,",93
“but...,93
“catch,93
sources,93
"screams,",93
commiseration,93
decided.,93
ceremonial,93
adam,93
"ecstatically,",93
"past,”",93
home?”,93
throbbing,93
indulgence,93
"provinces,",93
borders,93
army—which,93
turn-down,93
"contemptuously,",93
"serving,",93
emphatic,93
dimmed,93
"roar,",93
fly.,93
stating,93
blow.,93
"determined,",93
denied,93
kings,93
rioting,93
"malásha,",93
"rule,",93
singsong,93
undefinable,93
vicomte.,93
friend...”,93
mamma.,93
handkerchiefs,93
weight.,93
“captain,93
gervais,93
time!,93
fonder,93
"publican,",93
"mytíshchi,",93
same!”,93
boiled,93
indissoluble,93
radiated,93
timidly.,93
frame.,93
"game,",93
proposing,93
frosts,93
mown,93
stricken,93
monster,93
"kiss,",93
others.”,93
they?,93
"accountant,",93
mustered,93
endeavor,93
crafty,93
rank.,93
manorial,93
ambition,93
adventures,93
"pulse,",93
"heavy,",93
encountered,93
expedient,93
criminals,93
"artisans,",93
"gossip,",93
"fine,”",93
invariably,93
"shrewd,",93
quill,93
skirmishing,93
"wrinkled,",93
unjust,93
ruin.,93
chamber,93
funeral,93
fëdorovna’s,93
afraid.,93
"oldenburg,",93
kurákin,93
nurses,93
winds,93
raining,93
"vicomte,”",93
where.,93
people!,93
overcoats,93
can’t...”,93
"altered,",93
hotel,93
followed.,93
wallet,93
privileges,93
speak?”,93
"judgment,",93
doubt.,93
"courtyard,",93
vigorously,93
powers.,93
"exile,",93
spell,93
“turn,93
foundation.,93
practiced,93
légion,93
narrated,93
plundered,93
shyness,93
"tranquillity,",93
hendríkhovna.,93
win.,93
"soil,",93
"youthful,",93
"pierre,”",93
bestowed,93
flock,93
expression;,93
crossly,93
"together,”",93
"silently,",93
pierced,93
stormy,93
strange.,93
me.’,93
nikíta,93
wrote:,93
natural.,93
terrific,93
"personal,",93
"april,",93
ranged,93
favorably,93
"sunshine,",93
"puckered,",93
happiness!”,93
"self-confident,",93
regeneration,93
"stars,",93
doffed,93
"matrëna,",93
ilyín.,93
spluttered,93
completed.,93
develop,93
“know,93
"elderly,",93
"passage,",93
“long,93
hollabrünn,93
bushes.,93
"trouble,",93
dispositions.,93
"brighter,",93
woman!,93
"useless,",93
squeaking,93
trousseau,93
“wasn’t,93
he”,93
hilt,93
grunth,93
benefit.,93
gaiety.,93
happiness.”,93
flush,93
keenly,93
doubting,93
anyone?”,93
"hood,",93
tongues,93
chemical,93
busily,93
"jesting,”",93
grew.,93
"tolstóy,",93
death’s,93
"ruined,",93
contemplation,93
malady,93
celebrate,93
merchants,93
"serf,",93
"shcherbínin,",93
obediently,93
"mantle,",93
mary;,93
“who?,93
heel,93
connoisseurs,93
tremor,93
older.,93
mikháylovich,93
truth?”,93
comprehension.,93
"antichrist,",93
madness,93
"shevárdino,",93
tasted,93
so!,93
sabretache,93
berlin,93
letter?”,93
considering.,93
"differently,",93
zeal.,93
reader,93
lunatics,93
"bolkónskaya,",93
enchanted,93
"gates,",93
reviewing,93
"stirred,",93
tuned,93
besuhof,93
leadership,93
buying,93
hammering,93
eats,93
orb,93
bivouac,93
constitutional,93
"nightcap,",93
quick!,93
are...,93
massacre,93
royalty,93
gambler,93
annoyance.,93
affectionately,93
appropriate,93
disarmed,93
“well?,93
"irritation,",93
are.”,93
spine.,93
recollections,93
liveliness,93
withdrawal,93
factories,93
"greetings,",93
lodged,93
"soon,”",93
"limited,",93
library,93
"enlightenment,",93
badge,93
"conservatory,",93
"firmness,",93
“nothing...,93
squatted,93
"paces,",93
naïveté,93
tacit,93
merriment.,93
country;,93
questioningly,93
priceless,93
room;,93
pistols,93
"icon,",93
awful!”,93
advice.,93
same!,93
‘je,93
anyone;,93
"fired,",93
awoke.,93
sanctuary,93
name!”,93
cossack’s,93
purposes,93
genoa,93
tale.,93
"can,”",93
buttons,93
expedition.,93
"mood,",93
ulm.,93
shelter,93
grand!,93
forever!”,93
"evening,”",93
unconsciousness,93
"bliss,",93
sorrows,93
"creature,",93
vow,93
vítebsk,93
evoking,93
"shining,",93
contrat,93
confusing,93
he;,93
mack.,93
plait,93
scenes,93
"“ha,",93
dessaix’s,93
stretcher-bearers,93
“shut,93
folly!,93
then?...,93
risked,93
“gone,93
pipe!”,93
"daughters,",93
"contempt,",93
pollen,93
"cousins,",93
mysteries,93
entreaty,93
‘you,93
"may,”",93
defective,93
"scowling,",93
gloomy.,93
"civilian,",93
door;,93
foretold,93
arrives,93
guardian,93
"interpreter,",93
orders?,93
compulsion,93
contemporary,93
1.e.1,93
portfolio.,93
portmanteau,93
back?”,93
tempting,93
(berg,93
confidentially,93
staked,93
"sleeves,",93
mason’s,93
striven,93
her—and,93
again?,93
wont,93
grain.”,93
benches,93
"vereshchágin,",93
"meek,",93
moreau,93
begun!,93
militia.,93
"offer,",93
thousandth,93
pursued.,93
"employed,",93
"rules,",93
"exception,",93
flying.,93
so),93
"services,",93
cow,93
convalescence.,93
"zakhár,",93
dieu!,93
"1806,",93
all...,93
snort,93
occasion.,93
too?”,93
"arrangements,",93
edifice,93
rebuild,93
modestly,93
"curls,",93
modesty.,93
blush.,93
"distant,",93
merriest,93
thirty-first,93
"stage,",93
"gestures,",93
assistants.,93
diffusing,93
"interesting,",93
reaping,93
anything?,93
exhausted.,93
quilt.,93
campaigns,93
"occasion,",93
disgust.,93
days.”,93
immobility,93
"waistcoat,",93
wonders,93
irresolute,93
entreated,93
"nobles,",93
consulted,93
"delicate,",93
respect.,93
mamma’s,93
visitors’,93
miles.,93
cherry,93
course!,93
"bare,",93
asleep;,93
occur.,93
"talk,”",93
recruit,93
"disdainfully,",93
"mole,",93
marriageable,93
nudged,93
cordiality,93
grenadier.,93
support.,93
off...,93
address.,93
“haven’t,93
"precise,",93
karágins’,93
"poles,",93
"sallow-faced,",93
"make,",93
civilization,93
boy.”,93
uncle’s,93
manager,93
accent.,93
services.,93
“commander,93
“c’est,93
today?”,93
"honey,",93
achievement,93
aptitude,93
general?”,93
love...”,93
pensively,93
plums,93
stationed.,93
"prepared,",93
uncomfortable.,93
company?”,93
shop.,93
omit,93
enjoyment.,93
“vivat!”,93
"trade,",93
phenomenon.,93
cone,93
endeavors,93
indifference.,93
undertook,93
"“wait,",93
ah,93
news!,93
alternate,93
obeying,93
inches,93
drunk.,93
love?”,93
estimate,93
strange!,93
"mítrich,",93
“afraid,93
"childish,",93
seclusion,93
"monarch,",93
"millions,",93
reformation,93
beards,93
davout’s,93
mouths,93
compromise,93
alpátych’s,93
themselves:,93
"early,",93
"sort,",93
has!”,93
bridle,93
occasions,93
"woman,”",93
open.,93
cheerfulness,93
warned,93
gently.,93
create,93
parents.,93
made.,93
delicious,93
service.”,93
"senses,",93
halo,93
"scoundrel,",93
(what,93
well-bred,93
blunt,93
"ax,",93
jacket.,93
omitting,93
scar,93
"ride,",93
link,93
constantine,93
seconds.,93
"about,”",93
repel,93
cold?”,93
breach,93
waste,93
to...,93
"envy,",93
"thanks,",93
carpet,93
nearer.,93
excused,93
"seriously,",93
neighbor.,93
bélaya,93
“listen,93
gist,93
stony,93
ecstatically,93
savary,93
thousand-ruble,93
"injured,",93
"expectation,",93
cheaper,93
authority.,93
observed.,93
hundwed,93
"complete,",93
sharpening,93
"wished,",93
"impatience,",93
resemblance,93
really...”,93
"minute,”",93
"slightly,",93
turned-up,93
hospitals.,93
nobleman,93
adorer,93
betrothed.,93
"aims,",93
judges,93
maximum,93
"drubetskáya,",93
action!,93
job,93
untrue,93
guardsman’s,93
"treasure,",93
distraction,93
"veranda,",93
article,93
chiffonier,93
"silver,",93
infantry!”,93
cords,93
ducked,93
"overcoats,",93
unimportance,93
come?,93
think...”,93
meetings,93
difficulties.,93
fellow....,93
ragged,93
wagons.,93
it.),93
darling!,93
simplicity.,93
denser,93
horseman,93
apartment.,93
grumbling,93
balk,93
patiently,93
witnesses,93
money.”,93
shading,93
calm.,93
uselessly.,93
but...,93
divert,93
"barn,",93
gates.,93
thrice,93
hardships,93
manifestations,93
"electricity,",93
entity,93
fact.,93
thumping,93
"butler,",93
attaching,93
unpleasantness,93
"captain,”",93
conclusion.,93
"house,”",93
"sídorov,",93
enduring,93
"card,",93
inside.,93
court-martial,93
"rubbish,",93
waltz.,93
discern,93
plundering,93
“without,93
decisions,93
really?,93
monk,93
windows.,93
crossing.,93
"gentlemen,”",93
negotiate,93
"broke,",93
clanking,93
"smoked,",93
duel.,93
irritate,93
continental,93
"defined,",93
yes...”,93
astonish,93
"awake,",93
melody,93
sailing,93
suggested.,93
hearty,93
pay.,93
courts,93
povarskáya,93
victims,93
hoarsely,93
inflicted,93
"projects,",93
stray,93
interest.,93
"fourth,",93
club.,93
"precision,",93
cleverness,93
ville,93
flee,93
karp.,93
crusades,93
tiptoe.,93
wife:,93
"sensible,",93
excellency’s,93
sa,93
countess...,93
reached.,93
promoting,93
rye.,93
"contemporaries,",93
assembled.,93
tradesman’s,93
affording,93
kuzmínichna.,93
abundance,93
postilion,93
thabor,93
forestall,93
expand,93
chosen.,93
engage,93
"considered,",93
stiffened,93
cock,93
speaker.,93
himself!”,93
"trap,",93
sparkled,93
"dresden,",93
derivative,93
inhaled,93
connecting,93
"naïve,",93
"waist,",93
unites,93
"miss,”",93
"stubble,",93
bweak,93
overwhelm,93
"knife,",93
roses,93
trodden-down,93
dwelt,93
babies,93
grounds,93
mare,93
gunpowder,93
doubly,93
seventeen,93
deafened,93
drubetskóy.,93
yourself....”,93
ceaseless,93
"these,",93
"kirílych,",93
"historical,",93
influences,93
hummed,93
rival,93
desk,93
army),93
head;,93
“je,93
slopes,93
personification,93
whining,93
"appointed,",93
"beloved,",93
exile,93
"above,",93
90,93
frequently.,93
atoms,93
scope,93
accessible,93
twitch,93
reserve.,93
freemason,93
slippered,93
reopened,93
trunk,93
observations,93
letters.,93
telescope,93
outline,93
autumn.,93
anonymous,93
but...”,93
"youngest,",93
“besides,93
zat,93
understand...,93
anticipated,93
speeches,93
"freemasonry,",93
steward’s,93
strings,93
"strings,",93
corded,93
withdrawing,93
answers.,93
"retreated,",93
"tartar,",93
motionless.,93
mack’s,93
lined,93
help.,93
face:,93
caldrons,93
panes,93
france.,93
huntsmen’s,93
representatives,93
bolkónskaya,93
"parade,",93
gnawing,93
tour,93
stiff,93
"speed,",93
inspires,93
"amazement,",93
values,93
simpler,93
"connected,",93
"highroad,",93
"broadsheets,",93
kolochá.,93
continue.,93
"sadness,",93
courteously,93
rumored,93
inflammable,93
repose,93
politics,93
"bolkónski,”",93
pricking,93
notre,93
ditch,93
to!,93
"uvárov,",93
"clearness,",93
obstinately,93
hare’s,93
accustom,93
"sea,",93
"tenth,",93
klyucharëv,93
penetrated,93
womanly,93
tear-worn,93
"gossip,”",93
"schmidt,",93
abuse.,93
shades,93
"attacked,",93
float,93
prepared.,93
elemental,93
passes,93
all?,93
bench.,93
will;,93
games,93
count!,93
convent,93
testing,93
starts,93
reluctantly.,93
"fédya,",93
away?,93
iron,93
twenty-four,93
stiffly,93
lime,93
mission.,93
explanations,93
yelled,93
"positions,",93
"heard,”",93
degraded,93
halfway.,93
"bleeding,",93
cushions,93
"wrinkles,",93
“go!”,93
"considerations,",93
deviations,93
editions,93
"empress,",93
should.,93
hurting,93
reminder,93
"regret,",93
deception,93
"dnieper,",93
moscow:,93
monuments,93
"ready,”",93
guiding,93
"sure,",93
"ago,”",93
retorted,93
anything!”,93
"ship,",93
flood,93
personality.,93
demean,93
"language,",93
in!”,93
periods,93
"benefactor,”",93
“won’t,93
scowling,93
"wept,",93
talking!”,93
advising,93
"generally,",93
dominated,93
"pure,",93
designation,93
courtly,93
forfeit!”,93
him—in,93
nod,93
nothing....”,93
perceived,93
prussians,93
listening.,93
pass?”,93
evening.”,93
whom?,93
"use,",93
wardrobe,93
"order,”",93
"boards,",93
accidentally,93
d,93
"gateway,",93
flèches.,93
remainder,93
fluttered,93
reprimanded,93
many.,93
like.”,93
buxhöwden.,93
respected.,93
consoled,93
coiffure,93
survive,93
"peter,",93
deliberation,93
poor.,93
"outside,",93
"occurred,",93
tendencies,93
"harder,",93
"theatricals,",93
quick.,93
are:,93
hurt.,93
replacing,93
circular,93
fellows.,93
"unexpected,",93
piercingly,93
quiet.,93
"commission,",93
analysis,93
freedom?,93
good-by!,93
inhaling,93
tucking,93
impatience.,93
externally,93
to!”,93
hear?,93
jocular,93
footman.,93
lighthearted,93
fever.,93
breaks,93
wonder-working,93
himself—who,93
"blame,”",93
métivier’s,93
broadsheets.,93
kaysárov,93
ledge,93
doing.”,93
"career,",93
thing:,93
calculation,93
wischau,93
"forgotten,",93
scorched,93
"packed,",93
"performing,",93
tête-à-tête,93
severely.,93
springing,93
"announced,",93
aristocratic,93
"dry-eyed,",93
coincided,93
twenty-three,93
sphinx,93
"sokolóv,",93
exhaustion,93
developed,93
nation’s,93
today’s,93
quivered.,93
quicker,93
austrian.,93
man!,93
liquid,93
preservation,93
leaves.,93
primitive,93
dozing,93
“going,93
beef,93
sill.,93
inquiry.,93
afternoon.,93
"cheekbones,",93
capital.,93
"miles,",93
forthcoming,93
chessmen,93
advocates,93
marshals.,93
"unreasoning,",93
them....,93
"joking,”",93
shadows.,93
"shade,",93
song:,93
"tune,",93
assumes,93
fabvier,93
(if,93
diamond,93
bottle!”,93
household.,93
"enns,",93
“some,93
"absent-mindedness,",93
reflected.,93
master!”,93
oldenburg’s,93
identical,93
how’s,93
boat,93
perceptibly,93
maroon,93
prompt,93
else.”,93
augesd,93
"committee,",93
"race,",93
"performed,",93
karágina.,93
nephew.,93
reasons.,93
chewing,93
"keeper,",93
entreat,93
true;,93
hand.”,93
landing.,93
hissed,93
secret.,93
resources,93
here...”,93
"inquired,",93
thoughtful.,93
players,93
"dmítrich,",93
unlimited,93
intercede,93
"naked,",93
"weapons,",93
accurately,93
konovnítsyn’s,93
logic,93
of?”,93
wrenched,93
lashes,93
"breathing,",93
spark,93
murat.,93
will.”,93
tíkhon’s,93
sokolnitz,93
nonsense?”,93
employ,93
"directly,”",93
"aides-de-camp,",93
"sentinel,",93
tarás,93
thrill,93
sway,93
tradition,93
"gentleman-in-waiting,",93
"whistled,",93
watchhouse,93
oldest,93
fool!,93
watching.,93
"greatcoat,",93
villages.,93
piercingly.,93
racing,93
schemes,93
ruts,93
relit,93
fundamental,93
"bad,”",93
enliven,93
"cheerfully,",93
wrath,93
lauriston,93
time;,93
content.,93
government!,93
whom?”,93
company!”,93
fellow?,93
done!”,93
overheard,93
"habits,",93
"divided,",93
terénty,93
"steady,",93
mercy!”,93
lovers,93
"plait,",93
"panting,",93
"gunner,",93
cocks,93
revenge,93
spiteful,93
"permission,",93
"nonsense,”",93
curses,93
"mercury,",93
songs.,93
abusing,93
delicious!”,93
denote,93
lelorgne,93
threads,93
"forth,",93
began:,93
“whose,93
"weeks,",93
"inn,",93
moist.,93
measuring,93
before:,93
inflamed,93
acquaintances.,93
"period,",93
"akhrosímova,",93
ice.,93
quick!”,93
nape,93
"shawl,",93
behalf.,93
dictated,93
"exists,",93
sale,93
tool,93
cushion,93
slope.,93
simultaneously.,93
hat.,93
actor,93
flinging,93
winced,93
revived,93
peaked,93
swiss,93
"sickness,",93
dunyásha.,93
chorus,93
"bridges,",93
nodded.,93
"continue,",93
"equipment,",93
have?”,93
thee!,93
lend,93
"brave,",93
“left...,93
decides,93
scarves,93
longer.,93
staid,93
unlucky,93
realized.,93
instructive,93
"shadows,",93
"courtier,",93
pot,93
arguments.,93
"carpet,",93
mischievous,93
luck!”,93
“since,93
threes,93
wildly,93
"unhappy,",93
appearance.,93
brows.,93
gardens.,93
upsetting,93
l’empereur,93
expectations.,93
"merit,”",93
promising,93
ve,93
detested,93
bohemian,93
entrenchments,93
detect,93
milky,93
"mine,”",93
say...”,93
"refusal,",93
"generosity,",93
manuscript,93
yourself?”,93
year:,93
exalt,93
"ferapóntov,",93
charges.,93
interposed,93
"papa,”",93
happiness!,93
him!...,93
simultaneous,93
blunders,93
"charge,",93
puts,93
squadrons,93
"inner,",93
"raisins,",93
analyze,93
demonstrating,93
necessarily,93
vasílich,93
disturbed.,93
"rate,",93
proverb,93
trouble.,93
fold,93
"october,",93
conferring,93
shelters,93
really!,93
rostóv.”,93
cook.,93
combat,93
"grown,",93
wednesday,93
happen?”,93
adherents,93
"patriotism,",93
redoubt.,93
wrongs,93
sunny,93
attire,93
"diplomatists,",93
truth.”,93
"pleasantly,",93
pounced,93
companions,93
quit,93
twentieth,93
"blow,",93
straw.,93
ram,93
bóry’s,93
piles,93
"evenly,",93
nails,93
caprice,93
"proposal,",93
rebuilding,93
profile,93
say!”,93
count;,93
inheritance,93
"drawn,",93
strap,93
"ulm,",93
decently,93
"duke,",93
nation.,93
descried.,93
chin.,93
"écossaise,",93
chess,93
legion,93
"branches,",93
irrational,93
solicit,93
hinders,93
vanishing,93
ignátyevna,93
mortemart,93
"escape,",93
(at,93
"powder,",93
ugly,93
is!...,93
spun,93
afterwards.,93
"phrase,",93
embarrassed.,93
wineglass,93
minute!,93
conceited,93
“she’ll,93
"“rugáy,",93
"magnates,",93
"complain,",93
vanquish,93
“either,93
carriages.,93
“had,93
ostermann,93
"successfully,",93
hunted,93
incapacity,93
calamities,93
quoting,93
graciously.,93
princess!,93
flaring,93
ballet,93
impenetrable,93
and...”,93
"gypsies’,",93
blessedness,93
stubborn,93
man—the,93
temporary,93
dew,93
idiotic,93
queenless,93
nephew’s,93
bolkhovítinov.,93
whispered:,93
engraved,93
hugging,93
rigged,93
broad-shouldered,93
"speaker,",93
herb,93
decidedly,93
soon?”,93
possible:,93
"hand,”",93
i?...”,93
africa,93
swamp,93
leo,93
nations?,93
carpeted,93
squares,93
"stronger,",93
bruised,93
thanksgiving,93
wiser,93
heard.”,93
meditation.,93
"skirt,",93
awhile.,93
gross,93
howitzers,93
confirms,93
"filí,",93
warranties,93
duty.”,93
redder,93
fortnight.,93
"disorder,",93
know...”,93
trailing,93
free.”,93
crooked,93
bible,93
supplies.,93
"historian,",93
hands;,93
‘is,93
up:,93
upstairs.,93
admission,93
not...,93
hour’s,93
etc.,93
french!”,93
"clearing,",93
excite,93
unexplained,93
"tastes,",93
"foreigners,",93
undercurrents,93
evacuation,93
dispatch.,93
delicacy,93
egotism,93
"downstairs,",93
dwelling,93
refraining,93
"cloth,",93
purse.,93
erroneous,93
friday,93
mounted.,93
collapsed,93
travelers,93
"universe,",93
possibilities,93
really...,93
"brotherhood,",93
"existence,",93
army?”,93
green.,93
"pictures,",93
all),93
deprives,93
superiority.,93
"madam,",93
experienced.,93
"inconvenient,",93
"examination,",93
liberate,93
“god’s,93
have.,93
boundless,93
catastrophe,93
disperse.,93
conquered,93
comforting.,93
wholly,93
wives’,93
funke,93
lackey,93
happy!”,93
habit.,93
"nunnery,",93
"smashed,",93
canopy,93
doctor.”,93
homestead,93
troubling,93
subjected,93
scold,93
powders,93
ants,93
what!,93
much?”,93
guarding,93
rails,93
disengaged,93
"major,",93
imperturbable,93
suites,93
myself?”,93
"remote,",93
us...,93
"much,”",93
"vileness,",93
ramrod.,93
responsibility.,93
stouter,93
politics.,93
fortunate,93
nuts,93
"“forward,",93
dresses.,93
dancers,93
sore,93
department,93
"skin,",93
rural,93
indignation,93
"think,”",93
"debauchery,",93
"fourteen,",93
"for,”",93
long!”,93
mined,93
"jokes,",93
wound.,93
reproaching,93
"wore,",93
survey,93
benefits,93
donning,93
sits,93
nourishment,93
vílna.,93
dorogobúzh,93
constitute,93
"deity,",93
invitations,93
altering,93
cousin?”,93
"explanations,",93
clenched,93
necks,93
death!”,93
"meetings,",93
convey,93
leaving.,93
"exploits,",93
1789,93
beginning.,93
exciting,93
pitied.,93
glade,93
once!”,93
owed,93
screw,93
saint.,93
actors,93
unit,93
child?”,93
tarútino.,93
feature,93
"own,”",93
"lathe,",93
"flushing,",93
whites,93
"vehicle,",93
ho!,93
conflagration.,93
"sobbed,",93
"hearing,",93
reveal,93
modesty,93
convinces,93
roans,93
seed,93
ardor,93
favors,93
voluntary,93
tactical,93
“these,93
restoration,93
enlightenment,93
differs,93
mirth,93
cooper,93
rapidly:,93
approaches,93
exercising,93
"manhood,",93
"markóv,",93
patch,93
bestow,93
painstakingly,93
botanist,93
loyalty,93
caulaincourt,93
donéts,93
dunyásha’s,93
correspond,93
sadness.,93
"timid,",93
“we’re,93
wipe,93
intimately,93
training,93
genuinely,93
meek,93
"jerusalem,",93
"nearest,",93
confide,93
mowing,93
"ancestors,",93
"essential,",93
stamp,93
"stooping,",93
"properly,",93
quartermasters,93
banner,93
rice,93
meddle,93
woman;,93
relief.,93
gloved,93
passing.,93
all....”,93
curtsied,93
reprimand,93
"vanity,",93
visitor’s,93
saint’s,93
uncovered,93
"audible,",93
morning.”,93
chords,93
"sly,",93
strive,93
disputes,93
"o,",93
"spoken,",93
chivalry,93
abstraction,93
here....,93
moment!,93
rivers,93
releasing,93
weyrother.,93
exposure,93
like?,93
“mary,93
"argument,",93
eventually,93
hoarfrost,93
crawl,93
(their,93
stolen.,93
tsar.,93
screens,93
petróvna,93
"journalists,",93
"natural,",93
“things,93
"linen,",93
parted.,93
splendidly.”,93
languidly,93
"healthy,",93
father’s.,93
sufferings.,93
purify,93
self-assurance,93
stepmother,93
bow.,93
ferapóntov.,93
cellar,93
expressionless,93
"directions,",93
store,93
"slope,",93
live.”,93
"nights,",93
"declared,",93
religion.,93
aback,93
dream),93
objected,93
“andrew,93
reminding,93
(on,93
zdrzhinski’s,93
"flight,",93
jerk,93
"jaw,",93
"“hey,",93
limbs,93
furlough,93
rotten,93
"armfeldt,",93
krémlin.,93
málo-yaroslávets,93
economic,93
1.e.9.,93
sympathetically,93
pillows.,93
reads,93
confirming,93
satisfactory,93
streams,93
"perfumed,",93
"magnítski,",93
"afterwards,",93
moonlight.,93
theaters,93
20,93
swallowing,93
hopelessness,93
podólsk,93
hooked,93
sides...,93
annihilate,93
heavens!,93
"punished,",93
essence.,93
edge.,93
voltaire,93
observes,93
philanthropy,93
influential,93
weighs,93
"“nonsense,",93
flapping,93
driver’s,93
overpowered,93
"insignificant,",93
quarrels,93
"smock,",93
"costume,",93
forbade,93
"communion,",93
rebuke,93
vasíli’s.,93
petitions,93
enjoys,93
well-ordered,93
rage.,93
lungs,93
red.,93
eagerness,93
steppe,93
"paul,",93
folk”,93
‘twas,93
somebody.,93
"indecision,",93
for;,93
cloth.,93
so....,93
desire.,93
privation,93
dóbroe,93
pursing,93
noiseless,93
briskness,93
courage.,93
"intervals,",93
fragrant,93
lounge,93
unload,93
concentrated.,93
"expectations,",93
“who?”,93
"saying,”",93
chicken,93
"vítebsk,",93
"accord,",93
yes.”,93
dismounting,93
monkey,93
incident,93
sympathetic,93
order:,93
snatches,93
cords.,93
"attacking,",93
swagger,93
snuffbox.,93
pultúsk,93
liberation,93
govern,93
"metternich,",93
guard’s,93
"górki,",93
“der,93
caprice.,93
convincing,93
carpenters,93
“everybody,93
governess,93
“no.”,93
argue,93
bullets.,93
know...,93
impelled,93
snuff,93
chit,93
labels,93
napoléon,93
“nowadays,93
"sportsman,",93
forth.,93
“lie,93
skull.,93
resuming,93
talk.”,93
scratch,93
"pray,",93
mount.,93
"coming,”",93
opportune,93
quitrent,93
pricked,93
nervously,93
silvery,93
more:,93
"novel,",93
reasonableness,93
“a-tu!”,93
russia;,93
dnieper,93
espied,93
"swaying,",93
ability,93
"bodice,",93
who...”,93
"notebook,",93
calamity,93
gasped,93
decreed,93
adopting,93
aspen,93
anything!,93
"gait,",93
vasílyevich,93
construction,93
"animal,",93
merrily.,93
alluded,93
escorted,93
hear.,93
consistent,93
"wintzingerode,",93
retired.,93
arab,93
zakhár,93
"guest,",93
authentic,93
mastered,93
"obscure,",93
indications,93
"name,”",93
outside.,93
mirror.,93
"written,",93
"mathematics,",93
gospels.,93
“inform,93
"abominable,",93
instead.,93
"charges,",93
"decision,",93
condescend,93
repeating.,93
chord,93
appealed,93
concept,93
"smoothly,",93
theodosia,93
"theodore,",93
deputation.,93
"insane,",93
lightness,93
"intrigue,",93
13th,93
"cathedral,",93
mop,93
going?,93
confiding,93
admits,93
verses.,93
development,93
"secret,",93
strangest,93
"bearers,",93
whirling,93
rattling,93
cross?,93
stubble,93
kutúzov:,93
sword.,93
vibrating,93
foul,93
intense,93
erfurt,93
world.”,93
will!”,93
animation.,93
children.”,93
fighting.,93
compensation,93
rectify,93
fright.,93
encountering,93
swerved,93
crew,93
portmanteaus,93
stripped,93
"apron,",93
"awhile,",93
dark-blue,93
entreaties,93
"bushes,",93
"culture,",93
spasmodically,93
"sisters,",93
humiliated,93
battalions.,93
house?,93
is:,93
partner’s,93
"truth,”",93
"headquarters,",93
happened.”,93
bonds,93
allusions,93
"safety,",93
swim,93
self-reproach,93
"imagined,",93
chevalier,93
terrestrial,93
"standards,",93
hope?,93
rulers.,93
decided?,93
askance,93
relation.,93
theirs.,93
"sleeve,",93
tune.,93
substitute,93
dancer,93
“yes.,93
matrëna,93
swarm,93
uninterrupted,93
bandy,93
inherent,93
"trademark,",93
agreeably,93
"perplexity,",93
"commissariat,",93
buffoon,93
"at,",93
rise.,93
fiercely.,93
regretfully,93
noticeably,93
desires.,93
weaken,93
petersburg.”,93
"“prince,",93
pierre?”,93
establish,93
mourning,93
sinewy,93
worry,93
"rising,",93
warrior,93
revealing,93
entirety,93
betrothal,93
rolled-up,93
understand.”,93
pretext.,93
fan,93
mildly,93
period.,93
stupidest,93
profit,93
ill-will,93
sinful,93
fellow’s,93
permit,93
aiming,93
third.,93
portly,93
gleaming,93
portraits,93
disquieting,93
"writing,",93
clerk.,93
shedding,93
"sense,",93
chairman,93
intonations,93
sharper,93
heard?”,93
commotion.,93
smash,93
boulogne,93
so?...,93
breathlessly,93
achieved,93
seeker,93
"relics,",93
civilians,93
excessive,93
threefold,93
"latterly,",93
obscurity,93
ours.”,93
equality,93
indicates,93
chanting,93
suvórov’s,93
viennese,93
"leader,",93
tangled,93
"rage,",93
coming!,93
house...,93
"lie,",93
"gunpowder,",93
iogel’s,93
"lately,",93
trifling,93
representation,93
demonstrations,93
petersburg?”,93
rations,93
"“dear,",93
inactive,93
down;,93
panic.,93
scarlet,93
everybody!,93
exceeded,93
garrison,93
tooth,93
insanity.,93
prank,93
faintly,93
groundless,93
unharnessed,93
fellows!,93
this;,93
stirrup.,93
others—the,93
"whiteness,",93
pins,93
complaints,93
blotch,93
volunteer,93
mantle,93
crumpling,93
screen.,93
"awry,",93
immeasurably,93
attach,93
stubbornly,93
inwardly,93
"horn,",93
it—come,93
"pages,",93
"berlin,",93
history:,93
"infinite,",93
embittered,93
hero.,93
strengthening,93
witty.,93
"delightful,”",93
loneliness,93
"utmost,",93
on...,93
trotter,93
pupils,93
"conclusion,",93
"blushing,",93
vicinity,93
"vexation,",93
"comet,",93
"aníska,",93
consecutive,93
presentation,93
1810,93
far.,93
intimidated,93
"island,",93
"simultaneously,",93
birth,93
generations,93
criticizing,93
invasion.,93
"alert,",93
"owner,",93
mildness,93
overhear,93
"pillows,",93
denísov?”,93
idiot,93
defects,93
watering,93
"existed,",93
"monseigneur,",93
theology,93
waited.,93
"easily,",93
fera,93
weighty,93
"sensibility,",93
banners,93
emotional,93
calmed,93
forever.”,93
"call,",93
"recognized,",93
procession.,93
clicked,93
unchanged,93
medicines,93
procession,93
ramballe’s,93
structure,93
italian’s,93
animosity,93
sixteenth,93
now...,93
rest.”,93
"thinner,",93
jolly,93
gratitude.,93
“till,93
"borís,”",93
"ditch,",93
"sheds,",93
affecting,93
"grateful,",93
razumóvskis’,93
side),93
shinshín’s,93
sinners,93
quand,93
once.”,93
borís?”,93
fails,93
amorous,93
cot,93
"outposts,",93
s.,93
"alliance,",93
queen,93
books.”,93
reluctance,93
"detachments,",93
sat.,93
kuzmích,93
brilliant.,93
"fifteenth,",93
reconcile,93
"hesitation,",93
view.,93
comments,93
september.,93
"ensued,",93
avenge,93
finest,93
arching,93
poisoned,93
advantage.,93
"begun,",93
oldenburg,93
delusion,93
general;,93
something!”,93
house....,93
"tradesman,",93
weather.,93
humor,93
kinds.,93
"lying,",93
please...,93
"fever,",93
salt.,93
incumbent,93
"karp,",93
believes,93
hauling,93
"bees,",93
declaration,93
"raised,",93
"set,",93
"honorable,",93
see?”,93
barely,93
"“nothing,”",93
desirable,93
"flesh,",93
wash,93
trimmed,93
invitation.,93
boy!,93
gasping,93
through.,93
soldiers!,93
"buxhöwden,",93
executioner,93
malásha,93
"captured,",93
"object,",93
nicknamed,93
“today,93
comme,93
fleshy,93
"hospitality,",93
"sunburned,",93
thirds,93
"pillow,",93
allied,93
"ice,",93
"lover,",93
convalescence,93
best.,93
contemporaries,93
a.,93
"built,",93
crop,93
highness.,93
ax,93
industrious,93
"buonaparte,",93
"sorts,",93
walks,93
maria,93
vladímir,93
straight.,93
mastering,93
image,93
brisk,93
profligate,93
1805.,93
torturing,93
relations.,93
"lessons,",93
luggage,93
empire.,93
spirituality,93
fancy!,93
ivánovich.,93
pranced,93
goodhearted,93
troublesome,93
toulon,93
"success,",93
markóv,93
"nervous,",93
"pathetic,",93
appalled,93
punishes,93
desiring,93
deviated,93
quicker!,93
andrew),93
"replies,",93
"1.f.3,",93
unattainable,93
signal,93
heedless,93
infant,93
otrádnoe.,93
swear,93
extricate,93
disintegration,93
"official,",93
charm.,93
sensibly,93
characteristically,93
"code,",93
4.,93
equal.,93
"cleanliness,",93
liked.,93
preceded,93
descriptions,93
grizzled,93
"awkwardly,",93
no...,93
jested,93
loses,93
offending,93
warming,93
lise.,93
fault!”,93
grades,93
arched,93
consented,93
tradesmen,93
cockroaches,93
"conditionally,",93
irrefutable,93
hope?”,93
relieve,93
countenance,93
"fete,",93
"másha,",93
"mad,",93
"forgiveness,",93
reminiscences.,93
hats.,93
"distress,",93
vistula,93
joyously,93
luring,93
happening.,93
deed.,93
inaccessible,93
paler,93
too...,93
massive,93
prize,93
orderly’s,93
malevolence,93
"crowds,",93
can.”,93
"anxiety,",93
prostrate,93
tree.,93
diversity,93
huntsman.,93
plates,93
maids.,93
conflicting,93
“qui,93
am!,93
directs,93
chatter.,93
plucked,93
electric,93
comrades’,93
semicircle,93
"maps,",93
"greatness,",93
avec,93
rostóvs’.,93
bowing.,93
(to,93
lad!,93
she’d,93
war?,93
"alms,",93
ceases,93
they.,93
(now,93
"indefinite,",93
lightning,93
sash,93
"justice,",93
international,93
“charming!”,93
strayed,93
woman.”,93
"lid,",93
cleanliness,93
spectacle,93
coughed,93
cleaned,93
"amusing,",93
"exposed,",93
foresees,93
unnoticed.,93
abduction,93
calculations,93
growled,93
diffused,93
brain,93
"composure,",93
"pleasure,”",93
whiteness,93
them...”,93
imagines,93
górki.,93
globe,93
replying.,93
dresser,93
revoir!,93
dear...,93
"uncomfortable,",93
flash,93
disapproving,93
"line,”",93
"“nothing,",93
"reserves,",93
eighteenth,93
steward.,93
laughingstock,93
nickname,93
"after,",93
payment,93
dismayed,93
obligations.”,93
words;,93
saltánov,93
"nobility,",93
gone?,93
criticize,93
frightful,93
only...”,93
distinguishing,93
shots.,93
negotiate.,93
accent,93
femme,93
mistake.,93
commendation,93
consoling,93
someday,93
passages.,93
zherkóv’s,93
"loved,",93
"wischau,",93
foggy,93
dancers.,93
fuss,93
aspect,93
barrels,93
conditions.,93
"cloud,",93
exclamations,93
establishments,93
offensive.,93
courtesy,93
"qualities,",93
up?”,93
up;,93
thinking?,93
slur,93
confided,93
amusements,93
her...,93
governor.,93
twofold,93
cellars,93
frola,93
capturing,93
"rest,”",93
feigned,93
attentively.,93
swing,93
(not,93
emerge,93
“look!,93
uninjured,93
"dancer,",93
"home,”",93
pays,93
gnarled,93
"souls,",93
policy,93
“warm,93
boom!”,93
"back,”",93
friends.,93
"whispering,",93
"imagine,”",93
parade.,93
"whips,",93
headache,93
money?,93
light-brown,93
multitude,93
"anywhere,",93
yours?”,93
"boxes,",93
together;,93
compare,93
povarskóy.,93
07,62
spared,62
ago!”,62
monosyllables.,62
implore,62
“any,62
"shaved,",62
transmitted,62
"czartorýski,",62
pools,62
come;,62
"unseemly,",62
helped!,62
eternity.”,62
prusse!”,62
"cot,",62
buonaparte.,62
vortex,62
imitation,62
formalities,62
nourish,62
absurd.”,62
fairyland.,62
gratification,62
theorists,62
superseded,62
soundness,62
"counsels,",62
chief.”,62
fixity,62
blossom,62
interaction,62
said....”,62
tilting,62
cadet.,62
at?”,62
"thumb,",62
"slow,",62
regularity,62
father-in-law,62
"peace,”",62
"seconds,",62
stations,62
"settled,",62
humbug!”,62
delirious,62
defeated.,62
life!”,62
conclusions,62
people.”,62
"quartermaster,",62
auction,62
scorn,62
slaying,62
false),62
belfry,62
"beard,",62
sanguine,62
desired.,62
sequel,62
"inaudibly,",62
"knows,",62
conflagrations,62
growth,62
peaks,62
everlasting,62
bayonets.,62
lent,62
pleasures.,62
toils,62
provisions.,62
beginning:,62
intercept,62
drip,62
"niece,”",62
"autumn,",62
deliverance,62
der,62
"wormwood,",62
cattle.,62
augustin,62
vinegar,62
decay,62
shcherbátov’s,62
plunderers,62
newton,62
7,62
provocatively,62
"reward,",62
things!,62
hero!”,62
keen-sighted,62
drowsy,62
courtyard.,62
lanterns.,62
"offer,”",62
place?”,62
sprouted,62
better?”,62
"rags,",62
covert,62
in?”,62
pocket.,62
lord.”,62
nobility.,62
hating,62
"armed,",62
farm,62
discontinuous,62
"contingencies,",62
outlawed,62
dispirited,62
irritation.,62
diplomat,62
promise?”,62
"sticky,",62
die?”,62
drying,62
fanned,62
"severe,",62
bewildered.,62
dejection,62
obligatory,62
“aren’t,62
she!,62
wink,62
burnt-cork,62
stalls.,62
incomprehensible.,62
disapproved,62
"rykónty,",62
malevolently.,62
"baden,",62
ukraine,62
gathers,62
jobert,62
"trunk,",62
(natásha,62
choicest,62
joint,62
majestically,62
she;,62
third!”,62
explain.,62
joins,62
"light,”",62
hence,62
"fools,",62
reddened,62
hearts.,62
accompaniment,62
vice.,62
"water,”",62
"drink,”",62
view.”,62
stakes,62
subsided,62
ripened,62
strongest,62
crops,62
endurance.,62
provocative,62
beau,62
veneration,62
"setting,",62
“three,62
rushes,62
"blaze,",62
heart’s,62
probing,62
lover.,62
crazy,62
rostóv),62
come:,62
ill.”,62
minister;,62
"warriors,",62
doomed,62
"moroséyka,",62
"stretches,",62
diffusion,62
unexecuted.,62
manservant,62
“countess,62
votre,62
unwounded.,62
determination.,62
kind.”,62
routine.,62
"toilet,",62
left?”,62
devotions,62
"dagger,",62
dishonorable?,62
gesticulating,62
bookish,62
inexperienced,62
thronging,62
chevaliers,62
people!”,62
"concerned,",62
sweet.,62
exclusive,62
“first,62
delightful!”,62
"convict,",62
interesting.”,62
flabby,62
earnest.,62
leaping,62
carelessly.,62
impassable.,62
disapprovingly.,62
winter.,62
rhetor.,62
obedient,62
"ravine,",62
"sung,",62
asking:,62
theoreticians,62
"stick,",62
exertion,62
"disguise,",62
kutáfyev,62
financial,62
inexhaustible,62
“mot,62
herd.”,62
neutrality,62
clever.,62
himself...,62
administered,62
solving,62
bien,62
"bayonets,",62
strenuous,62
longed-for,62
"sobs,",62
throws,62
"pungent,",62
best?”,62
sought.,62
instruction,62
flowers.,62
"knowledge,",62
thee?”,62
disappointments,62
unlocked,62
organism,62
possessing,62
occurrences,62
classes,62
"teréntich,",62
fists.,62
nations.,62
ferment,62
component,62
everyone—the,62
magnificent,62
drink?”,62
tray,62
andrew:,62
"himself),",62
here...,62
distrust,62
never.,62
"promised,",62
senses,62
sleeker,62
ceremony.,62
plight.,62
"ferry,",62
parental,62
senses.,62
staccato,62
stock,62
unchanged.,62
"horrible,",62
great’s,62
contre,62
suspicion.,62
"rumors,",62
ambitious,62
mysterious.,62
disposition.,62
"punch,",62
"flames,”",62
heartless,62
pinch.,62
sensual,62
youthfulness,62
retelling,62
"company,”",62
me!...,62
misfortune.,62
"bogdánich,",62
incendiary,62
confronted,62
shattered,62
aim;,62
prevailed.,62
saying.”,62
admitted.,62
trepák,62
inmates,62
"problem,",62
deception.,62
time?,62
practically,62
trinity,62
willing.,62
"d’eckmühl,",62
shevárdino.,62
inconvenience,62
"feverish,",62
valses,62
vision.,62
rainy,62
merchant.,62
experimental,62
"cornet,",62
university,62
strands,62
"madam,”",62
r’s.,62
stated,62
trooper,62
eventualities,62
despairingly,62
flagstaff,62
loosely,62
“don’t!,62
constructing,62
floors,62
evergreen,62
accordingly.,62
niemen?”,62
"e,",62
limited.,62
"won,",62
dash,62
=,62
together!,62
"xviii,",62
"astronomy,",62
lieu,62
indifferent.,62
"“listen,",62
redeemed,62
effected,62
ulm,62
massacred,62
alighted,62
"diplomat,",62
fluffy,62
later.”,62
(mademoiselle,62
death...,62
necklace,62
once:,62
"members,",62
clouds.,62
terrifying,62
daggers,62
"choose,",62
subsequent,62
"doorway,",62
tangle,62
refusal.,62
zúbovski,62
buoyant,62
vanilla,62
"liability,",62
spindles,62
stocking.,62
reining,62
"dürrenstein,",62
lannes,62
end?”,62
pacifying,62
mistaking,62
distraught,62
"bows,",62
rubles”,62
sheets,62
ivánushka,62
"directly,",62
sentiment,62
"refuse,",62
scales,62
pleading,62
fetes,62
upbraiding,62
"prison,",62
alive?”,62
benefactors,62
lured,62
broussier’s,62
"true,”",62
"waited,",62
"thinks,",62
means...,62
variation,62
death—and,62
declares,62
*(4),62
"sacrament,",62
"both,",62
pen,62
stallion,62
"caps,",62
redounded,62
"bewilderment,",62
chirping,62
“brothers!,62
proved.,62
whirl!”,62
subservience,62
exerted,62
harness.”,62
monks,62
pounds,62
blameworthy,62
times!”,62
remember....”,62
tverskóy,62
angrily:,62
"“they,",62
"fled,",62
"housekeeper,",62
uncorded,62
"writers,",62
drums.,62
rules.,62
inconsistent,62
agent,62
causation,62
1.e.8.,62
xxxviii,62
dulled,62
"“besides,”",62
buonaparte!,62
position;,62
"cheek,",62
"aloud,",62
first!,62
"enemy,”",62
“lads!”,62
twos,62
club’s,62
exulting,62
persistence,62
"kiev,",62
list.,62
"logic,",62
there),62
egotism.,62
peal,62
looking.,62
time....,62
"surrounded,",62
"bench,",62
ceiling,62
"spoiled,",62
manifesto?”,62
fodder.,62
"management,",62
smolénsk),62
rise...,62
chirped,62
lauriston’s,62
philosophy.,62
way.”,62
indulgent,62
drinking.,62
snub,62
"copse,",62
outflanking,62
well...,62
personage.,62
fences,62
treats,62
moods,62
revenue,62
"variety,",62
ninth,62
patriot,62
raw,62
innkeeper.,62
extremity,62
uttered.,62
bolkónskaya.,62
pwince,62
"combs,",62
wry,62
physician,62
"wittgenstein,",62
protection!,62
"egypt,",62
commerce,62
"dissatisfaction,",62
everything:,62
apprenticeship,62
anecdote,62
"devils,",62
"boiler,",62
unhesitating,62
ismáylov,62
orgies,62
upbraid,62
"expedition,",62
robbery!,62
dotted,62
documents,62
turkey.,62
dimpled,62
sont,62
dealer’s,62
"gratitude,",62
"documents,",62
cloudlets,62
clumsily,62
done:,62
"whole,",62
knife,62
"bent,",62
whim,62
revelation,62
“knocked,62
"diplomatist,",62
impropriety,62
wounded?”,62
toes.,62
arrivals.,62
not:,62
irresistibly.,62
exclusion,62
grudged,62
"kochubéy,",62
revision,62
drawings,62
"shyly,",62
"thoughtfully,",62
creatures.,62
arriving.,62
doorpost.,62
"kingdom,",62
"submissive,",62
rejoinder.,62
safeguard,62
fiancée.,62
narrowly,62
"egotism,",62
"kvass,",62
"captivity,",62
reflection.,62
royalties,62
novosíltsev,62
tidy,62
tit!”,62
"blanket,",62
unsolved,62
temperature,62
"shriveled,",62
skirt.,62
covert.,62
"sleighs,",62
persuading,62
magnitude,62
terminated,62
"marched,",62
"discussed,",62
resigning,62
burning.,62
down?,62
cricket,62
ilariónovich!,62
captured.,62
6th,62
"nodded,",62
unmarried,62
use.,62
"gardens,",62
scarred,62
olmütz.,62
"remedy,",62
unbecoming,62
"insulted,",62
crowing,62
thrashing,62
"uncertain,",62
"intellect,”",62
poverty.,62
sulphur,62
miss!,62
whipped,62
nuts.,62
straying,62
“great,62
dig,62
excellency?,62
cologne,62
bartholomew,62
"fond,",62
"everywhere,”",62
talk;,62
undressing.,62
tunic,62
1.e.8,62
ebook.,62
daughter!”,62
"day,”",62
“hasn’t,62
"frank,",62
purple-faced,62
writes...”,62
veranda.,62
stirs,62
be:,62
cotton,62
"creator,",62
"“hélène,",62
"displayed,",62
"plainly,",62
leaving.”,62
"corpses,",62
wretches,62
"boldness,",62
morally?,62
gravely,62
resented,62
artless,62
disdainfully,62
dispatches,62
"sheep,",62
streamers,62
fete.,62
"humiliating,",62
snowy,62
overflow,62
court-martialed,62
"illuminism,",62
host’s,62
"irrepressible,",62
carefree,62
“show,62
"dying,”",62
"learned,",62
adorn,62
resultant.,62
"popes,",62
soiree.,62
way....,62
contrasting,62
right;,62
"nikólenka,",62
‘your,62
demyán,62
harboring,62
"sciences,",62
petticoat,62
parties.,62
harming,62
outlined,62
"fair-haired,",62
girt,62
europe;,62
forged,62
luxury,62
discord,62
orator,62
obstruct,62
matchless,62
unaware.,62
"birthday,",62
entitled,62
concourse,62
"ascii\"",62
"gatherings,",62
“kiss,62
tickling,62
cheat,62
"packs,",62
francis.,62
nails.,62
hoped.,62
"heaven,”",62
wedged,62
mary!,62
bright.,62
back!,62
dishonored,62
drive.,62
makéev?”,62
"tired,",62
century-old,62
"perónskaya,",62
"distraught,",62
saddled.,62
honestly,62
"fathers,",62
conflicts,62
"commander,”",62
"salamanca,",62
ix’s,62
yelling,62
inactivity,62
languor,62
happy;,62
enough!”,62
refreshing,62
affairs?”,62
“think,62
afraid;,62
"inactive,",62
blockhead!”,62
dawdling,62
lorgnette,62
"stupidity,",62
broken-down,62
mixed.,62
reigns,62
maid’s,62
pupil’s,62
speck,62
acclamations,62
"games,",62
mother-in-law,62
"faithful,",62
receptive,62
dances,62
8,62
summit,62
tradesman,62
position!”,62
soot.,62
nurse.,62
"causes,",62
table;,62
"theme,",62
rousing,62
tender.,62
fooled,62
"helplessly,",62
borís...,62
miller,62
pratzen.,62
másha,62
infant.,62
inquisitively,62
been!”,62
warsaw,62
"saturday,",62
boorishness.,62
"riot,",62
slaughtered.,62
prefect,62
stronger.,62
"uneasy,",62
“fire!”,62
increases.,62
sir?,62
well-to-do,62
him—his,62
ermólov.,62
chichagóv,62
"honors,",62
diminishes,62
vanished;,62
sentenced,62
"brightness,",62
stays,62
tousled,62
lavrúshka’s,62
nobleman’s,62
waist.,62
moan.,62
exceptions,62
diligent,62
dandling,62
ally,62
"encountered,",62
perfecting,62
displeased.,62
disinterested,62
viens,62
ride.,62
zdrzhinski,62
shield,62
dangers,62
managing,62
conversed,62
mound,62
retaining,62
impossible:,62
"akimbo,",62
cabalistic,62
"trunks,",62
"effect,",62
"liar,",62
unarmed,62
"grimace,",62
appreciation,62
pregnancy,62
"lacked,",62
imperials,62
"unconcern,",62
"manifesto,",62
fearless,62
mysteriously,62
silenced,62
he—the,62
suck,62
"subordination,",62
chimes,62
"tell,",62
pickets,62
"intently,",62
"moist,",62
yours.”,62
shut.,62
tsar!”,62
societies,62
unevenly,62
folk’?”,62
"united,",62
speak!”,62
blended,62
arch,62
horns,62
"decoration,",62
levy,62
leisure,62
"grows,",62
react,62
dishonor,62
equip,62
"deliberately,",62
mixing,62
"bedstead,",62
whispers.,62
useful.”,62
"equipped,",62
some.”,62
adept,62
involuntarily.,62
"gleamed,",62
"reminiscences,",62
barrier.,62
crossroads,62
sing?,62
3.,62
"pilgrims,",62
sentiment.”,62
rides,62
codes,62
know....”,62
coinciding,62
disadvantageous,62
nods,62
gideon,62
blending,62
marauders.,62
karpúshka,62
softly:,62
three-year-old,62
krásnaya,62
sack,62
sterile,62
conspired,62
awful...”,62
can’t.,62
devils!”,62
"worn,",62
manner:,62
"“hallo,",62
"suffer,",62
baked,62
amputated,62
energy.,62
how...,62
pickled,62
contrary...”,62
peremptorily,62
"personalities,",62
"nerves,",62
"beforehand,",62
compact,62
fragments,62
"russian,”",62
commercial,62
morio.,62
"work,”",62
light-colored,62
"rubles,”",62
grapeshot.”,62
ascent,62
"skull,",62
hindmost,62
criticized,62
eloquent,62
revels,62
recounting,62
"saved,",62
hindquarters,62
"shuddered,",62
black-spotted,62
"visits,",62
hood.,62
good-natured.,62
"miserable,",62
"makárin,",62
research,62
envied,62
imparted,62
smite,62
eloquently,62
where?”,62
murmurs,62
kámmer-kollézski,62
"tipsy,",62
squeaky,62
shapes,62
"commonplace,",62
biographies,62
"psychological,",62
emperor?”,62
tail.,62
“listen!”,62
handsomer,62
"children,”",62
"lamps,",62
shorter,62
gunners,62
mate!,62
letter?,62
retreated.,62
staffs,62
"regrets,",62
beauty!”,62
“life,62
‘if,62
cling,62
"falls,",62
"fetched,",62
"chapel,",62
filthy,62
rivers.”,62
german.”,62
"campstool,",62
splinters,62
cawing,62
prison,62
packed.,62
rogózhski,62
"skillful,",62
duration,62
heartfelt,62
"direct,",62
influence.,62
"mikháylovna,”",62
instantaneously,62
hiding.,62
man....,62
daughter-in-law.,62
secluded,62
park,62
lui,62
brook,62
slash,62
"increasing,",62
scoundrel!,62
breakfast.,62
stranger’s,62
"innovations,",62
"argued,",62
perónskaya.,62
"mamma,”",62
fields.,62
protested,62
coughed.,62
boy?,62
aching,62
approving,62
armpits,62
knife.,62
"calmly,",62
rapp,62
accidents,62
security,62
tranquility,62
pétya?”,62
"inside,",62
coiled,62
accomplished.,62
inherited,62
brand-new,62
righted,62
ismail,62
pie,62
"trifle,”",62
bespattered,62
wounded!,62
thwee,62
continued;,62
"self-reproach,",62
garment,62
thatched,62
"expense,",62
refuse.,62
brute,62
sunday.,62
mercy;,62
fortification.,62
1.f.3.,62
courtierlike,62
slowly.,62
twenty-five-ruble,62
ask:,62
"wealthy,",62
ostrich,62
grunt,62
"distinguished,",62
there...,62
killed!,62
monument,62
toss,62
marshal;,62
"support,",62
colors,62
words—that,62
brooding,62
inwards,62
"mirrors,",62
take.,62
predetermined,62
times:,62
registered,62
beaucoup,62
room?,62
"zúbova,",62
“hm...,62
"spontaneously,",62
searched,62
countenance.,62
"decide,",62
"lungs,",62
whirr,62
blame?”,62
"born,",62
catacombs,62
"enter,",62
leashes,62
jumps,62
else),62
unjust.,62
paralyze,62
"singly,",62
incompatibility,62
singer,62
"thus,",62
"contradictory,",62
"cuffs,",62
itself?”,62
"father-in-law,",62
bed?”,62
alternately,62
pretty?”,62
"kissing,",62
said...”,62
purifying,62
furiously,62
"hatred,",62
satisfied....”,62
undisturbed,62
entr’acte,62
"“first,",62
"fond),",62
tangible,62
"“moscow,",62
unimportant.,62
highly.,62
"authors,",62
plaits,62
saying;,62
“i...”,62
cannon!,62
welcomes,62
“glad,62
imploringly,62
idea!,62
"doings,",62
alsatian,62
valid,62
deference.,62
“hurry,62
costume.,62
leaflets,62
virtuous.,62
"biscuits,",62
virtue:,62
projects.,62
merriment,62
hempen,62
scruple,62
presence.”,62
peuples,62
“dear-est!”,62
"barque,",62
prevailing,62
"responsibility,",62
sealed,62
deft,62
convulsions,62
“done,62
"mistakes,",62
distributed.,62
alike.,62
"backwards,",62
"frenchy,",62
black.,62
“splendid!,62
authorized,62
"intensity,",62
midnight.,62
ottoman,62
"needed,”",62
"project,",62
plow,62
must...,62
"unconcernedly,",62
strategist,62
flush.,62
ruining,62
russia!,62
"twitching,",62
voilà,62
arc,62
petersburg),62
closed;,62
prowling,62
route.,62
bribed,62
mistresses,62
strikingly,62
cossack?”,62
commencing,62
"bullet,",62
krems-znaim,62
capitulation,62
scattering,62
suitors,62
"asleep,”",62
"handle,",62
answer.”,62
henceforth,62
lope,62
lady!”,62
sleigh;,62
relics,62
disapprove,62
pulley,62
remembered.,62
curly-headed,62
provided.,62
convincing.,62
"italians,",62
sentiments,62
alive!,62
commits,62
lad?,62
shcherbáty,62
wight.,62
austria.,62
deferential,62
merry.,62
rounded,62
“und,62
wagged,62
"epaulets,",62
munition,62
shaken,62
puffed,62
cleanest,62
billeted,62
"generation,",62
"need,",62
"chemistry,",62
sisters-in-law,62
"suvórov,",62
"track,",62
coming...,62
truths,62
loathing,62
miracle,62
"bloated,",62
convey.,62
oven,62
"yards,",62
"devised,",62
"fours,",62
brigand.,62
xxxvii,62
partial,62
sufferings.”,62
pocketbook.,62
fifty-year-old,62
mahogany,62
sheathed,62
"stumbled,",62
"stroke,",62
“poor,62
"furious,",62
"linstocks,",62
"conveyed,",62
wriggling,62
estates.”,62
"lodging,",62
foes,62
draped,62
bearskin,62
re-enter,62
"brandy,",62
i!,62
expended,62
"peculiar,",62
unfair.,62
“bind,62
humbugged,62
buds,62
assemble,62
chilled,62
a’s,62
disobedience,62
padded,62
frock,62
assiduous,62
"middle,",62
"gloomily,",62
misdirected,62
krems?”,62
"gained,",62
"rumored,",62
houses?,62
reasoning.,62
dolgorúkov’s,62
swallowed,62
zest,62
marauding,62
"confessor,",62
"fleas,",62
wriggle,62
suffer.,62
purchases.,62
forgive!...,62
“long-coat”,62
uneasy.,62
"pretext,",62
constitution,62
world!”,62
connections.,62
andrew?,62
use.”,62
"ill-will,",62
friend.”,62
swell,62
beset,62
unobservant,62
earnestly,62
plumped,62
foresight,62
cooled,62
horribly,62
draft.,62
andrew!”,62
hampered,62
"joys,",62
"exclamation,",62
ivánovich’s,62
"each,",62
security.,62
"threats,",62
guardhouse,62
nest,62
alien.,62
mítya,62
"expenses,",62
cream,62
"speakers,",62
institution,62
"feels,",62
"conflict,",62
"sake,”",62
good...”,62
sagacious,62
"whether,",62
ivánovna’s,62
them—and,62
untrained,62
bordeaux.,62
"anxious,",62
protests,62
missed.,62
played.,62
parties:,62
accomplishment,62
kindling,62
apart.,62
artful,62
writer,62
hesitated.,62
remarriage,62
administration,62
departures,62
rescue.,62
lise?,62
narrating,62
thirtieth,62
"occupied,",62
bandy-legged,62
"cruelty,",62
mother!,62
purification,62
auerstädt,62
“no...,62
can.,62
"science,",62
waded,62
scepter,62
foresaw,62
avoidance,62
loyal,62
alpátych...,62
killed;,62
"daddy,’",62
salary,62
makárovna,62
son?,62
afraid.”,62
"“women,",62
threateningly.,62
taper.,62
"grade,",62
“cette,62
superior.,62
flashes,62
detail.,62
daughter-in-law,62
pulleys,62
teasing,62
aime’?”,62
produced.,62
free?,62
attracts,62
occasionally.,62
preparatory,62
good-humoredly,62
"perish,",62
"him),",62
pacify,62
suspicious,62
allegiance,62
transfers,62
damages,62
annette,62
pétya!,62
"wanted,”",62
hard.”,62
elegance,62
"disorganized,",62
"unwell,",62
"sunk,",62
indecision,62
"wait,”",62
"sincere,",62
"cutlets,",62
disagreed,62
reflections.,62
meal.,62
larks,62
stocking,62
"chance,",62
was!,62
purest,62
"irreproachable,",62
conception.,62
absorption,62
"witty,",62
captivated,62
another!,62
merchants’,62
"overhead,",62
b’s,62
www.gutenberg.org/donate,62
xxxix,62
calming,62
spheres.,62
"cracked,",62
“dispositions,62
bonfires,62
retire.,62
remnant,62
akimbo,62
"peaceful,",62
exceptionally,62
closed.,62
associate,62
which—in,62
evenly,62
places:,62
suburb,62
"“ready,",62
new-mown,62
clutches,62
incendiaries,62
freely.,62
(thiers,62
unhappiness,62
"fichte,",62
"physiological,",62
"prince),",62
here:,62
"contrary,”",62
frames,62
perspiration,62
fire!,62
sad!”,62
“christ,62
"sample,",62
font,62
tumblers,62
metaphysics.,62
v.,62
bezúkhov!”,62
corked,62
"sonorous,",62
"dreary,",62
charging,62
dawn.,62
unrelated,62
cracking,62
bantering,62
"result,",62
"christians,",62
said—that,62
flower.,62
professor,62
powerless,62
ghost,62
ask;,62
nataly,62
unction,62
cooked,62
"drummer,",62
popping,62
hussars...,62
"abyss,",62
deep.,62
thought...”,62
cousin...”,62
enmity,62
"nowhere,",62
not!,62
freemasons.,62
overheard.,62
grandson,62
frost...,62
pretexts,62
"count’s,",62
banished,62
“before,62
soil.,62
gentleman-in-waiting,62
moldavia,62
pedestal,62
anything...,62
"citadel,",62
plays,62
protecting,62
aloofness,62
translate,62
"anyhow,",62
hymn.,62
"ram,",62
includes,62
unconditioned,62
groups.,62
rightful,62
people;,62
countess?,62
dinnertime,62
sensations.,62
"manly,",62
too....,62
venturing,62
"insufficient,",62
forefather,62
"allowed,",62
auditor,62
pleasantly.,62
censured,62
diverting,62
usefulness,62
sportsman,62
madam!”,62
spear,62
re-entering,62
attacking.,62
ruins.,62
orshá,62
once!,62
dissecting,62
vienna?,62
intentions.,62
wife...,62
laurels,62
rounds,62
brother!,62
"band,",62
palpably,62
happen!”,62
impossible.”,62
preclude,62
rallying,62
affectation.,62
symbolized,62
don’t!”,62
erfurt.,62
intrusion,62
characteristics,62
married!”,62
sentinels.,62
children!,62
russia.”,62
"monarchs,",62
“bonaparte,62
irreproachably,62
“la,62
speak?,62
dandy,62
“yes,62
"pouches,",62
(always,62
enchanted.,62
officer.”,62
allay,62
“confound,62
"chère,",62
rake,62
"blessedness,",62
"coachmen,",62
"radiant,",62
sappy,62
december.,62
"merriment,",62
resentment,62
"treatment,",62
intended.,62
"phenomenon,",62
"boom,",62
"“piti-piti-piti,”",62
coherence,62
"patience,",62
went.,62
middle.,62
reassuring,62
war.”,62
aroused.,62
"fences,",62
timókhin.,62
ham,62
"half-closed,",62
"diminished,",62
bothering,62
greater.,62
"grandson,",62
‘he’s,62
sprouting,62
preserves,62
"delighted,",62
ostróvna,62
contemptuous.,62
salons,62
kutúzov;,62
"hostility,",62
balloons,62
mercy....,62
particle,62
necessary:,62
hunter’s,62
orshá.,62
"reign,",62
"pregnancies,",62
diminish,62
visitor;,62
"sauté,",62
apartments.,62
"frenchwoman,",62
‘on,62
stable.,62
commander?”,62
"painfully,",62
"therefore,",62
poking,62
"stages,",62
heading,62
stuffy,62
starving,62
"twice,",62
slighted,62
gateway.,62
thing—to,62
“ride,62
vereshchágin...”,62
broke.,62
kitchens,62
timber,62
"mourning,",62
naturalists,62
physiology,62
"kutúzov,”",62
afraid!”,62
grease,62
genlis,62
bear!,62
unexpectedness,62
“permit,62
descended.,62
architect.,62
incredulously.,62
happy?,62
provisioning,62
load,62
squeezing,62
"morning,”",62
pupil,62
no?”,62
"leather,",62
gust,62
hillside.,62
valor,62
aglow,62
they?”,62
“nicholas!,62
accommodation,62
aprons,62
"irrational,",62
"ceremonies,",62
anybody.,62
ravine.,62
matted,62
boats,62
issuing,62
sèvres,62
notables,62
‘are,62
atmosphere.,62
wolzogen.,62
dron’s,62
abdomens,62
"either,",62
him—as,62
"commerce,",62
men—that,62
diary,62
contradictions.,62
virulent,62
suppose?”,62
bark.,62
squeeze,62
"close,",62
"memoirs,",62
"grasp,",62
sonata,62
“father,62
"visitor,”",62
vex,62
“fine!,62
"vyazmítinov,",62
"extraordinary,",62
whole.,62
arrangements.,62
hussar!,62
"awkward,",62
throttle,62
knocks,62
"slept,",62
"stables,",62
searchingly,62
"siberia,",62
out....,62
monarchies,62
incontestable.,62
juridical,62
caulaincourt.,62
friends.”,62
courtship,62
gelding,62
"joyously,",62
aspect.,62
bons,62
ses,62
lime-tree,62
windy,62
cord,62
"victim,",62
fellows?,62
discerning,62
poverty,62
obstacles.,62
wednesday.,62
families.,62
plus,62
"elegant,",62
"sideways,",62
sur,62
"title,",62
"fast,",62
pouch,62
"pierre),",62
nervously.,62
"sunlight,",62
affection.,62
midwinter,62
gained.,62
dusk.,62
engagements,62
blundered,62
serving.,62
"legal,",62
postponed,62
sorrel,62
horsemen.,62
maternal,62
vie,62
"unconscious,",62
familiar.,62
"towel,",62
beauty!,62
soup.,62
"growing,",62
meadows,62
clean.,62
doze.,62
those...,62
chiefs,62
hunter,62
beauharnais’,62
"occurs,",62
supernatural,62
“power”,62
six:,62
statesman,62
"statue,",62
have.”,62
narrowed,62
news?,62
ribs,62
sacré,62
"spreading,",62
"least,",62
"sighing,",62
enchanting.,62
"casually,",62
dmítri!,62
weathercock,62
sooner.,62
"softness,",62
churches.,62
‘take,62
"board,",62
"undress,",62
"‘ah,",62
"hunts,",62
stifles,62
profoundest,62
diminutive,62
presiding,62
"vanished,",62
"buy,",62
coward,62
only.,62
forty-two.,62
tones:,62
"blush,",62
"fabvier,",62
"redoute,",62
bed.”,62
‘where,62
buff,62
"philosophy,",62
xxxv,62
lovely!”,62
fainting,62
rakes,62
plants,62
higher.,62
"sorrowful,",62
"straps,",62
"bugler,",62
solicitude,62
vanguard.,62
holidays.,62
struggles,62
cleanse,62
medicine.,62
"zhilínski,",62
zhilínski,62
escaped.,62
discussion.,62
"attended,",62
bergs,62
foolish.,62
protégée,62
wronged,62
"frère,",62
liable,62
disappearance,62
flesh.,62
"friedland,",62
"belongings,",62
"falling,",62
semicircles,62
steel,62
"reverse,",62
“bwing,62
"fleet,",62
central,62
upward,62
volume,62
statesmen,62
thanks!”,62
russians!,62
flog,62
"offense,",62
"crossed,",62
unfriendly,62
rewards.,62
expiate,62
"last,”",62
hither,62
fury.,62
pervaded,62
spanish,62
(karáy,62
dark-eyed,62
profess,62
wording,62
drawn.,62
zúbov,62
"further,",62
barbara,62
flogging,62
line?”,62
greatness.,62
beatified,62
enjoin,62
"daytime,",62
jabbered,62
would.”,62
"gervinus,",62
antichrist—i,62
"affected,",62
“general,62
irrevocable,62
“try,62
lackeys,62
"reach,",62
vienna-znaim,62
earn,62
lids,62
"bustle,",62
focused,62
"kutúzov’s,",62
hussars?”,62
nerves,62
leaders.,62
"transports,",62
"won’t,",62
repellent,62
"montesquieu,”",62
"ambassadors,",62
"ties,",62
carousals,62
"enrollment,",62
headdress,62
tear-stained,62
unclouded,62
“good-by!”,62
tranquil.,62
"burn,",62
purchase,62
sodden,62
anticipate,62
analyzing,62
absent-minded.,62
"says,”",62
"covered,",62
"daddy,",62
beds.,62
subsiding,62
campfire.,62
showy,62
lances,62
“plenty,62
sorrowfully,62
yellow.,62
eternity?”,62
"well),",62
"humbug,",62
first-rate,62
awkwardness.,62
types,62
"knuckle,",62
"astonishment,",62
particles,62
remain.,62
"mustaches,",62
capers,62
"originality,",62
bugler,62
camp—the,62
"righteousness,",62
courier.,62
"planks,",62
prosperity,62
it.’,62
formation,62
inability,62
borís.”,62
summons,62
caught.,62
pass!”,62
"history,”",62
subside.,62
overseer,62
“old,62
"oneself,",62
misfortune?,62
saturated,62
"moments,",62
day;,62
"trim,",62
ensure,62
magnates,62
prevails,62
empress.,62
gentleman’s”,62
worn-out,62
earthen,62
useless.,62
“great”,62
federal,62
honor’s,62
"lorgnette,",62
stressing,62
"until,",62
canvas,62
"priests,",62
"century,",62
jostling,62
"“two,",62
blunder.,62
"franz,",62
uproar,62
"proceeding,",62
resonance,62
"all-powerful,",62
preussisch-eylau,62
everything?,62
preobrazhénskis,62
animal.”,62
blank,62
"kindest,",62
happens.,62
contest,62
considerate,62
convict,62
die.”,62
better!”,62
attempt.,62
"boats,",62
classic,62
"citizenship,",62
"cut,",62
"conquered,",62
said;,62
dictating,62
wounded...,62
drop.,62
groomed,62
hearing.,62
ordered.”,62
ápsherons.,62
minority,62
"hearts,",62
"v.,",62
smiles.,62
eternally,62
"opponents,",62
desecrate,62
possible;,62
túchkov’s,62
emptiness,62
peremptory,62
book?”,62
illustrious,62
"drank,",62
pronounce,62
"was,”",62
"joking,",62
awed,62
plume,62
incautiously,62
smacking,62
so:,62
buffoon.,62
disengaging,62
taciturn.,62
is;,62
suddenly...,62
"commune,”",62
bosom.,62
considerations.,62
"ryazán,",62
somewhere.,62
shortness,62
aristocracy,62
"while,”",62
eyes;,62
"napkin,",62
pleases.,62
“make,62
"resting,",62
emissary,62
commissioned,62
"grabern,",62
"alive,”",62
“pierre,62
"jealous,",62
dances.,62
"comfort,",62
resource,62
(c),62
o.,62
hostess’,62
"exasperation,",62
"throat),",62
requested,62
lastly,62
hunt.,62
crackle,62
"left,”",62
"“drónushka,",62
"“i,",62
sokólniki.,62
ptolemaic,62
"tubs,",62
dear”,62
"indeed,”",62
"hesitated,",62
downward.,62
acutely,62
"sharply,",62
"fulfill,",62
"careful,",62
atom,62
dolgorúkov;,62
distressing,62
"custom,",62
soul!”,62
wraps,62
fuel,62
unshakable,62
"welfare,",62
nicholas?,62
"guitar,",62
requests,62
strongly.,62
accuses,62
"étranger,",62
"attentive,",62
africa.,62
unconditionally,62
"anecdote,",62
deed.”,62
associations,62
politeness.,62
“send,62
"continuous,",62
"plaited,",62
up...,62
home”,62
serve.,62
sun’s,62
adoring,62
“mais,62
"agree,”",62
sprinkling,62
ensuring,62
days”,62
entanglements,62
sport,62
peeped,62
ah!”,62
"formal,",62
"suppers,",62
steal,62
"iványch,",62
disfavor,62
enforce,62
unsatisfactory,62
hessians,62
fettered,62
fortification,62
harvests,62
rubles’,62
agility.,62
roasting,62
revelation.,62
reverse,62
"masculine,",62
bruin,62
stake.,62
footmen.,62
confluence,62
snorted.,62
captaincy,62
“eyes,62
"awards,",62
chat,62
demonstrate,62
kobelnitz,62
footpace.,62
misfortune.”,62
food;,62
actively,62
"rewards,",62
"role,",62
bog.,62
adventures.,62
mirthless,62
superintended,62
diplomacy,62
promissory,62
guitar.,62
ridiculed,62
bodice,62
frosty.,62
nobles,62
colored,62
tsárevo-zaymíshche,62
russia—and,62
doctors.,62
"defended,",62
companies.,62
biographical,62
"rulers,",62
households,62
dmítrievna?,62
understand!,62
child:,62
gaunt,62
“voilà,62
"bandaged,",62
"explain,",62
obeys,62
allusion,62
"subsided,",62
nibbled,62
"throat,",62
others),62
"bark,",62
like!,62
network,62
clad,62
innocence,62
"enraptured,",62
informs,62
“that’ll,62
at...,62
innkeeper,62
overcoat.,62
féroce,62
black-eyed,62
forms.,62
author:,62
impose,62
fancy!”,62
"notes,",62
jovial,62
reasonable.,62
shafts,62
fortunes,62
ivánovich!”,62
morning!,62
fertile,62
iss,62
wheels.,62
braver,62
"passion,",62
intrude,62
killed...,62
"“father,",62
bezúkhov?,62
help...,62
offense.,62
petition?”,62
reunion,62
nature;,62
pouting,62
"jest,",62
cunningly,62
scherbínin’s,62
suburb.,62
"“bonjour,",62
destroys,62
shcherbínin,62
mathematical,62
exceptions.,62
slowness,62
seven:,62
hierarchy,62
damask,62
boys,62
"learning,",62
father.”,62
helplessness.,62
separates,62
minister.,62
"things,”",62
terrible!,62
possessed.,62
“nikólenka...,62
do:,62
comb,62
unfathomable,62
put.,62
bated,62
"obedience,",62
shift,62
"métivier,",62
"unbuttoned,",62
radius,62
immutably,62
“brothers!”,62
“vereshchágin,62
bronzes,62
1820,62
conditional,62
1.e.7,62
lucca,62
third;,62
pierre!”,62
sorrows.,62
"“immediately,",62
minister?,62
"camp,”",62
"weeping,",62
somewhere?”,62
reddening,62
monograms,62
absurd.,62
"vehicles,",62
away....”,62
"enchanted,",62
emperor),62
smote,62
bureau,62
repeated:,62
wittgenstein,62
"top,",62
bordering,62
surest,62
wit,62
"nikoláevich,",62
curved,62
permits,62
arrested.,62
dazzlingly,62
ungainly,62
"nineteenth,",62
book:,62
today?,62
"infinity,",62
"aged,",62
enrollment,62
reforming,62
appointments,62
n.n.,62
knob,62
humored,62
"“karáy,",62
lashed,62
gully.,62
eyes.”,62
sívtsev,62
zealously,62
e,62
rabble,62
"armies,",62
announcements,62
images,62
deductions,62
hanged,62
lavra!,62
only:,62
axes,62
xxxvi,62
"mantilla,",62
"gaiety,",62
puppet,62
whatever.,62
dissatisfied.,62
private.,62
jest.,62
bandaged.,62
"walking,",62
pining,62
front?”,62
servile,62
"addressed,",62
humor.,62
bennigsen:,62
"threateningly,",62
scottish,62
"merits,",62
natásha?”,62
toe,62
attendants,62
scientific,62
"lunch,",62
highness’,62
theirs),62
indebted,62
departed.,62
pipes.,62
"indistinct,",62
"rejoinder,",62
enable,62
"intelligence,",62
straggling,62
aunt’s,62
council.,62
better!,62
deferentially,62
"vivid,",62
stand.,62
man:,62
increasingly,62
flooding,62
sides:,62
hospitality,62
full-grown,62
praising,62
balagá!,62
paperweight,62
moderate,62
(having,62
gloat,62
streamlet,62
continuous.,62
stable,62
screamed.,62
incendiarism.,62
"“merci,",62
house—which,62
"ruler,",62
"bosom,",62
scanty,62
"scraped,",62
pierre?,62
"wig,",62
"austrian,",62
manure,62
spitting,62
duck,62
quarreling,62
shallow,62
defile,62
increased.,62
"iogel,",62
sarcastically.,62
"dream,",62
sleeplessness,62
along!,62
compulsory,62
d’honneur,62
"poetic,",62
"chase,",62
"negro,”",62
too.”,62
compromising,62
"amalek,",62
weakening,62
perspiration.,62
"murmur,",62
"commits,",62
"manure,",62
believed.,62
bees.,62
can’t...,62
interests.”,62
“buonaparte,62
circumstance,62
spirited,62
licking,62
embassy,62
"irritable,",62
principles,62
"mummy,",62
republic,62
merrier,62
60,62
capitals,62
whew...,62
entrenchment,62
reality.,62
hot.”,62
re-formed,62
terms.,62
taverns,62
"judging,",62
superhuman,62
user,62
charmed,62
dainty,62
wrapping,62
do;,62
mimi,62
believe?,62
harp.,62
sin.,62
"11,",62
hoch!”,62
plainer,62
banter,62
birds.,62
husband?,62
life—and,62
sera,62
misery,62
kisses.,62
conquest,62
brandishing,62
devotional,62
rug,62
repetition,62
gray-bearded,62
"attendance,",62
purport,62
nobody’s,62
incessantly.,62
overture,62
"“stop,",62
rhythmically.,62
“ours,62
scrambled,62
moscow),62
maison,62
vacantly,62
"philanthropy,",62
approximately,62
off”,62
1.e.1.,62
differing,62
serfs—the,62
"fool,”",62
morning;,62
distinct.,62
"equals,",62
sutler’s,62
“hark,62
"nowadays,",62
stir.,62
profusely,62
matches,62
persons.,62
"mushrooms,",62
summer.,62
"triumphantly,",62
"roof,",62
“while,62
conscripted,62
communication.,62
flames.,62
rascal,62
militiamen.,62
"ways,",62
"phaeton,",62
"thursday,",62
"tortured,",62
lolled,62
"everything),",62
girls.,62
sixty.,62
"afternoon,",62
"thoughtful,",62
sardinian,62
whip.,62
concentrate,62
"shrill,",62
wife?,62
irregularly,62
before?,62
"replaced,",62
curving,62
"pistols,",62
fired.,62
"“gentlemen,”",62
fortunate!”,62
"sugar,",62
root.”,62
embers,62
ready?,62
borzoi.,62
defer,62
illegal,62
recovery.,62
tumbled,62
categories,62
ruined.”,62
inadequate,62
go!...”,62
calculating,62
bitterness,62
admirably,62
three-cornered,62
"dissipation,",62
ruffling,62
doubled,62
trepidation,62
fruit.,62
"tíkhon,”",62
employer’s,62
"paler,",62
thawing,62
musketry.,62
least.,62
"marie,",62
wife.”,62
mud-bespattered,62
bed;,62
happier.,62
"preparation,",62
tack,62
"avenue,",62
amiabilities,62
fling,62
halt.,62
finland.,62
battle?,62
z,62
"feared,",62
twinkling,62
hook,62
assailed,62
inculpate,62
unwinding,62
reverent,62
chilly,62
print,62
benefactor!,62
"heirs,",62
room.”,62
"easy,”",62
"singers,",62
obstructed,62
"wise,",62
that?...”,62
told.,62
gleefully,62
weceipt,62
"hundred,",62
bluestocking,62
before—a,62
velocity,62
innyard,62
loosened,62
"fun,",62
officer—a,62
imbecile,62
confession,62
shámshevo.,62
"fewer,",62
"zoology,",62
"sixteen,”",62
wander,62
egyptian,62
transient,62
repented,62
slamming,62
left!,62
drowsiness,62
"girl,”",62
dokhtúrov’s,62
travail,62
principals,62
encouraged,62
"evil,",62
derive,62
melyukóv,62
irresolutely,62
heaven!...,62
"proposals,",62
plentiful,62
it....”,62
102,62
roadside.,62
honey.,62
"vladímir,",62
l’amour,62
“sire!”,62
"indifferent,",62
"1813,",62
minnesingers,62
illegitimate.”,62
administer,62
snuffboxes,62
last!,62
wag,62
tramping,62
"tact,",62
some!”,62
subtly,62
"gathered,",62
exert,62
oftenest,62
name?,62
discretion,62
homme.”,62
quarrel.,62
snapping,62
tested,62
eggs,62
high.,62
assurances,62
"wrongs,",62
word),62
"looked,",62
earthwork.,62
cœur,62
october.,62
sparkle,62
detach,62
fourteen:,62
syllable,62
horror-struck.,62
“health,62
self-restraint,62
flourish,62
wish.,62
fierce,62
acquainted.,62
luggage.,62
trick.,62
"subordinates,",62
dissemination,62
"dances,",62
belly.,62
showered,62
"consultation,",62
adráksin,62
"occur,",62
eat?”,62
cochon,62
climb,62
countess.”,62
"seats,",62
communion,62
"pillow,”",62
gut,62
begin?”,62
bowed.,62
"retired,",62
crackled,62
"mistake,”",62
say;,62
rudeness,62
geography,62
hindering,62
denísov!”,62
same....,62
well;,62
science—the,62
cured,62
rhetor’s,62
astwide,62
"moonlight,",62
senselessly,62
"throne,",62
pryánichnikov,62
extraordinary.,62
"apartment,",62
"governesses,",62
condescendingly,62
intercepting,62
"pleases,",62
brigands!”,62
moscou,62
rameau,62
wait!”,62
thirty-six,62
slew,62
learn.,62
nine:,62
pierre.”,62
monitress,62
snap,62
bath.,62
something.”,62
outline.,62
“once,62
father...,62
papa?”,62
revoir!”,62
approach.,62
"fires,",62
absent-mindedly.,62
husky,62
"stirring,",62
fidelity,62
"flogged,",62
pilgrim.,62
lassies,62
reciting,62
reappearance,62
vanquished,62
tolly.,62
tufts.,62
ornamental,62
nowadays....,62
"unfastened,",62
remedies.,62
"crackling,",62
brigade?,62
"real,",62
sheaves,62
colonel.”,62
mutton.,62
spoken.,62
triple,62
schérer,62
"violence,",62
"indiscretion,",62
decorum,62
"ices,",62
them—that,62
realms,62
agile,62
"uneasiness,",62
"smolyanínov,",62
wings,62
jeune,62
diligently,62
designed,62
"“because,",62
smolénsk?”,62
identity,62
throng.,62
burying,62
"subsequently,",62
ten:,62
fifteen:,62
"perceptible,",62
career.,62
"atmosphere,",62
rider’s,62
fought.,62
"play,",62
formed.,62
lighter.,62
"thanked,",62
diable,62
nothing?”,62
bazdéev,62
lies.,62
illogical,62
disconcert,62
wrathfully,62
"ruin,",62
fun.,62
lines.,62
devil.,62
chanter,62
expound,62
"false,",62
buckle,62
"discharged,",62
government?,62
soldier?”,62
tarútino;,62
“pass,62
reign.,62
assumptions.,62
eleven:,62
lip.,62
fascination,62
"policeman,",62
"upstairs,",62
bid,62
“michael,62
aghast,62
flavor,62
hot!”,62
"address,",62
"however,”",62
"medals,",62
locality.,62
"blind,",62
noteworthy,62
force!”,62
gazers,62
astray,62
lucrative,62
"reproachfully,",62
player,62
toying,62
"resumed,",62
joked,62
shrouded,62
peace....,62
word?,62
"cabbage,",62
lengthening,62
lantern,62
cabman,62
“shelter”,62
darling;,62
falsely,62
participate,62
email,62
hearers,62
morbid,62
"expect,",62
"ungrateful,",62
motley,62
peg,62
(an,62
hours’,62
thither,62
"unavoidable,",62
souls.”,62
"regeneration,”",62
christ!”,62
mummy!,62
mítenka’s,62
"compliment,",62
"misha,",62
"worded,”",62
powder.,62
neither.,62
"invaders,",62
half-shaven,62
1813.,62
possession.,62
faceted,62
now!...,62
one;,62
redness,62
"julie,”",62
rapidity.,62
coming!...,62
"orderlies,",62
"splendidly,”",62
revolve,62
"forget,",62
crooking,62
"wrath,",62
"tricks,",62
life—not,62
"mavrúshka,",62
"meekness,",62
detestation,62
pathetic.,62
genlis.,62
ample,62
"mosque,",62
"careless,",62
finely,62
o’er,62
"approach,",62
tapers,62
chinese,62
ruse,62
"dip,",62
looked.,62
to!’,62
ordained,62
"refined,",62
disdainful,62
seigneur,62
"absent-mindedly,",62
"cure,",62
quietly:,62
her....”,62
"natalie,”",62
"going,”",62
it—in,62
disbelieve,62
"societies,",62
dispose,62
enemy’s.,62
“nothing!,62
manuscripts,62
ooh!,62
thirdly,62
laughter:,62
time...,62
stroke.,62
death.”,62
"“more,",62
elated.,62
"innocent,",62
elated,62
russian.”,62
"curtain,",62
puddles,62
partake,62
"rewarded,",62
“every,62
salon,62
offer...”,62
reject,62
heaving,62
benevolent,62
robust,62
warriors,62
delighted!,62
happen.”,62
circulating,62
oppress,62
unharness,62
"amphitheater,",62
galoshes,62
view—to,62
wood!”,62
license.,62
"matchmaking,",62
english.,62
"ami,",62
devoured,62
"profession,",62
peals,62
skill.,62
expectation.,62
père.”,62
"field,”",62
zhilínski.,62
temptation.,62
requesting,62
lover’s,62
offhand,62
upset.,62
mainspring,62
caution.,62
brother?”,62
compassionate,62
groans.,62
"signboard,",62
pokróvka,62
tróitsa.,62
teacher.,62
"ebook,",62
"splendid,”",62
bother,62
unaccountable,62
demande,62
separation.,62
“dieu,62
handwriting.,62
kírsten.,62
attractions,62
"huge,",62
"former,",62
bit!,62
"deliberation,",62
decisively.,62
dryly,62
"accidentally,",62
"symmetry,",62
accompanies,62
"mummers,",62
peaceful.,62
vibration,62
marquis,62
"senator,",62
stepán,62
grain.,62
innocently,62
"ever,”",62
blush,62
forwarded,62
fool.,62
bit.”,62
it’ll,62
others;,62
comfortably.,62
storm.,62
invaluable,62
poetic.,62
"upwards,",62
suites.,62
"word,”",62
"submissively,",62
sucked,62
willarski.,62
peace.”,62
alarming,62
beneficent,62
reduce,62
“mind,62
censure,62
tatárinova,62
belliard,62
"smart,",62
foreseeing,62
companions.,62
"tenderly,",62
muscles,62
"insisted,",62
pole.,62
leave?,62
"“captain,",62
sire.”,62
sights,62
study.”,62
porter.,62
pack.,62
5.,62
"ought,",62
crouched,62
indulge,62
aims.,62
"mild,",62
interpreted,62
secrecy,62
"limping,",62
"baggage,",62
"napoleons,",62
five:,62
"plume,",62
sipping,62
"katie,",62
subordination,62
convoyed,62
virulently,62
"youths,",62
*—as,62
"long,”",62
"civilians,",62
christianity,62
think!,62
pierre;,62
"first-rate,",62
"midnight,",62
"monk,",62
glassy,62
"welfare,”",62
pope’s,62
needn’t,62
"mistress,",62
ford,62
men;,62
governor’s.,62
waste.,62
"limitations,",62
discordant,62
mended,62
executions,62
palings,62
enclosure,62
conditioned,62
"freemason,”",62
caustic,62
rubles!,62
fortune.,62
mind;,62
‘there,62
accentuating,62
"situation,",62
"protégé,",62
repnín,62
neighbor?,62
"gift,",62
scent.,62
closeness,62
"artificial,",62
‘little,62
so...”,62
forty-year-old,62
physically.,62
orderlies.,62
saltpeter,62
"carpets,”",62
nostrils,62
lice,62
solemnity.,62
widest,62
hastens,62
apráksina...”,62
settled?,62
told.”,62
"hope,”",62
oo...,62
array,62
shout.,62
"lean,",62
skirted,62
can’t!”,62
sónya!,62
gambling,62
plot,62
imitate,62
slapped,62
boom,62
"cleared,",62
unentrenched,62
clearness.,62
bridges.,62
prayers.,62
neatly.,62
vienna.,62
"horses,”",62
guides,62
thousand;,62
"resolved,",62
‘that,62
countess;,62
"ivánushka,",62
sixteen.,62
she?,62
"hotly,",62
napoleon;,62
appetizing,62
belated,62
perched,62
traits,62
villains!,62
foundling,62
"astonished,",62
“board,62
"trains,",62
since.,62
courses,62
half-burned,62
souls.,62
suffers,62
close-cropped,62
women.”,62
resolution.,62
"impatiently,",62
for),62
"whiskers,",62
file,62
"engaged,”",62
"puffing,",62
"ammunition,",62
dumb,62
jaw.,62
"sávishna,",62
touchingly,62
forgo,62
uhlan,62
ha!...,62
lopukhín,62
flirted,62
her—that,62
work;,62
confound,62
telling.,62
deported,62
crumbling,62
"efím,",62
perish.,62
baggage.,62
kindliness,62
sad?,62
girdled,62
"rapturous,",62
banging,62
niece.,62
arkhárovs’,62
“princess,62
assured.,62
cowshed,62
who’ll,62
disbelieved,62
culminating,62
see....”,62
actuated,62
outbursts,62
"standard,",62
wrathful,62
interesting.,62
rights.,62
mistaken.,62
aromatic,62
"spaniards,",62
pretty!”,62
true!,62
"choking,",62
swallow,62
devoting,62
hay.,62
sunburned,62
limonade,62
stacks,62
frenchies,62
fascinate,62
four:,62
inkstand,62
recruiting.,62
smoked,62
nice...,62
"doctor,”",62
temptation,62
pulse,62
immediately.”,62
wife!”,62
he’d,62
patrols,62
"treachery,",62
repulsed.,62
excellency...,62
charcoal.,62
lurking,62
riveted,62
overhanging,62
"clever,",62
subscribe,62
"hoarse,",62
"birches,",62
possess.,62
busied,62
perfumed,62
i.,62
ivánovna.,62
"baseness,",62
bondage,62
carting,62
landlord’s,62
"meet,",62
openings,62
infuriated,62
interpreter.,62
depths.,62
numbers.,62
"bet,",62
neighborhood.,62
neglecting,62
suvórovs,62
celui,62
tricked,62
scare,62
devilish,62
prusse?”,62
then.”,62
(a),62
"respectful,",62
august.,62
"welcome,",62
requirements.,62
elation,62
claparède’s,62
“clear,62
restoring,62
gaze.,62
"annette,",62
"povarskáya,",62
see?...,62
sing?”,62
austere,62
army!”,62
"bilíbin,”",62
"valley,",62
went:,62
"physics,",62
"stiff,",62
painfully.,62
cupboard,62
ah...,62
"dawn,”",62
residence,62
disproving,62
vicomte’s,62
men.”,62
hors,62
patriotically,62
bitterly,62
princess;,62
genealogical,62
little.,62
"next,",62
left...”,62
before),62
everything?”,62
displease,62
"“see,",62
angelic,62
modeling,62
excellent.,62
"agreed,”",62
rubbers,62
verdure,62
kámenka,62
smolénsk.”,62
“granddad.”,62
looters.,62
qu’un,62
meddling,62
day:,62
impetuosity,62
"ilyá,",62
artist,62
subjects.,62
with.”,62
squeaked.,62
wrinkling,62
bordered,62
crawled,62
lines:,62
"remarking,",62
volley,62
"twitched,",62
mattered,62
ladies!,62
"viflyánka,",62
"attendant,",62
nudging,62
clergy,62
i!”,62
mouton,62
conventional,62
eh?...,62
y,62
garçon,62
meal,62
recommendation,62
wheeled,62
"sudden,",62
imagination:,62
country!”,62
trouser,62
challenging,62
reverted,62
well?...”,62
"quarrels,",62
renegade,62
horseflesh!”,62
villains,62
myasnítski,62
creeping,62
strangeness,62
"stragglers,",62
"ma’am,”",62
"attentively,",62
poorest,62
lively.,62
son-in-law,62
frail,62
precedes,62
uniforms.,62
"instinct,",62
sweat,62
april,62
“máshka’s,62
skinny,62
yes?”,62
rivalry,62
shrill.,62
safe.,62
resigned,62
vogel,62
"costumes,",62
substantial,62
sow,62
"leisure,",62
incoherently,62
surrounds,62
goot,62
generation,62
"secrecy,",62
try!”,62
saddlecloth.,62
braided,62
“impossible!”,62
thundered,62
crupper,62
disconcerted.,62
droop,62
dares,62
swords.,62
brethren,62
mirrorlike,62
go...,62
regretful,62
compassionately,62
devout,62
gavest,62
obolénski,62
battles.,62
time),62
dazed,62
shyly.,62
coincide,62
"sacred,",62
one....,62
“lise!”,62
penny,62
turtle,62
monogram,62
fools,62
"facts,",62
anyhow.”,62
don’t...”,62
"horsecloths,",62
"afterwards,”",62
pondering,62
cold.,62
yelping,62
loosed,62
quieter,62
afraid?”,62
fists,62
exploit,62
asiatique,62
"staff,”",62
divorce,62
army—and,62
identification,62
mortal.,62
tormásov,62
whatsoever.,62
three:,62
"coquetry,",62
strength;,62
remarking,62
landlord.,62
"schelling,",62
expeditions,62
si,62
upheld,62
“hard,62
konyúsheny,62
visibly,62
‘for,62
interesting!”,62
adventure,62
fortified.,62
escape.,62
"tróitsa,",62
obstacle,62
assert,62
limitless,62
accounted,62
"conscience,",62
them—the,62
faults,62
rational,62
iványch,62
sufficed,62
"entrenchments,",62
entrenchments.,62
"lads,",62
"appellation,",62
"sinewy,",62
"fifty,",62
carriage?”,62
“natálya,62
dark-haired,62
"pávlovna’s,",62
earrings,62
care!”,62
"foreigner,",62
"sister-in-law,",62
officer?”,62
"sincerity,",62
flask,62
"retreating,",62
"verses,",62
of!,62
excellent!”,62
inimitable,62
flustered,62
england.,62
uncertainties,62
experience.,62
foment,62
wisp,62
drum,62
icons.,62
jesuit,62
"used,",62
unobserved,62
true...,62
"purposes,",62
material.,62
"zero,",62
on?...,62
dissipation,62
morose.,62
reviendra.”,62
c,62
admirer,62
campaigning,62
alone;,62
poland.,62
comprehended,62
polonaise.,62
truníla,62
shying,62
eastwards,62
undone,62
innombrables,62
violently.,62
welfare.,62
cygne,62
dug.,62
registrar’s,62
spaces,62
screening,62
imprisoned,62
numerically,62
signify,62
"executions,",62
then....”,62
mouth;,62
"brushed,",62
despicable,62
signifying,62
"snorted,",62
"stretchers,",62
portable,62
unwrinkled,62
abominable!”,62
dinner;,62
"nearness,",62
over!,62
son?”,62
crumbled,62
thou?,62
all:,62
artificially,62
comparatively,62
kosóy,62
bouts,62
selected.,62
ways.,62
candlestick,62
"moaning,",62
"yelling,",62
harder!”,62
event—the,62
"túla,",62
kirghíz,62
damage,62
disagreements,62
want.,62
prelude.,62
"sixty,",62
"wits,",62
too?,62
work!,62
trophies,62
fatigues,62
night.”,62
certainty,62
adroitly,62
valleys,62
delirious.,62
crowed,62
"power,”",62
fancy.,62
dinner.”,62
stolýpin,62
"there),",62
clambered,62
"hunger,",62
pauses,62
self-sacrificing,62
d’être,62
live?,62
discerned.,62
“arrange,62
“mamma!”,62
"nap,",62
for.”,62
"desk,",62
enough.”,62
"don’t,”",62
flay,62
coward!”,62
chamberlain,62
us?,62
cradle,62
one...,62
sign.,62
anew,62
"armchairs,",62
“delighted,62
listens,62
"mítka,",62
remained:,62
pouring,62
inserted,62
russian!”,62
lubyánka,62
there?...”,62
(without,62
serried,62
course...,62
patriarch’s,62
guarded,62
unceasing,62
"eýkhen,",62
redistributing,62
references,62
murderer,62
pattern.,62
"kírsten,",62
pencil,62
spadefuls,62
rubles—to,62
surveyed,62
earned,62
princesses;,62
twenty-one,62
soirees.,62
"pultúsk,",62
"insult,",62
uvárka,62
indeed!...,62
open-eyed,62
themselves!,62
"sarcastic,",62
philosophic,62
admire,62
gloomier.,62
honor!,62
farm.,62
"self-confidence,",62
stockings.,62
"“adieu,",62
"karágina,",62
swells,62
decanter,62
kind!”,62
fortress,62
side—the,62
parleys,62
oftener,62
"passionately,",62
smothered,62
certain!,62
fourteen-year-old,62
plaiting,62
waxen,62
affetto.”...,62
"mortal,",62
"virtue,”",62
dignitary,62
full-skirted,62
dugout,62
throb,62
cross.,62
unsuitable.,62
tap,62
brunt,62
blackguard,62
“eh?”,62
life—that,62
shanty.,62
"influences,",62
liveliest,62
chimney,62
planets,62
shaving,62
"guide,",62
justified,62
nimble,62
written.,62
well...”,62
clerical,62
impossible...”,62
dark-faced,62
greatcoats.,62
blind!”,62
impatiently.,62
"pancake,”",62
safely,62
"brightly,",62
wealth.,62
przebyszéwski,62
resume,62
pedantic,62
scowled,62
marauders,62
pleases,62
another...,62
order;,62
"widow,",62
deserter,62
out;,62
humiliate,62
farewell!”,62
appropriated,62
"untrue,",62
smoldering,62
"conclusions,",62
general!,62
"pet,",62
"pas,",62
strictness,62
seriousness,62
"train,",62
skirmishers,62
victory?”,62
"machine,",62
tomorrow.”,62
firing?”,62
"bed,”",62
ridicule.,62
mummers.,62
keener,62
"did,”",62
"duport,",62
deliberately.,62
attributing,62
"rum,",62
vein,62
"landowner,",62
envoys,62
"components,",62
willingness,62
intervened,62
sweep,62
grieving,62
braunau),62
indistinctly,62
cooperation,62
come....,62
bleed,62
“how?,62
bears,62
offended.,62
failures,62
vanquished.,62
orators,62
"affectionately,",62
"hands,”",62
“quand,62
túchkov,62
"needles,",62
ramballe.,62
fixed.,62
commensurate,62
hippolyte.,62
engaging,62
expectant,62
destination,62
abashed.,62
sight-seers,62
weighing,62
none?”,62
virtues.,62
sobbing.,62
“darling,62
crudele,62
bile,62
"submission,",62
departments,62
contributed,62
vision,62
finnish,62
pitying,62
necessity.,62
"hostile,",62
"dissolve,",62
church;,62
666.,62
skilled,62
leagues,62
"intact,",62
it?’,62
mytíshchi.,62
trade,62
epilogue,62
"interests,”",62
piety,62
"ironic,",62
“forty,62
"thought,”",62
"those,",62
“lift,62
"discernible,",62
germans!”,62
augesd.,62
ourselves!,62
crime.,62
"schools,",62
"delegate,",62
"cattle,",62
poison,62
blossoming,62
destination.,62
separately.,62
ancients.,62
kann,62
"blended,",62
"content,",62
"crimson,",62
"thirteen,",62
hardhearted,62
irony.,62
gripped,62
"“colonel,”",62
army....,62
torch,62
disposal.”,62
flocked,62
conduced,62
infantwy,62
healed,62
“uncle,62
pillars,62
sónya.”,62
"chuckle,",62
hazel,62
newspapers,62
comfort.,62
charon.”,62
flank?”,62
chains,62
needles,62
insufficiently,62
pakhrá,62
"birds,",62
lorrain.,62
"adding,",62
"disposition,",62
untimely,62
flatten,62
step;,62
"whither,",62
rapt,62
coats.,62
"listeners,",62
"alluded,",62
mansion,62
toilets.,62
once?,62
panted,62
apportioned,62
"fright,",62
authors,62
shower,62
berthier.,62
kinsman,62
"warsaw,",62
myself:,62
airy,62
povarskóy,62
wintzingerode’s,62
hand’s,62
twenty-second,62
"stay,”",62
pugachëv,62
haul,62
downwards.,62
side.”,62
regret.,62
harms,62
lawsuit,62
"yours,”",62
wag.,62
"these,”",62
"dined,",62
expressive,62
"coiffure,",62
"smiles,",62
deathlike,62
"heroism,",62
twirling,62
attempting,62
seeing.,62
potëmkin’s,62
"tilsit,",62
"ally,",62
care.,62
"dogs,”",62
snorting,62
swiftness,62
disillusionment,62
how?,62
statements,62
whew!”,62
"pursuits,",62
administrator,62
multiplicity,62
stacked,62
"ruffle,",62
"censure,",62
saluted,62
regiment?,62
objects,62
hillock,62
saber?”,62
"trowel,",62
forgetfulness,62
sickness,62
firewood,62
interplay,62
"“count,",62
"25,",62
refreshment,62
lurched,62
squirrel-like,62
“oh!”,62
more....”,62
rivet,62
newcomer.,62
rain-soaked,62
sketched,62
disobeying,62
"truce,",62
marches...,62
disordered.,62
"absent-minded,",62
regenerating,62
revealed.”,62
calmness,62
mundane,62
curse,62
subscription,62
income.,62
gems,62
“come!,62
swelled,62
disobey,62
"tactics,",62
inquiries.,62
memoirs,62
distress.,62
"dies,",62
eight:,62
world?”,62
cher.,62
startle,62
“everyone,62
"vladímirovich,",62
week’s,62
carpet.,62
"jingling,",62
váska!”,62
changed;,62
that!’,62
"rearguard,",62
certainly!”,62
streak,62
injuring,62
"cases,”",62
vodka.,62
"rolling,",62
same:,62
"merciful,",62
heart!”,62
"dmítrich,”",62
rob,62
"married,”",62
abstaining,62
deemed,62
"policy,",62
about—i,62
acme,62
scotch,62
everything;,62
power—the,62
notes.,62
that),62
commanding.,62
influencing,62
away....,62
wartime,62
rite,62
health?”,62
un-russian,62
wins,62
brigade,62
annette!”,62
experiences,62
"remarkable,",62
scoundrels!”,62
chase,62
lie?,62
raptures,62
"crossly,",62
"lunches,",62
vanishes,62
"brother,”",62
firs,62
"paths,",62
sang.,62
"father’s,",62
ma’am!,62
"tattered,",62
horse.”,62
24,62
privations.,62
hoarfrost.,62
he...,62
"phenomena,",62
“monsieur,62
recovery,62
‘to,62
‘sergéy,62
"quivering,",62
bivouacs.,62
swooping,62
scored,62
evils,62
"pelagéya,",62
“thy,62
"hound,",62
reminds,62
walls.,62
forcible,62
"mozháysk,",62
"vengeance,",62
hiss,62
"conception,",62
"absolute,",62
fools.,62
is?”,62
"sophie,",62
"loving,",62
burdening,62
"roared,",62
theresa,62
companion.”,62
breadth.,62
"inactivity,",62
complacency,62
talent!”,62
scrawled,62
tuesday,62
lies.”,62
mind:,62
wrenching,62
rectitude,62
immutable,62
march!”,62
‘one,62
beringed,62
mechanics,62
hurriedly:,62
placed.,62
complaint,62
hopelessly.,62
blunder,62
capitulation?”,62
entreating,62
"died,”",62
late?”,62
"majestic,",62
êtes,62
snows,62
"perfection,",62
gloomily.,62
unequal,62
detriment,62
either!,62
skeptically.,62
admonish,62
self-deception,62
"enormous,",62
vilkavisski,62
tightly,62
stormcloud,62
"governor’s,",62
pillaged,62
"slept,”",62
phenomena.,62
compliment,62
must.,62
long?,62
matchmaking,62
"confinement,",62
ganze,62
"showed,",62
goings,62
aim?”,62
huntsman’s,62
lyádov,62
fallow,62
moods.,62
some.,62
was...,62
concurrence,62
derisive,62
muscovites,62
nightmare,62
pity.”,62
"bands,",62
clasp,62
absent,62
twelve:,62
"else,”",62
"“princesse,",62
invalidity,62
bearers,62
bezúkhova.,62
1,62
"look,”",62
bedouin,62
"stated,",62
"masons,",62
agree.,62
"denísov,”",62
begging.,62
"crowded,",62
"666,",62
"university,",62
‘don’t,62
sophia,62
festering,62
flints,62
bourbons.,62
fees,62
faltered.,62
"dame,",62
dr.,62
ensued.,62
distinguishes,62
prettily,62
"across,",62
place?,62
"worse,”",62
"stupid,”",62
falling?,62
troops;,62
deliver.,62
deceit,62
thermometer,62
merit”,62
intimating,62
us—but,62
ex-minister,62
sickle,62
distinctness,62
half-crazy,62
indecisive,62
tarútino),62
"sodden,",62
lightly.,62
"adieu,",62
justice.,62
agony,62
miniature,62
hand....,62
"officer,”",62
devoid,62
"pretty,”",62
prisoner’s,62
sewn,62
bogdánovna.,62
warning,62
"little,”",62
ulyulyu!...”,62
intolerable,62
cold!,62
rapidly;,62
overturned,62
elder?”,62
prior,62
underfoot,62
krásnoe.,62
contrives,62
sown,62
awfully!”,62
"louis-es,",62
"directory,",62
manner!,62
"impetuously,",62
fanning,62
"sleeping,",62
generous,62
"understanding,",62
marches.,62
sinister,62
pipes,62
artistic,62
exasperation,62
"flying,",62
unkind,62
"place,”",62
"clad,",62
"palm,",62
any.,62
adapted,62
"scheme,",62
don’t.,62
fuel.,62
road—is,62
"krásnoe,",62
naughty,62
positions.,62
"arcola,",62
married?,62
impassioned,62
shavings,62
entrusting,62
quartered.,62
convention,62
"hairy,",62
passing:,62
greeting.,62
"recovered,",62
misleading,62
uselessness,62
"raft,",62
"dowry,",62
happy!,62
irreproachable,62
"karágins’,",62
defensive,62
extent.,62
way?,62
"merchant,",62
shopman,62
faltered,62
unconnected,62
fist.,62
storing,62
publican.,62
ferocity,62
"divan,",62
roughness,62
nobody.,62
utilized,62
www.gutenberg.org,62
re-use,62
stones,62
amusing.,62
business.”,62
sticky,62
frightened!”,62
occupied?,62
guidance.,62
they’d,62
complaining,62
uniformed,62
"barriers,",62
kórchevo,62
good.”,62
receded,62
"brothers,”",62
magnificence,62
fichu,62
"demand,",62
persistent,62
milk,62
mumbling,62
adráksin.,62
"commune,",62
"answers,",62
converting,62
robber,62
"munitions,",62
approximation,62
comparing,62
“calm,62
ensign,62
banged,62
misfortune!,62
snapped,62
"smilingly,",62
composing,62
talkative,62
indisposition,62
immersed,62
violence.,62
propose.,62
natured,62
millions.,62
restraint,62
wearisome,62
possible!”,62
pávlovich;,62
"failures,",62
"depression,",62
further.,62
"crowding,",62
"oaths,",62
"share,",62
“heavens!,62
loftiness,62
"significantly,",62
"justified,",62
unquestionable,62
"“natásha,”",62
resolute.,62
conscientiously,62
"tobacco,",62
compliments,62
"affection,",62
pawing,62
said!”,62
pinning,62
"“mais,",62
clasping,62
soften,62
roar.,62
"ran,",62
waiter,62
wrists,62
governs,62
recover.,62
irrecoverable,62
"takes,",62
"comes,",62
fugitive,62
kitchen.,62
benefactor.,62
trenches,62
bonnet,62
paw,62
"\"plain",62
computer,62
year?,62
conservatory.,62
drooped.,62
me!...”,62
knows!,62
wight!,62
men?,62
done.”,62
"lannes,",62
keeper,62
pig,62
lower.,62
"prokófy,",62
prove?,62
broad-boned,62
"virtues,",62
"playfully,",62
demand.,62
and...,62
preaching,62
homage,62
duke.,62
gatherings,62
"rugs,",62
abstain,62
georgian,62
vehicles.,62
audibly,62
murmur,62
"surrender,",62
marauder,62
"aspirations,",62
donors,62
www.gutenberg.org.,62
nothing!”,62
dreadful!”,62
princesses’,62
chain.,62
happiness;,62
days?”,62
tasted.,62
vivacity,62
"begin,”",62
"play,”",62
mamma!...,62
year?”,62
"seniority,",62
outwardly,62
"served,",62
"so-and-so,",62
"test,",62
"shadow,",62
negotiating,62
uncle!,62
stem,62
(whom,62
hopping,62
poniatowski’s,62
recklessly,62
shamefully,62
clearer,62
lapse,62
"heroes,",62
spinning,62
disadvantages,62
kind...,62
upwards,62
inheritance.,62
"mournful,",62
mending,62
"rejoicing,",62
denísov?,62
about!”,62
out?”,62
"reported,",62
"seeing,",62
truth!”,62
pale-blue,62
shortly,62
"30,",62
regrettable,62
dangers.,62
judge.,62
"near,",62
symmetry,62
"turks,",62
tomorrow?,62
wits.,62
it—not,62
slave!,62
"shishkóv,",62
"negotiations,",62
"gently,",62
remounts,62
den,62
"unawares,",62
heave,62
patriotisme,62
electricity,62
information.,62
bag,62
other.”,62
"killed,”",62
"fancy,",62
intelligence.,62
answered:,62
sheep!,62
foreseen.,62
wondered.,62
paralyzed,62
plain.,62
marie,62
acquiring,62
uninteresting,62
world’s,62
king!,62
cordially.,62
transformed,62
wanting,62
"noise,",62
scenting,62
appeal.,62
"released,",62
"kirílovich,”",62
ferocious,62
bearded,62
widespread,62
westward.,62
things.”,62
"“mamma,”",62
felt:,62
violation,62
scheme,62
splendid.,62
ring.,62
geometrical,62
temples.,62
cottage,62
wegiment,62
as:,62
"insincere,",62
joke.,62
arm’s,62
"farther,”",62
anticipation,62
hunger.,62
dislocated,62
"fraud,",62
mostly,62
"display,",62
"danílovna,",62
sense.,62
scintillating,62
"uhlans,",62
"messenger,",62
elder?,62
recaptured,62
"successful,",62
relates,62
arson,62
"novels,",62
standpoint,62
"epigram,",62
nonsense.”,62
that....,62
charming...,62
morning?”,62
scolding,62
guilty.,62
lanterns,62
arrogant,62
ukrainian,62
place!,62
"firmly,",62
warmest,62
thresh,62
"falsehood,",62
dishonorable,62
still?,62
tuesday.,62
mankind.”,62
thankful,62
braces,62
"disliked,",62
hunting:,62
pétya!”,62
shoes.,62
"pardon,”",62
scythian,62
orchestra.,62
wife?”,62
government;,62
member.,62
"interfere,",62
indistinct,62
taper,62
peace!,62
figures.,62
"diminishing,",62
him—i,62
"beams,",62
bravery,62
gypsies,62
bit...,62
proposes,62
"traveling,",62
absent.,62
doing;,62
cursing,62
lázarev’s,62
discussed.,62
benevolence,62
"darling,”",62
"belt,",62
england’s,62
"independent,",62
signing,62
crash,62
"tatárinova,",62
barbarity,62
acknowledgment,62
foundations,62
"conquests,",62
want.”,62
next?”,62
confession.,62
review.,62
fashionably,62
"vice,",62
plans?”,62
fist,62
legislative,62
weakness.,62
shame.,62
"asch,",62
"“dunyásha,",62
events—the,62
illumined,62
reinforcements.,62
passage;,62
never”,62
outturned,62
gardener,62
always.,62
yours?,62
today!”,62
tenor,62
"sixteen,",62
compressing,62
disentangled,62
grandfather,62
ceremonies,62
"revealed,",62
naming,62
unintentional,62
zu,62
twitched.,62
brandy,62
gratify,62
"them,’",62
fights,62
"empty,”",62
limping,62
"factor,",62
truth—that,62
rousseau,62
conceivable.,62
abstained,62
epilogue:,62
"find,",62
softness,62
fully.,62
"roam,",62
impudently,62
"impressively,",62
sentence.,62
letter:,62
aide-de-camp!,62
eyes...,62
lights.,62
"l’honneur,",62
"mother-in-law,",62
"enjoyed,",62
"birth,",62
villain!”,62
"proud,",62
beard.,62
lamenting,62
apologetically.,62
"twenty-fifth,",62
out!,62
infinitesimally,62
hired,62
unterkunft,62
"arrested,",62
yákovlev,62
"reformers,",62
dishonest,62
"dryly,",62
certain?”,62
tartar,62
pleasant.,62
sickening,62
‘i’ll,62
enlivened,62
“sergéy,62
fr...,62
prince;,62
merits,62
long-established,62
“good!”,62
"administrative,",62
ein,62
gladness.,62
proposals.,62
"powerless,",62
"conscience,”",62
befouled,62
responsibilities,62
"abstraction,",62
occurring,62
committed.,62
eloquent.,62
"invalid,”",62
abbé.,62
privately,62
i”,62
tenderly.,62
beautiful.,62
recross,62
"deceived,",62
stationary,62
freckled,62
dismay.,62
“were,62
notwithstanding,62
"meantime,",62
witness,62
observantly,62
"semënovna,”",62
be!...,62
owned,62
yes?,62
"chekmár,",62
receding,62
graves,62
began;,62
"restless,",62
understandable,62
resulted.,62
grief;,62
marking,62
"wonderful,",62
ruffian,62
superficial,62
calèches,62
“brigand!,62
"vorónezh,",62
sheds,62
"africa,",62
event;,62
simple-minded,62
service....,62
"abreast,",62
schmidt,62
messieurs,62
what.,62
become.,62
and—like,62
2.,62
"fit,",62
"voir,”",62
way),62
estimable,62
charming!”,62
improve.,62
"fóka,",62
too;,62
"something,”",62
"troyka,",62
priding,62
“both,62
"expenditure,",62
drenched,62
burdensome,62
proprieties,62
"conflicts,",62
costs,62
amuses,62
“forever?”,62
people:,62
clapped,62
"side,”",62
"viciously,",62
touch.,62
father?,62
"willing,",62
chased,62
parading,62
hoofs.,62
"sons,",62
"misery,",62
"bazdéev,",62
"austerlitz,”",62
holds,62
bodices,62
partiality,62
"daybreak,",62
siberia.,62
incongruous,62
nicht,62
"drums,",62
abuse,62
bump,62
son.”,62
laughs,62
andrew!,62
scoundrels,62
nikólenka’s,62
dimensions,62
less.,62
“bad!,62
these.,62
"row,",62
hardened,62
scruff,62
"mítenka,",62
bush,62
insuperable,62
grande,62
can’t!,62
stove.,62
"sins,",62
4,62
crown,62
"masters,",62
"sleepy,",62
unsolicited,62
wince,62
konovnítsyn.,62
rending,62
became.,62
scornfully.,62
four.,62
heaven!,62
upwards.,62
"re-formed,",62
paris.,62
"asparagus,",62
“800,62
prey,62
codes.,62
recollected,62
suitor.,62
"bítski,",62
leaps,62
"receded,",62
cries.,62
emanating,62
"pursued,",62
pillaging,62
veranda,62
"limit,",62
owns,62
"copying,",62
prominently,62
louise,62
offensively,62
power.”,62
"“thanks,",62
"coward,",62
convoy.,62
apprehension,62
"attack,”",62
"superfluous,",62
maids’,62
associating,62
folk.’,62
sarcastically,62
overcome.,62
album.,62
"queer,",62
upland,62
listen!”,62
darlings!”,62
irritability.,62
apparition,62
"d’ideville,",62
"shako,",62
ratio,62
moscow—and,62
"even,",62
loudly.,62
communion:,62
"murder,",62
creak.,62
permission.,62
languid,62
“really,62
preliminaries,62
burns,62
"discovered,",62
gripping,62
rostóv;,62
insincere,62
bloom,62
rocking,62
‘make,62
opinions.,62
methods.,62
text,62
nice.,62
firhoff,62
lying?”,62
"irritability,",62
"blushes,",62
"became,",62
moses,62
(so,62
“whew...,62
militiaman,62
fire!”,62
"kirílovich,",62
damaged,62
ney’s,62
transport.,62
12,62
"lip,",62
protégé,62
“let’s,62
bigwigs,62
delightful!,62
trifles?”,62
drunkenness.,62
prolong,62
slippery,62
dancer.,62
didst,62
"swords,",62
siberia,62
institutions.,62
worker,62
squeaked,62
terribly.,62
"fat,",62
backwardness,62
lighter,62
"midian,",62
apprehensive,62
fraud,62
"press,",62
yaroslávl.,62
unparalleled,62
"attend,",62
unfavorable,62
is...”,62
warrior!,62
spurring,62
half-hour,62
"bedchamber,",62
decorated,62
baritone,62
gullies,62
discovering,62
“young,62
image.,62
glued,62
scraggy,62
beggars,62
seems...”,62
“uncle’s.”,62
“he?,62
echo,62
1812—the,62
thine,62
lure,62
unsuitable,62
"major-domo,",62
exterminate,62
portions,62
motherly,62
"pokróvsk,",62
others?”,62
deserves.,62
flown,62
"treasure,”",62
from?”,62
may.,62
gowns,62
mort,62
rejoices,62
"fall,",62
merchants.,62
dripping.,62
acquire,62
branches.,62
backwash,62
"situated,",62
room:,62
splendidly,62
clattering.,62
catiche,62
auntie,62
“well!”,62
l’armée,62
restive,62
calamity!,62
calm;,62
negligence,62
officer;,62
"confident,",62
army?,62
unique,62
reconnoitered,62
due.,62
papa.,62
disasters,62
welled,62
"disease,",62
wrongly,62
alpátych!,62
carting.,62
moment?”,62
delivering,62
courte,62
controls,62
"sovereigns,",62
wavered,62
"lorrain,",62
preventing,62
beaten?”,62
eyelids,62
taller,62
"rival,",62
“bolkónski!”,62
staircase.,62
lovely.,62
incomparably,62
military.,62
brightened.,62
"melyukóvka,",62
long-expected,62
"pearls,",62
barrel,62
deliberations,62
ruin!,62
barque,62
"palms,",62
"arsenal,",62
"pillage,",62
incurred,62
tolstoy,62
13,62
outlived,62
ashamed!”,62
there—they,62
"capitulation,",62
"musketry,",62
attack.”,62
"disperse,",62
"harm,”",62
adroitness,62
"that),",62
"novosíltsev,",62
daredevil,62
brow.,62
childishly,62
"failed,",62
forsaken,62
"“countess,",62
generosity.,62
vehemence,62
secretly.,62
spy.,62
risking,62
show.,62
cover.,62
numbered,62
calamity.,62
specified,62
son!”,62
swimming,62
"wont,",62
"meat,",62
len...,62
wring,62
"hot,",62
"answering,",62
affirmative.,62
“everything’s,62
to;,62
vogue.,62
roaring,62
"correctly,",62
gushed,62
opposition.,62
bewilderment.,62
personally.,62
"drones,",62
trickled,62
punch,62
full-dress,62
"muddles,",62
"staffs,",62
narration,62
friendship?”,62
heart!,62
amiability,62
doing!”,62
"vehement,",62
father...”,62
"coat,”",62
dont,62
"cavalryman,",62
milk-white,62
nesvítski;,62
why.”,62
"be),",62
daybreak,62
forgetting.,62
1.,62
“il,62
"potatoes,",62
entangled.,62
fox.,62
assimilated,62
him—for,62
mock,62
stifling,62
smacked,62
warmer,62
dust.,62
these?”,62
route,62
submits,62
perpetrated,62
rich?”,62
gold-embroidered,62
voice;,62
leave?”,62
granted.,62
"forests,",62
turrets,62
sit.,62
already.”,62
celebrating,62
"imperceptibly,",62
reported.,62
fall?,62
"intended,",62
curtains,62
erection,62
"dreams,",62
romance,62
tactful,62
munched,62
year.”,62
incalculable,62
halls,62
stuffed,62
marshal!,62
divining,62
winking.,62
"militiamen,",62
tenfold.,62
"rag,",62
undo,62
hungarian,62
"rounded,",62
unpleasant.,62
mania,62
"soiree,",62
guide.,62
conform,62
townsfolk,62
buonaparte?”,62
contrasted,62
"distressed,",62
air;,62
confusion.,62
frowning.,62
toilet,62
borrowing,62
"philip,",62
weal,62
gladdening,62
need.,62
palpable,62
lightning.,62
doffing,62
iványch!”,62
excess,62
"show,",62
"vespers,",62
occupies,62
"“forfeit,",62
domes,62
"ignát,",62
possibility...,62
"why,”",62
possible?”,62
lap,62
"deceive,",62
two!”,62
lad?”,62
ration,62
“they’d,62
lamented,62
termination,62
scornful,62
improvements,62
"“master,",62
"worldliness,",62
repent.,62
"miss,",62
entrust,62
regrets,62
before.”,62
nicholas!,62
"saltykóv,",62
peacetime,62
there”—he,62
(perhaps,62
pastime,62
violin,62
recommend,62
mamma?,62
"obvious,",62
priest.,62
clothing.,62
anyway,62
"knapsacks,",62
“sell,62
tête-de-pont.,62
abreast.,62
line—the,62
"soup,",62
"shyness,",62
exploding,62
hand?,62
soaked,62
armies.,62
conveyance,62
fuss!”,62
collapsing,62
maidservants,62
"proverbs,",62
sensibility,62
"renewed,",62
“anna,62
belonged.,62
crazy.”,62
"liked,",62
"footing,",62
sullenly,62
"nursery,",62
fresh.,62
good-for-nothing,62
jackets,62
dismounted.,62
neglected,62
herr,62
grooms,62
longer?,62
"hated,",62
"powers,",62
sedately.,62
i—the,62
"affectionate,",62
trip,62
stud,62
ask?”,62
"chernýshev,",62
effecting,62
valuables,62
waning,62
"“non,",62
merciful,62
praised!”,62
surrendering,62
plastered,62
adapting,62
dim.,62
repent,62
talent,62
baize,62
"decorum,",62
correctness,62
gory,62
"pistol,”",62
robbery,62
"gratefully,",62
platón’s,62
night;,62
khamóvniki,62
"noses,”",62
“fetch,62
promise!,62
translating,62
lonely,62
epaulettes,62
called.,62
think.”,62
nikólenka.,62
casement,62
"none,",62
exhortation,62
were:,62
we’d,62
cramped,62
innate,62
"rough,",62
islands,62
intoxication,62
niemen.”,62
valves,62
"imprisonment,",62
"formation,",62
shoots,62
power;,62
verge,62
generalized,62
stingy.,62
glossy,62
"asking,",62
"poverty,",62
distractions,62
money?”,62
grenade,62
“buonaparte?”,62
lambskin,62
accord.,62
horizon.,62
"suites,",62
barren,62
speaker’s,62
brink,62
limitations,62
(b),62
punished.,62
mechanical,62
"disappointment,",62
"artificiality,",62
"chose,",62
hesitated:,62
engine,62
absently,62
aunt...”,62
permanent,62
fathers,62
"dólokhov,”",62
head.”,62
singles,62
"flask,",62
outstripped,62
self-esteem,62
restaurant,62
unceasingly,62
"shown,",62
"sensations,",62
diplomatist,62
casket,62
color.,62
ceremonious,62
temple.,62
"matter,”",62
"kolyázin,",62
retreats,62
twy,62
"vacillating,",62
governments,62
gallery,62
rearrange,62
"tooth,",62
"south,",62
matthew,62
lectures,62
stampede,62
"freezing,",62
by:,62
rely,62
"alexander,”",62
minutes’,62
"pencil,",62
dismally,62
shock.,62
persisted,62
bowl,62
impart,62
wisps,62
"francis,",62
"orchestra,",62
kostromá,62
sways,62
subscribed,62
fraud?,62
"recreation,",62
“pétya!,62
"bears,",62
oblique,62
numerical,62
significance:,62
apocalypse,62
away...,62
disregard,62
"shopkeepers,",62
functions,62
"educated,",62
"“seriously,",62
"love,”",62
cambric,62
changed:,62
"turning,",62
rejects,62
phrases.,62
greatcoat.,62
scraped,62
skirmishers.,62
medal,62
lays,62
gravity.,62
melt,62
privilege.”,62
"loyalty,",62
"submitted,",62
"frenchmen,”",62
column!,62
"unpleasantly,",62
"toast,",62
hope...,62
fields.”,62
frost-bound,62
gentlemen”,62
"library,",62
"toil,",62
collapsed.,62
volition.,62
grin,62
"frankness,",62
unexecuted,62
restrictions,62
betrayal,62
flurried,62
heaven.,62
injure,62
bluntness,62
instinctive,62
half-past,62
"mile,",62
baring,62
"melyukóvs’,",62
required.,62
"irrevocable,",62
"danzig,",62
2,62
assembly,62
fervor,62
death?”,62
kills,62
marshal.,62
accomplished;,62
reaction.,62
partner.,62
"separation,",62
untied,62
wakes,62
"trigger,",62
troubles.,62
wrong?,62
tension,62
bark,62
ingratiate,62
obligation.,62
governmental,62
base.,62
districts,62
rocked,62
places!”,62
brightly.,62
heart?,62
brace,62
"combinations,",62
fëdorovna.,62
"defense,",62
"“denísov,",62
congealed,62
"eagle,",62
commence,62
flogged,62
late...”,62
"looking,",62
"scriptures,",62
"abashed,",62
sweating,62
conclusion:,62
oder,62
sarcasm,62
morand,62
equivalent,62
alive...,62
threat,62
"medium,",62
"daughter-in-law,",62
petitioners,62
unawares,62
saying!”,62
sutlers,62
ecstasy.,62
thyself,62
punishments,62
"hot,”",62
tiresome.,62
true?,62
flashing,62
"capless,",62
"consolation,",62
"karágins,",62
insanity,62
knyazkóvo,62
theirs,62
morrow,62
"indicated,",62
claims,62
refund.,62
careworn,62
glamour,62
"lied,",62
"wink,",62
"cadet,",62
"fashionable,",62
scoundrels.,62
kissed.,62
else....”,62
strife,62
ill-disposed,62
cakes,62
“ulyulyu!”,62
"purposely,",62
"rugáy,",62
trod,62
"alphabet,",62
"soirees,",62
bearing.,62
"gérard,",62
tethered,62
explanations.,62
gathered.,62
vertically,62
"good-naturedly,",62
name.”,62
price.,62
"double,",62
"flèches,",62
earliest,62
likhachëv,62
englishman.,62
evince,62
wider,62
"countenance,",62
sprained,62
worthlessness,62
"deacon,",62
"unfortunate,",62
enclosed,62
"turned,",62
caesar,62
mio,62
"postmaster,",62
death?,62
idleness.,62
n—,62
"harsh,",62
armies;,62
proper.,62
"ironical,",62
onwards,62
savior,62
míshka.,62
semidarkness,62
cursed,62
seller,62
west.,62
sections,62
self-abnegation,62
amazement.,62
"selfish,",62
scandal,62
fallen.,62
"cord,",62
suggestion.,62
“got,62
ashamed?”,62
cool,62
bulged,62
mother’s.,62
"thither,",62
“louis,62
"kerchief,",62
soles,62
"astray,",62
frozen.,62
noon.,62
“borís,62
whomever,62
reflections;,62
"footsteps,",62
theatrical,62
bells;,62
day—all,62
semënova,62
"red-faced,",62
dictatorship,62
falsity,62
prophecy,62
50,62
capital!”,62
views.,62
"poniatowski,",62
górki,62
"“o,",62
barges,62
broussier,62
decrease,62
defenders,62
glaring,62
faithfully,62
background,62
"foreseen,",62
unsettled,62
captains,62
"drop,",62
anyhow,62
head’s,62
ends.,62
"regarded,",62
me—everyone,62
"apples,",62
dressers,62
attendant.,62
instances,62
pegs,62
musketoon,62
thirteen:,62
"russia,”",62
escapade,62
house!”,62
chief?”,62
"dragoons,",62
father-in-law.,62
twenty;,62
gospel:,62
justly,62
creator,62
her....,62
"does,",62
angels,62
accounts.,62
swooped,62
s,62
suspicion,62
french!,62
sparing,62
"vozdvízhenka,",62
sacks,62
"flee,",62
generalization,62
"unable,",62
wags,62
"delay,",62
shawls,62
line...,62
"bush,",62
“help,62
potsdam,62
cogwheels,62
succeeds.,62
star-shaped,62
attacks.,62
“keep,62
everything...,62
"building,",62
"opera,",62
"ordered,",62
drissa.,62
leader.,62
damn,62
military?,62
"than,",62
heaviness,62
fulfilled.,62
comedy,62
"ambush,",62
master!,62
guttural,62
dear!...,62
foam,62
entrenchment.,62
"artilleryman,",62
surgeon,62
"bezúkhov’s,",62
"noiselessly,",62
"criminal,",62
narrative,62
s—,62
maneuvers.,62
"syllable,",62
"associates,",62
fiery,62
"stoutness,",62
celebration,62
“natásha!,62
belongings.,62
“natalie?”,62
"system,",62
"polish,",62
efficacy,62
toothless,62
"arise,",62
geographical,62
ex-captain,62
"wildly,",62
"ridicule,",62
fable,62
aimlessly,62
"amiss,",62
alighting,62
needs.,62
pens.,62
"displaying,",62
d’hôtel,31
guards...”,31
ilyníchna,31
"“sónya,”",31
replied;,31
"overlooked,",31
ingratitude—the,31
archduchy,31
busy!”,31
"headquarters,”",31
stolen...”,31
trail,31
crest,31
did.”,31
kuzmích...,31
lëlya?”,31
“hm!—his,31
undress.,31
"lights,",31
outfit,31
recommendation...,31
inimical,31
appointed...,31
elephant.,31
feigned—or,31
lasted.,31
victories;,31
company?,31
lad’s,31
friends—you,31
elevate,31
enlightenment?”,31
laziness?,31
gloria,31
soirees,31
curtain.,31
intimité,31
‘what?,31
petition?,31
“lieutenant,31
laws?,31
vicissitudes,31
freaks,31
narýshkina;,31
current.,31
"labors,",31
transaction,31
poppy,31
on!—you’ve,31
odessa.,31
books—no,31
twice...,31
courts.,31
douleurs,31
ces,31
"rail,",31
"dressmaker,",31
"khvóstikov,",31
asia!,31
saltykóv,31
irritable—as,31
"barbarism,",31
wolzogen:,31
"pseudo-healers,",31
“commit,31
“heah!,31
serfs—were,31
andréevich—(he,31
immortally,31
"evewyone,",31
acquaintance!,31
witticism,31
exchange.,31
success;,31
cramp,31
"rut,",31
blackish,31
desecration,31
"really,”",31
instructions....,31
foxy,31
everybody!”,31
"“onterkoff,”",31
"vigor,",31
stupefaction,31
squealing,31
"“tss,",31
roundabout,31
flee.,31
conquer—that,31
"descended,",31
hitched,31
pétya—“is,31
“more-orderers”,31
pale-greenish,31
ramrod,31
enough;,31
lyrical,31
dukes—whose,31
maggoty.,31
queer.”,31
"remnant,",31
ingratitude,31
shishkóv,31
occurs;,31
unpaid.,31
strawberry,31
forgetful,31
"mori,”",31
tatáwinova,31
"everything—magnítski,",31
suppose;,31
understood...,31
wields,31
deity.,31
"barbarians,",31
attraction;,31
infinitesimal,31
www.gutenberg.org/license.,31
"“diplomat,”",31
brusque,31
ready—it,31
"dragon,",31
“intended.”,31
variations,31
hardy,31
"gossips,",31
disagreeable.,31
“hurrah,31
"somewhere,”",31
denísov’s;,31
out”,31
victorieuses.”,31
"entrenchment,",31
"noisy,",31
rumble.,31
those...”,31
smelling,31
husband!,31
officers.”,31
"français,”",31
napoleon—his,31
blackguards!”,31
master),31
"vividness,",31
only?,31
fraternity,31
"atheist,”",31
within....”,31
asylums—on,31
pestewing,31
"“anyhow,",31
"outburst,",31
fraternal,31
rebirth,31
regeneration.,31
“conjugal,31
provinces—and,31
“charmé,31
superabundance,31
ryazán;,31
peculiar.”,31
calm.”,31
"haven,",31
wretch!...,31
"black-spotted,",31
"iván,”",31
courage....”,31
temper),31
mikháylovna?,31
loans.,31
reticule.,31
akhárovs’,31
"drive,",31
tons,31
accustomed.,31
"despise,",31
"inattentively,",31
dragoons;,31
organs.,31
"jerkin,",31
command),31
excluded,31
shaken!’,31
instructions—here...”,31
“your...,31
aléxis,31
"director,",31
sacrée,31
bisecting,31
"adroitness,",31
(borodinó),31
founded;,31
torzhók.,31
menservants,31
disinfected,31
"tendre,",31
"decline,",31
question),31
memory:,31
beverage,31
"frieze,",31
racking,31
affable.,31
attraction.,31
(davout).,31
"pit,",31
praying.,31
love—stands,31
spheres,31
"nízhni-nóvgorod,",31
trading.,31
fain,31
actresses,31
positive,31
little.”,31
happening—what,31
fever.”,31
contemplation—he,31
him—felt,31
lacked.,31
partially,31
now—but,31
commending,31
laughing.”,31
husband—as,31
vocal,31
"bonapartist,",31
"progenitors,",31
"cotyledons,",31
cognizant,31
"viewed,",31
distributor,31
tonight.”,31
"“who,",31
gueules,31
emancipation,31
jacobin,31
narrator.,31
"aches,",31
"scandals,",31
apráksina.,31
kittenish,31
closer!”,31
"outright,",31
priests;,31
tactician!”,31
right:,31
soldiers),31
frustrate,31
luck!,31
brünn’s,31
éprouver,31
“bonaparte...”,31
civilian—an,31
with?”,31
gurgle,31
"scarf,",31
moment?,31
knoll;,31
"“lads,",31
unendurable,31
"ask,’",31
"fly,",31
"cards,”",31
ages.,31
mamma!”,31
denied?”,31
marat,31
race—and,31
freemasonry!,31
sachiez,31
sin!,31
quitrent.,31
sprawling,31
"tight,",31
"uninitiated,",31
confidentially.,31
"justinian,",31
"strive,",31
methodical.”,31
cousins,31
"harrier,”",31
“blast,31
on!...”,31
tartar!”,31
(some,31
"disguised,",31
königsberg.,31
vult,31
allies?”,31
"deliberating,”",31
"zdrzhinski,",31
overclean,31
blow—which,31
666,31
make?,31
“angel!,31
“will”,31
smolénsk;,31
"rods,",31
“decision?,31
god!...,31
reversed.,31
criminals.,31
retainers,31
him—whose,31
genius.”,31
"1810,",31
itself—he,31
binding.,31
acting?,31
directors,31
"curses,",31
postmaster.,31
anybody”—but,31
our—all,31
for—he,31
shiftily.,31
dung,31
keyboard,31
"bleed,",31
clouds...”,31
ease....,31
intoxicatingly,31
"fires,”",31
"unchanged,",31
"exit,",31
chief),31
us:,31
shielding,31
likelier,31
bag—“a,31
round!,31
“j’ai,31
"manly,”",31
"traversed,",31
‘pardon!’,31
deprived.,31
greece,31
self-interest—house,31
sail,31
weally,31
doctrine,31
file;,31
mitigates,31
worlds.,31
weak.,31
twenty-five.,31
"“first-rate,”",31
imperials”—he,31
life—with,31
"kitten,",31
"worthy,”",31
mother?”,31
midway,31
teacher’s,31
heartrending,31
"wives,",31
"lighthearted,",31
predilection,31
jew.”,31
"communications,",31
“oooh!,31
terribly—her,31
conclusiveness,31
chasseurs....,31
captured!”,31
"“fire,",31
"incomplete),",31
generous?,31
ashamed.”,31
cushay,31
roadside,31
typically,31
mistakes.,31
unfortunates.,31
herself...,31
lessons?”,31
"ace,",31
"omnipotence,",31
entered...,31
"“women,”",31
exhort,31
marriage—when,31
“cream,31
sávishna,31
today.’,31
you?...”,31
god.’...”,31
bedsteads,31
room”—as,31
"pat,",31
granted....”,31
“rostóv!,31
stayed.,31
jar,31
nightingales,31
privilege.,31
accentuated,31
please—is,31
"girl,’",31
law—the,31
melyukóvs’,31
all—read.,31
weakness...”,31
"often,”",31
boulevard,31
timoféevich,31
luck!...,31
everybody—tired,31
wintzingerodes!,31
"character,”",31
"stool,",31
petition.,31
bronnítskis,31
been—the,31
face),31
abundantly,31
violet,31
footprints,31
doctors—one,31
"mecklenburgers,",31
biography,31
“saber,31
intricate,31
horsemen!”,31
plainly.,31
coral,31
"judges,”",31
spontaneously,31
exhales,31
nearness.,31
cause!”,31
settlement,31
(wrote,31
moscow—as,31
disintegrated,31
russo-french,31
rapiers,31
sentinel.,31
"knouted,",31
boded,31
diminution,31
zigzag,31
(grands,31
blazed,31
“strange,31
audacity,31
birchwood.,31
"commissions,",31
stove,31
formed...”,31
fancy—as,31
"xvi,",31
occurs—be,31
philosophic—we,31
compulsory.,31
unevoked,31
countries,31
gutenberg:,31
1.f.5.,31
tolstoy/tolstoi,31
"defect,",31
ambassadors,31
doll.,31
out...,31
they—friends,31
"unspoilt,",31
"o’erpassed,”",31
"consequences,”",31
passages—twenty,31
saber—a,31
"who,’”",31
genius!”,31
two.”,31
túshin!,31
exquisite?”,31
guests—an,31
“thought...,31
s...,31
"crybabies,”",31
"canteen,",31
"dismounting,",31
przebyszéwski’s,31
toll’s,31
moravians,31
"“daredevil,”",31
grabern—and,31
"begun,”",31
"reinstated,",31
delightedly.,31
"rostóv,”",31
lessons.,31
compasses,31
comrade.,31
"repulsion,",31
beautiful—compared,31
funnier.,31
ending.,31
stand—a,31
broad-browed,31
sugar.,31
"nikíta,",31
world....”,31
"classes,",31
kurágin!”,31
bezúkhova’s.,31
additions.,31
consciously,31
"historic,",31
uncomfortable:,31
alienating,31
judgment...,31
blunders.,31
honestly.,31
elucidate,31
fortunately.,31
"“rostóv,",31
face—fair,31
six.,31
joke....”,31
mamónov,31
foolish!,31
single.,31
"away,’",31
articulated,31
‘we’ve,31
—,31
circle—separated,31
peoples’,31
butterflies,31
christians?”,31
coaches,31
"crying,”",31
rain.,31
ridiculous.,31
furs!”,31
alexéy,31
inhabited,31
(pétya,31
increasing.,31
moroseness,31
embracing.,31
"are,”",31
chances—from,31
thirsty,31
absence:,31
son.),31
"moves,",31
which—ever,31
unlink,31
gutenberg-tm.,31
periodic,31
1500,31
mouth—seemed,31
chairs.,31
savagely,31
"kárlovich,”",31
"madame,”",31
cossack),31
cackle,31
underneath.,31
s’en,31
officer!,31
"seriously,”",31
"juan,",31
o’clock?,31
dilemma,31
square—for,31
cavalry...”,31
twot,31
stumbled.,31
pleasantest,31
“mary’s,31
snuff.,31
nikólenka!,31
breeches.,31
salute.,31
sukhtélen.,31
vodka—get,31
black-mustached,31
“very.”,31
floated.,31
thread,31
russia.’,31
asylums;,31
insubordination,31
quitrents.,31
"magnítski,”",31
dissipations.,31
red-liveried,31
ten.”,31
rubbish...”,31
dog!...,31
serfs),31
"traitors,",31
tea!...,31
fiancée’s,31
"poltáva,",31
“king”,31
"breaking,",31
turn...”,31
ankle-deep,31
puffing.,31
quest,31
"account,”",31
past—her,31
"naples,”",31
oatfield,31
"remain,",31
"enfin,",31
himself—not,31
steer,31
disbelieving,31
shoes—was,31
strained.,31
placid,31
needed;,31
puddles!”,31
clément?”,31
old—the,31
"fourthly,",31
jackdaw,31
rowdy,31
invaders,31
"convalescent,",31
before—she,31
german—now,31
tokens,31
activity—in,31
insistent,31
erected.,31
"annette,”",31
tocchi!’’,31
"appropriate,",31
bonaparte?”,31
unerring,31
mother:,31
"pudding,",31
cousin...,31
"scolded,",31
repeated—of,31
sake!...”,31
“singers,31
"zíkin,",31
taken?,31
convulsed,31
slut!”,31
“bolkónski!,31
fast:,31
matthew.,31
smart!”,31
introduction,31
supervision,31
"archduke,",31
tit.,31
volleys,31
guards),31
thanked!,31
approved.,31
arguments;,31
enlightenment.,31
ally.”,31
well!,31
"lacking,",31
"boyhood,",31
"amphilochus,",31
suspended,31
nominated,31
oily,31
"eve,",31
airiness,31
flurry—for,31
"arrivals,",31
"pair,”",31
women”,31
undoubtedly!”,31
"discord,",31
"dripping,",31
season.,31
knocking—that’s,31
self-satisfaction;,31
"irksome,",31
prompter’s,31
allurement,31
armies?,31
l,31
sov’weign”,31
deferring,31
"carelessly,”",31
"flame,",31
"defensive,",31
aubert-chalmé,31
fork,31
dolefully,31
gentlemen...”,31
"persistent,",31
"“aunt,",31
smith.,31
"workingman,",31
charms,31
city?”,31
it—that,31
lady?”,31
forty-five,31
housewife?,31
"bagovút,",31
plans—which,31
breed,31
"foresaw,",31
manger?,31
pulsation,31
superfluity.,31
beast!,31
"characteristic,",31
unswervingly,31
consonant,31
procrastinator,31
invented.,31
"expletives,",31
henry,31
diversion,31
"tenacity,",31
rostóva?”,31
ground).,31
"depraved,",31
inaudibly,31
settlements;,31
absolutely.,31
words—are,31
inconceivable.,31
"constrained,",31
production,31
future—that,31
fees.,31
adjutant!,31
napkins,31
outlive,31
"sedate,",31
heels;,31
"unction,",31
"catherine,",31
"disapprovingly,",31
helped...,31
engagement.”,31
pua’,31
"estrangement,",31
looked;,31
"vill,",31
unicorn,31
"bonfire,",31
andrew—a,31
german?”,31
falsehood.,31
station.”,31
shriek—it,31
"someone,”",31
piquet,31
boyhood,31
urope,31
laborer—that’s,31
hopeless.,31
"catacombs,",31
emperor!...,31
“later...,31
punishing,31
force?...,31
man—he,31
"songs,",31
"baize,",31
bítski’s,31
"mirrorlike,",31
vacancy,31
"guests,”",31
obstinacy—as,31
700,31
niece!,31
uncomfortable.”,31
indisposition.,31
charmer!”,31
madly.,31
knew...,31
matrëna’s,31
compressed.,31
"universal,",31
forsook,31
own—there,31
"eternity,",31
author!”,31
"varnish,",31
marvels!”,31
circulated.,31
smaller.,31
his!,31
ruse;,31
kaysárov.,31
dart,31
physics),31
spiking,31
"composition,",31
"yelled,",31
lids.,31
"comfortable,”",31
woods;,31
pierre—or,31
intent.,31
“deal,31
flexible,31
diable!,31
gentry?”,31
wagram”,31
wine—followed,31
questions:,31
"unplaited,",31
"cloth-covered,",31
"teeth,”",31
interpreter.”,31
presentiment!”,31
rostopchín:,31
him—everything,31
sure!”,31
meadows!”,31
disorders,31
convenience,31
mountain,31
flaying,31
pities,31
“à,31
(we,31
"severance,",31
“pe...,31
"crackled,",31
"“le-trip-ta-la-de-bu-de-ba,",31
all—carried,31
impostors?”,31
annex,31
fleet,31
west?,31
"liberalism,",31
bee’s,31
shepherdesses,31
"pedantically,",31
children...,31
"roman,",31
"justification,",31
case—however,31
irrevocably,31
feel),31
"gutenberg-tm,",31
going....”,31
newness,31
"“annette,",31
"chap,",31
fiew,31
papers...,31
struggle;,31
"infamous,",31
"bath,",31
"read,”",31
"lesson,",31
castanet,31
"quahtehmasteh,”",31
bragging,31
exquisite!”,31
forecast,31
katie,31
"etiquette,",31
her),31
french—all,31
tverskáya,31
him—at,31
riding.,31
“onto,31
gavríl,31
cantata,31
was—did,31
obedience—which,31
kurágin—charming,31
perturb,31
local,31
manifest?,31
contraire,31
been?,31
decorations:,31
"self-perfecting,",31
otrádnoe.”,31
mismanaged,31
"quinsy,",31
trap.”,31
ever!”,31
study—that,31
"sets,",31
philip,31
long....”,31
"mélancholie,",31
chancery!,31
"unconsciously,",31
confused?,31
"rakes,",31
unapproachable,31
sable!”,31
aggression.,31
one-sided,31
intersecting,31
roads.,31
explain?”,31
"liver,",31
practicing,31
waited—and,31
“ou-rou-rou!”,31
major’s,31
crimea,31
battle.),31
"grunting,",31
“pick,31
"canon,",31
dew.,31
officers?,31
"kalúga,",31
mob.,31
bewilderment,31
barricaded,31
"floor,”",31
lodging.,31
others!”,31
weapon?”,31
chest),31
who.,31
"her—considerate,",31
markets,31
occupation—such,31
"shod,",31
crowds!...,31
prisoners—was,31
froze,31
available.,31
"acknowledge,",31
clear....,31
eut,31
men—all,31
present...”,31
"fattened,",31
"chances,",31
reading—a,31
scale,31
circumscribed:,31
behindhand,31
night!”,31
harsher,31
counter,31
revolutions—in,31
"definitions,",31
expend,31
kurágins,31
something?”,31
"uneasy,”",31
you—as,31
scoundrel?”,31
linz).,31
rafts,31
spin,31
anxieties,31
1805-6,31
said—met,31
delicacy!”,31
passion.,31
repents.,31
"“auntie,",31
"dreamer,",31
narrators,31
hated.,31
"insignificance,",31
baritone.,31
a...”,31
concentrate.,31
morning:,31
pity.,31
‘count,31
foemen,31
"demain,",31
"wallflower,”",31
beats:,31
skull,31
knockings,31
infant’s,31
surroundings.,31
stewards’,31
"admonishingly,",31
appeased,31
"française,",31
conviction—aiming,31
g.,31
"vices,",31
skeptics,31
"well-fed,",31
"mead,",31
string.,31
occasioned.,31
self-oblivion.,31
writing—he,31
you”,31
semicouncil,31
surrender!”,31
"ghost,",31
slurring,31
"characteristics,",31
"shoe,",31
perfect.,31
caps.,31
rhythm,31
mushrooms,31
entrenchments....,31
limp,31
"retaken,",31
licks,31
(after,31
imagine!”,31
sons!’,31
"listless,",31
‘shelter’?”,31
"lady,”",31
officials.,31
taken.,31
nest.,31
hurrying—not,31
"wages,",31
laughed—as,31
did—were,31
"army),",31
excursions,31
"lauriston,",31
pierre—there,31
"know—well,",31
rebukes,31
pursuers,31
so...?”,31
flames...,31
forgave,31
unsuccessful:,31
"deaf,",31
"antónovna’s,”",31
view:,31
professing,31
"restricted,",31
"propos,”",31
entertainment;,31
buonapartists,31
good?...”,31
"‘jerome,",31
"conquer,”",31
"dry,",31
far-distant,31
flutter,31
invincibility,31
znaim.”,31
skipped,31
pávlovna—who,31
"pretense,",31
fifty.”,31
won’t?,31
“despite,31
nominally,31
arcola.,31
"hubbub,",31
sleighs!”,31
treasure!”,31
livery,31
try.”,31
running.,31
rings....”,31
bet?,31
semiliterate,31
wash...,31
paymaster’s,31
"begging,",31
pang.,31
"wednesday,",31
impedes,31
notabilities.,31
matter—are,31
sphinxes,31
"freemason,",31
quite...”,31
ravines,31
huntsmen.,31
astraea,31
skein,31
"resignation,”",31
notice—forget,31
scrubbed,31
tacked,31
"random,",31
orbit,31
niemen—only,31
‘holy,31
joylessly,31
architect;,31
camp),31
power!,31
loan,31
gone.”,31
enwich,31
"take,",31
"hurrying,",31
room?”,31
"rustchuk,",31
has.,31
lightheartedly.,31
crow,31
decreased.,31
ney,31
jesus.,31
constructed.,31
communal,31
obstinacy!”,31
traitor...,31
houses—but,31
sauerkraut,31
agony.,31
adjutant-general,31
"intricate,",31
sack!”,31
"measures,",31
figurehead,31
tools;,31
platoche!,31
"oscillating,",31
“hurrah!...,31
"european,",31
otrádnoe—that,31
beginnings,31
filled—admitting,31
tend,31
infamies,31
milan?”,31
another—a,31
chap,31
decanters,31
bastard.,31
certain.”,31
injuries—and,31
tíkhon;,31
rests.,31
autumnal,31
gleamed.,31
spirit!”,31
grâce,31
sadder.,31
assent,31
"appeals,",31
bashfulness,31
doubt.”,31
"seduced,",31
assurance!),31
stories!,31
blushing—“of,31
apology.,31
"bearings,",31
interchange,31
(delivered,31
selvedges.,31
matured,31
club—it,31
"wit,",31
"courtesy,",31
"handsome,”",31
trusted.,31
impure,31
distinction?”,31
ovo.,31
"glogau,",31
on—that,31
“education,31
whole.’,31
ponder,31
hair?”,31
"skeleton,",31
"written,”",31
lázarev!,31
grating,31
manners.,31
unworthy.,31
clock....,31
her!’,31
disinclined,31
gold.”,31
wintry,31
shrillest,31
extorted,31
good’--it’s,31
"bird,",31
merrymaking,31
napoleon?,31
word.”,31
husband’s.,31
"stateliness,",31
unlawful,31
brightens,31
bolts,31
"tsárevo-zaymíshche,",31
mutineers,31
choke,31
"lose,",31
strapped,31
chubby,31
"they),",31
"temps,”",31
march?,31
too—they,31
trigger.,31
give—with,31
pleasure—which,31
subject—they,31
annihilating,31
"got,",31
"loot,",31
horses!,31
rumor.”,31
cossacks’,31
9:,31
"improbable,",31
hommes),31
"roll,",31
petersburg—far,31
surviving,31
cases—began,31
events;,31
"parted,”",31
rousseau’s,31
brother-in-law’s,31
handiest,31
"limp,",31
"impalpable,",31
kúrbski?,31
mexico.,31
negatived,31
sciences:,31
husband),31
"doll,”",31
scamp,31
despatch,31
vell.,31
stroke.”,31
heirs.,31
"“fancy,",31
homeless,31
dilly-dallying,31
thick-set,31
wat?”,31
burst.,31
“surrounded!,31
off?,31
undefended,31
persuasion,31
ranks;,31
lëlya’s,31
"hothouse,",31
(sa,31
you—sónya.,31
"bully,”",31
duelist,31
reply—which,31
presence:,31
"pupil,",31
“l’urope,31
afterwards!”,31
"assembling,",31
moon!...,31
scuffle,31
"antipathies,”",31
"sway,",31
committees.),31
chamber.,31
temptation?,31
compression,31
that....”,31
"approving,",31
imitate.,31
father!...,31
outdo,31
borzois!,31
preferable,31
"unchangingly,",31
"sacrifice,",31
molested,31
impolitely,31
mind?,31
actress,31
moscovite,31
otrádnoe...,31
reasons...”,31
explanation?,31
wicket,31
england?,31
"one-sided,",31
speak:,31
mend,31
hussars?,31
kirílych,31
"muddle,”",31
ruin...,31
"“come,”",31
"heaving,",31
cheerfully.,31
véra—that,31
bezúbova,31
dove,31
undermine,31
dangling,31
"dessaix’s,",31
untrustworthy,31
tremor.,31
"bavarians,",31
revolution”;,31
conquerors;,31
inauguration,31
long-felt,31
livid,31
stabling,31
bourgeois?”,31
"window,”",31
sergius.,31
kisses,31
aunt—that,31
"dreaminess,",31
coincidence.,31
blindfold,31
overtures,31
repulsively,31
"studied,",31
dubiously.,31
"stirrups,",31
you?...,31
disappears,31
maistre,31
"“breakers-up,”",31
consolation!,31
government—an,31
"uncalled-for,",31
ignoble,31
"granaries,",31
“5”,31
there—whether,31
correspondingly,31
"botany,",31
"provide,",31
[ebook,31
feeling?”,31
"tedious,",31
women....,31
ledge.,31
heiresses!,31
all-forgiving,31
“mathematics,31
care!,31
mary!...”,31
valet:,31
“hadn’t,31
"threatening,",31
officer...”,31
foe!,31
gascons,31
again:,31
undecided?”,31
"flash,",31
me!’...,31
inimically,31
pregnancy.,31
insanely,31
sparkle.,31
herder’s,31
devriez,31
headquarters.’,31
actions!”,31
mortification,31
"“july,",31
swift?”,31
conqueror.,31
profitable,31
"ease,”",31
danílovna.,31
“yes!”,31
forcer,31
"oldenburg,”",31
"rimés,",31
narýshkins’,31
chief—a,31
abacus,31
"forgeries,",31
unrestrained,31
eagerness...”,31
moscow’?,31
party—in,31
"draft,",31
loins,31
surpassed,31
hurts.,31
owed.,31
governor’s?”,31
magnolia.,31
tribunal?,31
moscow—that,31
"surgeon,",31
conforms,31
dove-like,31
drops.,31
bit—we’ll,31
property!,31
"forsaken,",31
reek,31
‘against,31
"city,”",31
thief,31
‘it,31
inconvenience;,31
author.,31
"inns,",31
well-nourished,31
rounder,31
reasoning—and,31
battle—suddenly,31
rules—as,31
adaptations,31
now—wouldn’t,31
yelp,31
incommensurable.,31
received;,31
them—her,31
many-limbed,31
bowl.,31
antecedents.,31
sucking,31
1820.,31
sleep!’,31
"digest,",31
(everybody,31
untruth.,31
one—a,31
"followers,",31
"contemporary,",31
nice-looking,31
marry!”,31
"differently,”",31
command.’,31
vight,31
shy.,31
"tartar,”",31
stonily,31
censer,31
"was),",31
"potëmkins,",31
“no—promise,31
wrought,31
here....”,31
defiling,31
handkerchiefs;,31
“ho!,31
soft...,31
gruntersdorf,31
scorching,31
snorting.,31
line;,31
"sentences,",31
peer,31
francis’,31
"amants),",31
“separate?,31
"“father,”",31
"másha,”",31
"cupboard,",31
"argument,”",31
sight!,31
"penitence,",31
"project,”",31
"twenty-four,",31
"know—gray,",31
"show,”",31
after.”,31
"reverberating,",31
squadron;,31
glistened,31
miscalculated.,31
ecstasies,31
tracks!”,31
father—and,31
sheepskin.,31
"cup,",31
"modesty,",31
righteous,31
opportunity:,31
inch,31
"one,’",31
property...,31
(instructions,31
souls!...”,31
sunflower,31
wells,31
senior.,31
representative.,31
commune,31
acre,31
sadly.,31
hey?”,31
*(2)—he,31
exactly;,31
die...,31
austerlitz?,31
kálisch,31
history;,31
"reflect,",31
indications)—before,31
forgiven.,31
age—i,31
"rejected,",31
"crack,",31
pitching,31
human—for,31
hold!”,31
fester,31
(above,31
“mount!”,31
"maneuvers,”",31
methodically,31
monarchs.,31
weather...”,31
"seize,",31
“terrible,31
starving—and,31
place—a,31
"zaletáev,",31
inertiæ—pressed,31
admires,31
assistance;,31
either—in,31
"occasionally,",31
ensued,31
back—for,31
ever!,31
there—those,31
‘join,31
"buckle,",31
"metaphysics,",31
"fees,",31
assault.,31
“baron,31
anteroom;,31
giddy,31
progress.,31
ill-spent.,31
dmítri.,31
"nervously,",31
servility.,31
plainer.,31
nonsense?,31
glee,31
saber!”,31
therefore—this,31
shout:,31
elizabeth,31
"semi-private,",31
intently.,31
appwove...”,31
drowsiness.,31
looming,31
"masts,",31
"rake,",31
"“perhaps,”",31
back’s,31
room....,31
wisdom.”,31
"numb,",31
blindfolded),31
"delusion,”",31
"submit,",31
bravely,31
embraces,31
particular.,31
"propose,",31
oasis,31
before—human,31
"chestnut,",31
“stop!”,31
"juiciness,",31
snap.,31
devotedly,31
contrary!,31
type.,31
"desired,",31
forests).,31
“bravo!”—there,31
reins—‘catch,31
podnovínski,31
lime-flower,31
178.,31
stalk,31
estimation.,31
began....,31
chemist’s,31
"blasphemy,",31
liveried,31
appeal?,31
brigands!...”,31
"staggering,",31
earthwork,31
alte,31
disavow,31
commissary,31
"mason,”",31
wounded;,31
ingratiatingly,31
smother,31
goods.,31
strumming,31
assignat,31
‘piti-piti-piti’,31
christ”—he,31
ashes.,31
unhappy!...,31
"86th,",31
rag.,31
"karatáev,”",31
pray?”,31
loving—not,31
hint.,31
saturdays,31
"“prisoners,",31
orders—as,31
pistols....,31
‘receipts’,31
cough;,31
vanquishing,31
action—the,31
mary—reluctantly,31
this—and,31
existed:,31
least;,31
ill-humor.,31
conservatives—a,31
"convinced,",31
"alexander’s,",31
"handicraft,",31
currency,31
“philosophical”,31
consists.,31
directed.,31
matter—has,31
denied.,31
"firmament,",31
royalties.,31
addresses.,31
"earlier,”",31
unmarried!,31
arms;,31
stricter.”,31
moments!,31
anybody.”,31
cream.”,31
dancers.”,31
elevates,31
rúrik,31
loathe,31
“nonsense!”,31
defense—as,31
said),31
indistinctly.,31
radiance,31
"promotion,",31
"pávlograds,",31
restive:,31
mind...,31
well-brushed,31
"toasts,",31
promise.,31
"w’ong,”",31
over...”,31
ridiculing,31
willarski”,31
mundi.”,31
installs,31
"sedmorétzki,",31
extent;,31
sacred.,31
starring,31
"monograms,",31
relevantly,31
irregular.,31
ill-usage,31
grip!”,31
karáy—the,31
crupper.,31
schoss),31
circle—though,31
bolkónski.”,31
nocturnes,31
miss!”,31
compensate,31
derisively,31
roadsides,31
glittered.,31
homelike,31
abolition,31
manifesto.,31
co-co-counsel.”,31
notepaper—do,31
"wharf,",31
"shrieking,",31
oftener.,31
paper),31
frenchman...,31
yellowing,31
thicket.,31
his:,31
achtung,31
area.,31
unceasingly.,31
granddaughter,31
"possessions,",31
pulls,31
ville!,31
gate?”,31
"traitors,”",31
petticoat.,31
man—timókhin—was,31
fervent,31
remount,31
angel!”,31
snout!,31
soul?,31
"formínsk,",31
“ten,31
dog’s,31
marshals—and,31
stupidly!,31
wanted—that,31
plaintively:,31
moscow—filled,31
coherence.,31
"customs,",31
civilities!”,31
transfigured,31
"ladies,”",31
modified,31
donate,31
prepare),31
deserting,31
mischief,31
julie.”,31
debonair,31
unshaven),31
madam!,31
conscripts,31
lathe?”,31
reviendra.,31
sweetly.,31
“gave,31
moist-lipped,31
"inaccessible,",31
“attack,31
fallen!,31
"impressions,",31
auersperg;,31
enjoyable!”,31
"accident,",31
sount,31
center—the,31
thanking,31
snowed,31
betrays,31
kinsman.”,31
"sum,”",31
(“arnauts”,31
"ápsherons,",31
"charged,",31
"courage,”",31
field!,31
pwoceed.,31
lover?,31
"ungraceful,",31
vise,31
"shall,",31
gwace!”,31
uncomplainingly,31
"destitution,",31
“major,31
plowmen.”,31
seek.,31
"ten,”",31
pier,31
goodness!,31
selection.,31
nobody.”,31
pleasure...”,31
"cultivated,",31
"hunters,",31
sweets.,31
thrumming,31
back?,31
"toys,",31
anti-french,31
"inconstancy,",31
suffering!”,31
pierre—only,31
insufficient.,31
ford.,31
shafts—he,31
monasteries,31
"circulated,",31
walked—as,31
g,31
ruin.”,31
"definitely,",31
business...”,31
“gentlemen!”,31
bilíbin—who,31
favor!”,31
boorishness,31
bolkónski?,31
wait.”,31
infallible),31
"drivers,",31
kirílovich!,31
craft.,31
compartment,31
waterproof,31
criticizes,31
yellowish-green,31
puff!”—and,31
departure—before,31
pursuits.,31
abdomen,31
turks!”,31
"personages),",31
‘whosoever,31
"repacking,",31
"daggers,",31
half-insane,31
mates!,31
scoundrels.”,31
superintendent’s,31
dogs?”,31
"probable,",31
"calamity,",31
pardon?,31
surface.,31
falcon”,31
like...”,31
execute.,31
orphans,31
helped.,31
assignment,31
month;,31
wascal!”,31
catcher,31
firelight,31
qualities”,31
"cropped,”",31
character—though,31
mendacious,31
andrúsha’s,31
separation....”,31
collides,31
circulation—paper,31
freedom),31
"nonmoral,",31
"data,",31
dispatch?,31
be—to,31
usurper.”,31
rum.,31
bóry?”,31
amiability.,31
his...,31
"kinswoman,",31
zúbova,31
"some,”",31
(near,31
athletic,31
“how?”,31
greek,31
palpitating,31
mix,31
benumbed,31
pity’s,31
puppy....,31
acquainted.”,31
blockhead,31
charmingly,31
silent;,31
"opportunities,",31
whereby,31
langeron.,31
fidgeting,31
inexperience,31
feeling;,31
marriages,31
friends—come,31
"yet,”",31
half-cut,31
"discourse,",31
transit,31
eylau.,31
unpleasant?”,31
incredible.,31
buxhöwden’s,31
really.”,31
hills—even,31
"dream,”",31
scrutiny.,31
“hullo,31
sympathies,31
badly....”,31
cheese.,31
theodosia’s,31
"donéts,",31
forward...”,31
flail.,31
"“erzá,",31
imbibed,31
darkness—not,31
circle:,31
framing,31
well:,31
“french,31
diary.,31
choice;,31
tourments,31
"songstress,”",31
“adorable!,31
"pitied,",31
gallantly;,31
chernýshev.,31
diseases,31
feelings;,31
repentance.,31
poppyseed,31
"liberal,",31
consonants:,31
"wlocki,",31
"1,",31
ours?”,31
dead—and,31
furiously.,31
"deliverance,",31
dear—not,31
"strong,”",31
"oatfield,",31
god!”—voices,31
clotted,31
"thereby,",31
glory?).,31
conservative.,31
filí?,31
possible—replied,31
"valor,”",31
oratory,31
steam),31
shopkeeper,31
"discordantly,",31
bootmakers,31
radiating,31
"chemise,",31
salutary,31
(5),31
"says),",31
soot,31
leaking,31
berëzina.,31
accouterments,31
begins.,31
him—thereby,31
"stepsons,",31
abate.,31
do?...,31
nursing.,31
else—indefinite,31
enjoying...”,31
sure.”,31
reinstate,31
unbuttressed,31
him—we,31
"cognition,",31
wearisome.”,31
engrêlé,31
stevens!”,31
illegitimate.,31
sum.”,31
vell,31
testily,31
palms,31
tears.”,31
glass-fronted,31
return.”,31
"topic,",31
thwow,31
"pass,”",31
"billet,”",31
"treat,”",31
affairs—near,31
impact.,31
retreat!”,31
killed.”,31
"family’s,",31
seventy-pound,31
dummy!”,31
"shameless,",31
admirable!”,31
pop,31
defiles,31
saves,31
altercation,31
"possibilité,",31
“hang,31
"cabman,",31
"schoolroom,",31
rasgulyáy—the,31
easier.,31
scatters,31
couldst,31
"mallets,",31
later...”,31
"toy,",31
serve?”,31
"sect,",31
humanity.”,31
"guided,",31
originated.,31
"distributed,",31
reply),31
fiscal,31
"solicitations,",31
idleness,31
bookcase,31
temporarily;,31
everywhere!,31
sake...”,31
matters!,31
"resolutely,",31
madeira,31
“betrayed!,31
white-plumed,31
justice!”,31
"bulletin,",31
chintz-covered,31
constitutions,31
bourienne—who,31
"large,”",31
perkhúshkovo,31
streams;,31
blindfold....,31
"detested,",31
cease...,31
consolidated.,31
city?,31
"faltered,",31
dynasty,31
"worth,",31
"frailty,",31
feedeth,31
end—but,31
needles.,31
unhindered.,31
robbed.,31
"22,",31
cauldron,31
hero!,31
"sliding,",31
exceeds,31
vagrant,31
deem,31
"majesties,",31
slice,31
intruder,31
him—who,31
"flagged,",31
gallery.”,31
anyone—all,31
lengthy,31
"convictions,",31
rôle,31
"methods,",31
"workmanship,",31
"foundation\"",31
501(c)(3),31
monarch.”,31
"dólokhova,",31
"“schubert,",31
human.,31
exertions—the,31
varnish.,31
separation!,31
palace!”,31
"older,",31
hungarian?”,31
leg?”,31
make?”,31
cheerfulness.,31
"landlord,",31
found.”,31
arrival...,31
first?,31
grapeshot?”,31
stragglers;,31
“ours”,31
bulging,31
boilers,31
hussars’,31
brother...,31
her—or,31
kuzmích...’,31
understood!,31
“indeed?,31
regiments.,31
well-kept,31
"subject,”",31
gazettes,31
capriciously,31
flapped,31
reddening.,31
refusal.”,31
together:,31
pleasure.”,31
“gallop,31
disobeys,31
french—who,31
assessor,31
“d’,31
dissect,31
antónovna,31
busts,31
fancywork,31
simon’s,31
“idiot!”,31
eyebrows!...,31
dukes,31
dislikes,31
crotchety!,31
"gambling,",31
enemy!”,31
insists,31
understand).,31
"steins,",31
weimar,31
old?,31
tormásov.,31
maps,31
election...”,31
sportsman’s,31
gird,31
unlikely,31
"pwince,",31
moscou.,31
"exist),",31
coxcombs!”,31
discernible,31
boots;,31
"hamburg,",31
"remounts,",31
departing,31
sent...,31
parapet,31
"factory,",31
porridge.,31
renounced.,31
"hoarsely,",31
yelled.,31
equally:,31
divided—not,31
prisoner;,31
"mistrustfully,",31
workings,31
"rascal,",31
german—sent,31
"“smart,",31
role.,31
locking,31
"ney’s—ran,",31
root,31
bestial,31
hurrying:,31
"cat,",31
idiocy—gossner,31
thicker.,31
inquires:,31
begins—that,31
"herdsman,",31
liability,31
elapsed.,31
cher!”,31
colder,31
lieutenant;,31
"meanness,",31
"distinguée,",31
orlóvs,31
preening,31
tea!”,31
“begins,31
mercilessly,31
"duty,”",31
sky...,31
"afar,",31
snarled,31
"pronounced,",31
"katie,”",31
exist—just,31
"justly,",31
"seventeenth,",31
killed—wounded!”,31
ober-hofmarschal,31
outlying,31
otherwise!”,31
how.,31
twenty-one.,31
labored,31
sponsor.,31
gospel—it,31
her—please,31
mischief-makers,31
"impracticable,",31
commissioner.,31
or:,31
brotherhood.,31
dishonorable—but,31
husband.”,31
"sealed,",31
shrubbery.,31
churches—but,31
"frenchwoman,”",31
conductor,31
"footlights,",31
"love-making,",31
monologue,31
"villain,",31
"starting,",31
betrothed?”,31
"violent,",31
"dukes,",31
wide-spreading,31
june.,31
fluctuation,31
alternative,31
off!’,31
"hindered,",31
majesty!”,31
"hen,",31
limes,31
ruined;,31
nevertheless.,31
year!,31
vestments—one,31
ordnance.,31
springs.,31
unknown—russians,31
forward;,31
“time,31
"anna,",31
stay!”,31
ridicule....,31
"smithy,",31
stone-built,31
remorse.,31
nikoláevna!,31
"shopkeeper,",31
petropol”,31
"lanskóy,",31
"prose,",31
divine.,31
emerges.,31
cossacks!”,31
superior?,31
layer,31
boys...,31
"eleventh,",31
"colony,",31
"all—everything,”",31
mary...”,31
tumble-down,31
imputed,31
letters),31
"lap,",31
sónya—who,31
europe),31
composite,31
xv—why,31
hypothesis,31
"controlled,",31
colors!,31
fourth.,31
"won’t,”",31
aspersion.,31
word...”,31
rings.,31
pattern,31
hold.,31
"arch,",31
option,31
là,31
"cowshed,",31
“seven,31
stirrups,31
hew,31
fired!”,31
musketeers,31
gravity!”,31
l’ennemi!”,31
"nothing),",31
"tales,”",31
lie.,31
backbiter!”,31
quenched,31
cocks’,31
"banquet,",31
"husky,",31
"raise,",31
oppressors,31
danish,31
máshka,31
kochubéy.,31
moyens,31
infatuations,31
kicking,31
release.,31
tacking,31
“especially,31
"excellent,",31
neighborhood.”,31
nervous.,31
whined,31
nut-and-honey,31
"net,",31
twanging,31
feelings!,31
advice.”,31
tendre,31
secrète,31
“duport!,31
reasonableness.,31
"massive,",31
(borís,31
emphasized,31
"coquettish,",31
casque,31
thermopylae.,31
viewed,31
shabbiest,31
671.,31
appeal—that,31
barclay’s,31
murderer!”,31
seems....,31
visit—that,31
dissensions,31
happiness—floated,31
people?”,31
embossed,31
"depends,",31
fëdor!”,31
chucked,31
suitor;,31
cher!,31
"mats,",31
flurrying,31
"unseen,",31
dramshop,31
untroubled,31
burning—set,31
somnambulist,31
child!”,31
relevant,31
"awed,",31
vise.,31
"bulges,",31
distrustful,31
yawned,31
slandered,31
light!”,31
companion—a,31
“routed”,31
‘they,31
worldliness,31
any—were,31
adored.,31
"examining,",31
retained;,31
smoothly.,31
chère”—he,31
"quartette,",31
blackest,31
deacons,31
stern.,31
enemy;,31
ulm...”,31
u:,31
krems.,31
scoundrel.,31
reeked,31
whizzed,31
this—want,31
"omission,",31
prisoners.”,31
"reward,”",31
childishness,31
honeymoon,31
"returned),",31
"lanterns,",31
horses?”,31
"blissful,",31
sponsorship?”,31
shallowness,31
well....,31
"cassock,",31
"saucer,",31
a...!’,31
lodging,31
"temerity,",31
circumstances?,31
blame;,31
"daughter,”",31
deed?,31
maneuvers;,31
chased.,31
boast,31
"climate,",31
cork.,31
"vessel,”",31
neck—which,31
vacillation,31
"bedding,",31
"hips,",31
go....,31
wailing.,31
latter—as,31
melted;,31
tale!,31
relaxed,31
visit—a,31
death—they,31
fated,31
"snort,",31
poniatowski,31
"army—french,",31
adjutant—a,31
"tents,",31
grunted,31
piteously—he,31
“sire?”,31
champing,31
untouched,31
"meshkóv,",31
unbearable.,31
"energetically,",31
appreciate.”,31
"hostelry,",31
well-rounded,31
dies,31
"submitting,",31
i!”—she,31
(according,31
constitution.,31
solidity,31
cossacks:,31
punished?,31
calling...”,31
hours;,31
return.’,31
exacting,31
"robust,",31
remember—yet,31
escape!”—from,31
course—”,31
drunkard’s,31
"gutenberg\"),",31
impulsiveness.,31
balance?”,31
"social,”",31
"swindle,",31
curved.,31
lace-frilled,31
"“closer,",31
mole,31
"countess’,",31
hussar!”,31
eternal?,31
dwink.,31
brick:,31
gorge!...”,31
hochgeboren!,31
chante?”,31
abandoned?”,31
mère),31
‘devils!’,31
dumb?’,31
front);,31
resonant,31
“dispositions.”,31
"exactitude,",31
jingle,31
sukhtélen,31
"hugging,",31
gown!”,31
hm...!”,31
triumphantly.,31
him).,31
recruitment,31
inclination—practical,31
"erection,",31
"happiness,’”",31
comité,31
clear-thinking,31
implicitly.,31
arouses,31
sloth,31
newsmonger—one,31
(alluding,31
“fourthly,31
microscopic,31
hallooing—and,31
up....,31
"pad,",31
"nonrecognition,",31
freezing,31
law.”,31
pirate,31
"bonjour,",31
"bargained,",31
enjoining,31
"india,",31
kings.,31
dvína,31
gallows!”,31
formally.),31
senator’s,31
"crowd),",31
vítebsk.,31
briskly.,31
echoing,31
tomorrow;,31
allegory,31
"indubitable,",31
geniality,31
both.”,31
"bronzes,",31
thief?”,31
"department,",31
tenacious...,31
"screens,",31
parapet.,31
ladies—i,31
“tiens!”,31
"“titi,”",31
diminished.,31
playfulness.,31
christmas?,31
prediction.,31
thoughts?,31
realization,31
witnessed.”,31
settings,31
stir.),31
becomes.,31
"five,",31
flints.,31
remained;,31
daddy?’,31
commensurable,31
camping,31
alone—incurring,31
spoils,31
belly,31
heretofore,31
krémlin;,31
"universities,",31
accusers,31
subject.”,31
"snuff,",31
tending.,31
disclaim,31
"f,",31
molded,31
qualms,31
patient.,31
"exacting,",31
kissing.,31
ninety,31
yesterday?,31
long-drawn-out,31
beg—i’ll,31
“lavwúska!”,31
bogdánich),31
regiment—all,31
“bah!,31
"triumphant,",31
emphasis.,31
separately.”,31
end.”,31
unacceptable,31
ouh!,31
“smack,31
limbered,31
flocking,31
heroically:,31
"achievement,",31
conservatories,31
coarsest,31
stories!”,31
“hurrah!”...,31
"tiny,",31
deal—but,31
jabbering,31
attacked!”,31
ditch.,31
flowers?,31
hero’s,31
midwife.,31
tricks,31
ivánich!”,31
accumulated,31
bathe.,31
qualify,31
"presented,”",31
"depended,",31
unheroic,31
love!,31
hairdressing,31
house—let,31
matter-of-fact,31
year;,31
jaded,31
something?,31
"seekers,",31
program.,31
reply?,31
“posterity,31
lifelessly,31
beauché;,31
skepticism,31
typical,31
‘hurrah!’,31
"notabilities,",31
haunted,31
contrary...,31
us....,31
"mold,",31
"bronnítski,",31
now”—michael,31
churned,31
frantic,31
"groan,",31
"conscripted,",31
glumly.,31
unavoidable.,31
mutinous—they,31
"misinformed,”",31
(poniatowski’s,31
lashing,31
forces!,31
intended?,31
last?”,31
prisoners!”,31
conquests,31
affability,31
annoying!”,31
engulfing,31
both!”—vereshchágin’s,31
"tut,",31
"lank,",31
about—”,31
grace!”,31
prohibited,31
forward!”,31
"wrongdoing,",31
kalúga.,31
insolubly,31
lováyski,31
"“ozheg-zheg,",31
"glitter,",31
"boiled,",31
“right,31
army—who,31
"produces,",31
forcibly,31
adhesion,31
interests;,31
weaknesses,31
"residence,",31
stuff,31
corporation,31
maître,31
buonaparte’s,31
"personally,”",31
work....,31
idiot!...,31
keeping.,31
police.”,31
favorite.”,31
out—wearing,31
soups,31
moments—the,31
expedition....,31
clothes?”,31
ask—how,31
"cahd,",31
dismissal,31
haute,31
believe.”,31
est-ce,31
smoke!,31
gushing,31
gentleman-ranker—“that,31
tactless,31
"knives,",31
well-provisioned,31
gúryev....,31
"surely,",31
yawn.,31
enemy?...,31
sky!,31
"intermediacy,",31
guests—chiefly,31
“conquest’s,31
befallen,31
cause—was,31
fortnight.),31
"imploring,",31
si?,31
barcarolle,31
hate?,31
booted,31
"buildings—schools,",31
whole?,31
zhilínski—le,31
n.—le,31
"downstairs),",31
"‘napoléon,",31
raindrops,31
dries,31
"repetition,",31
abuses,31
"relation,",31
"fail,",31
fifty-four,31
strength....”,31
zakhár.,31
"hopeless,",31
draping,31
whilst,31
iványch.”,31
hussy!,31
imagine.,31
violence:,31
reawaken,31
"western,",31
mend!,31
crouching,31
"13,",31
160,31
"culminate,",31
"considerable,",31
fires—the,31
kneaded,31
masses....,31
her—the,31
reclining,31
parole,31
mathematically,31
"fought),",31
chess?”,31
"anticipated,",31
frightfully,31
"jerky,”",31
"stumbling,",31
participant,31
"belgians,",31
leppich;,31
kirílych.”,31
wife...”,31
consider...”,31
left!...”,31
sounding,31
shop....”,31
"consistory,",31
kremlin.,31
marched.,31
maniac’s,31
incongruities,31
rescript:,31
cares?”,31
nicholas),31
strivings,31
convent.,31
happened...”,31
context,31
excellency:,31
squirrel-fur,31
received—assumed,31
position—made,31
thirty-eight,31
freer,31
smirched,31
direction—along,31
lashes—that’ll,31
grievous,31
campaign—when,31
unattainable.,31
gleam.,31
maximum.,31
"castle,",31
motives.,31
malta,31
"threatened,",31
peacefully.,31
lad!”,31
portion,31
intrinsic,31
religions,31
independence.,31
cause—we,31
"cost,",31
notifies,31
"warranty,",31
facility:,31
"callers,",31
catiche!,31
menservants;,31
reticule.),31
fédeshon!...,31
naiv!”,31
gun...”,31
"wostóv,”",31
despaired,31
bolkónski!...,31
"ugly,”",31
"horseman,",31
muzzle,31
unrestrainable.,31
undertakes,31
officer!”,31
"incredible,",31
"buried,",31
dislocation,31
friday.”,31
inconsequent,31
pa-pa!”,31
loans,31
"mocking,",31
stripes,31
"thief,",31
proclaimed.,31
queried,31
sweated,31
regulations?”,31
protectors,31
"impression,",31
it—i,31
"february,",31
grandee’s,31
society.”,31
can—i,31
litter,31
marvelous.,31
émigrée,31
whist,31
sulky,31
depressed...”,31
games.,31
applauding,31
angry—that,31
gods:,31
"page,",31
holiness,31
"actress,",31
khvóstikov,31
cloak?”,31
andrew—promised,31
on—which,31
thing....”,31
envoy—especially,31
"enmity,",31
bolkónski”,31
biscuits.,31
“food,31
trebled.,31
lied,31
intolerably,31
“drónushka.”,31
alpátych;,31
escort.”,31
"plentiful,",31
gallicisms,31
broadsheet.,31
post?,31
his.”,31
sergéevich?,31
skirmish,31
arms:,31
suffocating,31
cigar,31
again—as,31
mingle.,31
pimples,31
approbation,31
baptismal,31
(pig’s,31
emigrant,31
sleeping.,31
difficult),31
rigid.,31
outlines,31
rostóv—their,31
called?”,31
row.,31
maraude,31
conquering,31
themselves—congregated,31
funniest,31
"“entrez,",31
form”,31
discard,31
exists;,31
palaces,31
"hinges,",31
told?”,31
"falsehoods,",31
essential....,31
away.’,31
blossoms.,31
europe”,31
may—i,31
"elba,",31
subjects.”,31
"social,",31
"view—theological,",31
will—which,31
performances,31
language:,31
pensively.,31
presently,31
séduisante,31
"mothers—who,",31
will...”,31
plood!”,31
expert.,31
rhine;,31
bourienne....”,31
carefully!”,31
disgraced.,31
shoe,31
explanation...”,31
sommes,31
conspicuous.,31
intervene.,31
afflicted,31
"dishonorable,",31
it’!...,31
core,31
amélie’s,31
tsarévich’s,31
pávlograds!”,31
die—not,31
sabretache...”—“keep,31
reddened.,31
"unfortunate,”",31
tu,31
ivánich,31
plowing,31
first-rate!”,31
"merrily,",31
"initiated,",31
"promoter,",31
eight-page,31
spas,31
brisker,31
"réaumur,",31
don’t...,31
same—only,31
"consigne,",31
museum,31
album,31
proposed?”,31
parish,31
enchanting...,31
button.,31
"elopement,",31
alone.”,31
reasoned,31
gratuity,31
dispersing.,31
platoons,31
ostermann-tolstóy,31
coquet,31
"overflowing,",31
fine.”,31
retreating.,31
authority....”,31
"lubomírski,",31
“remarks”,31
"designed,",31
table—on,31
barking,31
aroma,31
peasantry,31
fear!,31
mamónov’s.”,31
would...”,31
dawning,31
scared!”,31
"suggested,",31
succumb.,31
got—for,31
"duties,”",31
"frightening,",31
doubtfully.,31
“you?”,31
effect;,31
war—can,31
marshal”,31
age!’,31
"injustice,”",31
harmony....”,31
observation),31
prepared:,31
value.,31
dissipations,31
"khamóvniki,",31
officer—without,31
dense.,31
streams.,31
"sinner),",31
mold,31
listened;,31
unrecognizable,31
vespers,31
now...”,31
"exterior,",31
unerringly,31
dishonesty,31
know—but,31
contented....”,31
mysticism”,31
hand:,31
"brigand,",31
"most,",31
infinity,31
"electronically,",31
indemnity,31
charities,31
dish.,31
promise.”,31
french?,31
"“lise,",31
"congratulate,",31
expedition?,31
terrified.”,31
"apráksina,",31
two...,31
wife?—perhaps,31
leg?,31
guns.”,31
welt!”,31
wittily,31
"winked,",31
cavalryman.,31
excites,31
marie?”,31
self-possession.,31
consent.”,31
‘em!”,31
frenzy,31
emperor—more,31
dispositions...”,31
solemn;,31
longed.,31
engaged;,31
allez-vous,31
"andrew,”",31
"inquiring,",31
"hard,”",31
"“god,",31
before—such,31
pelagéya.”,31
mean?...”,31
"parole,",31
"fame,",31
"affectation,",31
bodies.,31
bítski,31
daniel.,31
"shamefaced,",31
design.”,31
"refinement,",31
society;,31
clever?”,31
valse,31
dólokhov’s.,31
elopements,31
pale-faced,31
in;,31
arsenic,31
"víliya,",31
subscription.,31
turenne,31
"proposes,",31
trash—can,31
"demonstrate,",31
seat!,31
pleasurable,31
mud-stained,31
goliath.,31
"unsatisfactory,",31
hush,31
"wizard,",31
morocco,31
"diffused,",31
"scar,",31
"yesterday,”",31
forfeit,31
facility,31
regiment’s,31
campfires—the,31
"college,",31
"crawled,",31
hold?,31
venial,31
furieuse,31
villa,31
masons?”,31
house.”,31
actor’s,31
taking.,31
"germany,",31
"spy,”",31
sin!”,31
whichever,31
attack—employed,31
standstill,31
"ending,",31
testimony,31
22,31
‘i’m,31
angry?”,31
brother”,31
displacement,31
harsh.,31
government?”,31
to—in,31
regarded—as,31
gratuitous,31
"madman,",31
enthusiast,31
profound.,31
"audience,”",31
triviality—these,31
"barracks,",31
concluding:,31
morning...”,31
effects.,31
“ugh.,31
powdah!”,31
attack’s,31
nôtres.,31
archduchess,31
brushwood,31
"pitch-dark,",31
"flat,",31
brigadier.,31
environs,31
bellowitz,31
dark...,31
generals!”,31
changed!...,31
compromised,31
cher.”,31
confidant,31
"recruits,",31
"beat,",31
voice—which,31
apprehended,31
mallets,31
"trowel,”",31
pumps,31
“four,31
"unshaven,",31
tested.,31
tenacity,31
hands—hands,31
different?”,31
"importunity,",31
temps.,31
natásha—as,31
head!”,31
devotee,31
"stuttering,",31
enough:,31
(denísov’s,31
neighbor.),31
footpace;,31
"“this,",31
carpet?,31
disappointed,31
knitted.,31
"magdalenes,",31
times!,31
"wild,",31
"princes,",31
"bessières,",31
"fifth,",31
army—news,31
sunbeams.,31
belóva.,31
grandiloquent,31
heritage,31
"presentable,",31
intermittent,31
"broken,",31
commandeered,31
"legitimists,",31
award,31
"muttering,",31
“discharge,31
horseflesh!’”,31
arsenal:,31
win!”,31
“admirable!”,31
"“boom,",31
baggage!”,31
away...”,31
inspirited.,31
"württembergers,",31
miles—to,31
sided,31
much—informing,31
moscow—the,31
coach.,31
seen:,31
bulky,31
dregs,31
vereshchágin?,31
melodramatically,31
"flaring,”",31
"ceilings,",31
kutáysov’s,31
"monseigneur,”",31
longtemps.”,31
robbery.,31
tutólmin,31
captive.,31
tierce,31
lightly.),31
vincent,31
afar,31
"headlong,",31
frustrated,31
"mummy,”",31
cropped;,31
"refreshments,",31
frill,31
"lifting,",31
"foundation.\"",31
computers,31
empress),31
opinion.”,31
gathering;,31
embroidering:,31
(heaven,31
sacrament.,31
"bonds,",31
odýntsova,31
moreau!...,31
“sergeants,31
plumage,31
favorable.,31
voyez,31
isn’t?...”,31
disgracing,31
sharp!,31
"audiences,",31
"zakharchénko,",31
turned-out,31
capotes,31
père?”,31
rage),31
gouvernement,31
attend.,31
"escaping,",31
"strógonov,",31
valued.,31
moldavian,31
baby...?,31
pure-souled,31
"invited,",31
brain—that’s,31
understanding—how,31
uttered!”,31
whole—the,31
symbol.”,31
"sponsor,",31
"papers,”",31
"unintentionally,",31
khandrikóv—is,31
routed:,31
"callous,",31
ladder,31
garrulously.,31
"rostóv),",31
dressed!,31
"revision,",31
tact.,31
but—so,31
economy,31
fashions,31
"ulyulyu,",31
fellow!...”,31
"curves,",31
tingling.,31
entreat—,31
effaced?,31
"festivities,",31
manna,31
courting?”,31
contrabass,31
naturally.,31
oppressed.,31
concerts,31
joke?”,31
fact!”,31
"message,”",31
evil!”,31
someone—not,31
predestination,31
history—whatever,31
manes.,31
bal-machève.”,31
woman—prince,31
prince....,31
mystery!”,31
belly....”,31
mutiny!...,31
launched,31
war—that’s,31
warfare?,31
ordre,31
great—and,31
fictitious.,31
ones!,31
"widely,”",31
“what...”,31
shameful.,31
"whizz,",31
latch,31
tavern.,31
"blockhead,”",31
deeper.,31
sensitive.,31
self-esteem.,31
"intimidated,",31
“nicholas.”,31
hysterical,31
criminals;,31
condition?”,31
died—and,31
dog;,31
"respond,",31
tutólmin.,31
"kiril,",31
bundle,31
rope,31
subjugated.,31
tightened,31
well-supplied,31
blamed.,31
eugène,31
sedyablyaka!”,31
faith—not,31
"capabilities),",31
scoundrel!”,31
agreeing,31
“fate”,31
will—such,31
petersburg;,31
extenuating,31
"ebooks,",31
meinen,31
guai,31
“capital!”,31
"bonaparte),",31
thirteen.”,31
"“borís,",31
luck.”,31
“dry,31
"concentrated,",31
“read,31
guerre.,31
academy.,31
"braunau,",31
flour!,31
forty—looked,31
quarante,31
"officers,”",31
see—we,31
boss,31
"copenhagen,",31
"strokes,",31
"relax,",31
again...”,31
snowflakes,31
"incident,",31
promptitude,31
aflame,31
could—preferably,31
"jack,",31
strenuously,31
tit!,31
pots,31
"apráksin,",31
birdie.”,31
"godfather,",31
tin,31
society”,31
jamais,31
us—namely,31
thriving,31
"femme,”",31
“twy,31
degradation,31
newcomers.,31
society—abolishing,31
passions;,31
"antipathy,”",31
"remembered,”",31
"slippers,",31
un-petersburg-like,31
“cousinhood,31
"assented,",31
three-ruble,31
inmate,31
"clowns,",31
spelling.,31
perfection?,31
"since,",31
succumb,31
"reasons,",31
"feathers,",31
castrès.,31
outgallop,31
"fluttering,",31
zeal;,31
interwoven,31
capital!,31
striking.,31
effacing,31
aline,31
"why,’",31
"innkeeper’s,",31
"cellar,",31
hubs,31
matting,31
"mounseer,",31
borodinó—a,31
ich,31
achievements,31
flank—had,31
baptism,31
feat,31
unfailingly,31
occurrences.,31
whizz,31
immutable;,31
illuminations,31
held),31
lift.,31
vying,31
hives.,31
dealers,31
pistol.”,31
logement!”,31
"structure,",31
"ornament,",31
embarrassing.,31
"opposite,”",31
"torban,",31
"destination,",31
"units,",31
youngster,31
tunneled,31
arbiter,31
counterorders—when,31
eligible,31
"ideal,",31
abhorrence,31
waked.,31
samovar—and,31
part—transfer,31
aylmer,31
maintenance,31
braved,31
"wonder,",31
"mámontov,",31
cardinal,31
weaknesses;,31
"fwiend,”",31
bolder,31
"fedótov,",31
shone.,31
"coward—yes,",31
tips.,31
shot:,31
unaffected,31
road!”,31
“friendship,31
revolting,31
emperors—that,31
wife—those,31
favor?”,31
"nine,",31
energetic.,31
candles?...,31
strangers.”,31
sly—he,31
misty;,31
“plea...”,31
‘lucky,31
singing!”,31
"book,”",31
"genial,",31
"outlook,”",31
"success,”",31
appraising,31
"idioms,",31
emancipation.,31
occurrence.,31
overcoats.,31
"inkpot,",31
"vous,”",31
"strengthen,",31
"meditate,",31
"dine,”",31
openwork,31
concerned.,31
twigs,31
"ilágin’s,",31
"vestibule,",31
"intriguer,",31
"heated,",31
“wonderful!”,31
pose.,31
answer!”,31
back—but,31
guns—should,31
navvy,31
"theirs,",31
"embroidery,",31
"experiences,",31
deployed,31
"synod,",31
tucked-up,31
keeper’s,31
enterprise.,31
"opposition,”",31
alive—he,31
"bibulous,",31
"ardor,",31
"vorontsóvo,",31
prone,31
"goats,",31
boxes!”,31
“kaysárov!”,31
riot,31
repudiated,31
dual,31
péché,31
anything.”,31
"cooks,",31
instance...,31
hoffman’s,31
precursor,31
husband:,31
fail.,31
justification.,31
chafed,31
dedicates,31
eyed,31
collapse;,31
exhausting,31
gratefully.,31
consummate,31
disquiet.,31
disastrous.,31
right—all,31
decrepit,31
achieved.,31
scraps,31
clamored,31
"spot,”",31
"caught,",31
"raw,",31
"innocently,",31
dukes;,31
succeeding,31
"dissolute,",31
hero—the,31
"calculation,",31
safety.,31
coincidence!”,31
peasants”,31
rejected.,31
theodore?”,31
"two,’",31
develops,31
mítya’s,31
"abdicate,",31
"coin,",31
history—civil,31
transferences,31
"vagrants,",31
"execute,",31
"issued,",31
steals,31
"infringement,",31
newsletter,31
10—annette,31
kindness!”,31
talk—as,31
monstrosity,31
won’t;,31
“surely,31
girl’s,31
"paws,",31
elbow;,31
apráksins’.,31
braunau!,31
poles—all,31
officers?”,31
"losing,",31
lying—so,31
spurting,31
"strategics,",31
converted,31
becoming!”,31
"chagrin,",31
"youthfulness,",31
boyish,31
singlehanded.,31
irreparable.,31
"sot,",31
snuffing,31
(every,31
girlishly,31
"knave,",31
mouse.,31
reflect.,31
"deluded,”",31
"hieroglyph,”",31
hélène.”,31
others:,31
tomb,31
correspondent,31
is—god.”,31
“charmée,31
bit!...,31
use?,31
be—one,31
"1808,",31
unutterable,31
"“june,”",31
sónya—should,31
présent,31
sedulously,31
"gloom,”",31
lyubím,31
antagonists.,31
"heiresses,",31
"expiring,",31
quota,31
"curtsied,",31
‘dólokhov,31
"noiseless,",31
conscience...”,31
extraneous,31
logs.,31
"rome,”",31
"coherence,",31
contradicting,31
lots,31
medicine—not,31
"pinched,",31
empewah,31
"images,",31
wail.,31
birth—my,31
"mounds,",31
stink,31
idol,31
"crows,",31
wills;,31
"marrying,",31
religion...”,31
"pigeons,",31
lady-killer.,31
phaeton,31
otherwise?”,31
waged,31
miraculous,31
votive,31
future.”,31
tower.,31
"stretching,”",31
"appropriately,",31
suppleness,31
nobody—there,31
mean—what,31
"took),",31
preferred?,31
dissolution.,31
captive—all,31
15y.,31
"perceptibly,",31
evening—after,31
"food,”",31
"incapable,",31
reawakened,31
coalescence,31
he...”,31
tempted,31
subsides.,31
incomprehensible—is:,31
electricity.,31
"lies,",31
concepts,31
earth’s,31
with....,31
exposed—and,31
nursery.”,31
post;,31
day...,31
violin:,31
refractory,31
wars;,31
evoke?,31
glad;,31
nos,31
rien,31
bondarénko,31
some:,31
reinspected.”,31
curtseying,31
"krems,",31
running?,31
inefficiency,31
sheltered,31
bone—a,31
off;,31
"collars,",31
smooth—felt,31
camp!”,31
nóvgorod,31
ears;,31
sprees,31
well-set-up,31
ready!,31
baptized.,31
now—this,31
furtive,31
roan,31
"“typhus,",31
page—the,31
new—especially,31
tittle-tattle.”,31
"wednesday,”",31
evaded.,31
sister-in-law—left,31
grove,31
cubs.,31
erzá.,31
"spontaneous,",31
blink,31
"sexe,”",31
"pardon,",31
"karágina,”",31
"question,”",31
frivolously,31
fullness,31
"cash,",31
nikítski,31
whistled.,31
wronged.,31
rascals—see,31
impending.,31
novelty.,31
same)—“but,31
uninterested,31
bucharest—where,31
punish.,31
"outflankings,",31
exploit?”,31
antiquity,31
shrines,31
mature,31
gentleman...,31
rattling.,31
ape,31
"peak,",31
truthfully.,31
lopped,31
gérard’s,31
lozenges,31
kicked,31
life—returned,31
instigator,31
pack!,31
"kept,",31
silently.,31
blacksmiths,31
kutáysov,31
quoique,31
mayor,31
looted.,31
resistance.,31
advances!”,31
ingenious,31
nearer—nearer.,31
"prime,",31
boy.’,31
out?,31
spine,31
‘did,31
tsar!’,31
ney—a,31
abstention,31
shine!,31
boots—was,31
vílna—his,31
1813),31
"flattery,",31
"pastime,”",31
accidental.,31
decomposes,31
harmlessly,31
founder,31
immovability,31
"84116,",31
rostóvs—the,31
bronze,31
prussia”),31
“illness,31
communication.”,31
"friends’,",31
pouch.,31
least!,31
attached...,31
“nicholas!”,31
arrives.,31
enthusiastically,31
ken.,31
listen.”,31
"‘lord,",31
good-by:,31
"maksím,",31
borrow,31
light;,31
n’ai,31
voulu,31
“telyánin!,31
"complacently,",31
bravoure’;,31
"rational,",31
superb,31
teachings,31
beauty—a,31
pleasantly.),31
"trustfulness,",31
"conceal,",31
criticisms,31
"“handsome,",31
bachelor.,31
glance!,31
him—evidently,31
antidotes,31
prussia—undertaken,31
"withdraw,",31
"etc.,",31
barrels.,31
horizons,31
attaches,31
adherents—military,31
genius—now,31
"hendríkhovna,”",31
sugar?”,31
pretexts.,31
riderless,31
"ferociously,",31
fortuitously.,31
"exploded,",31
boldly.,31
co-o-m-pa...!”,31
decided—there’s,31
entrez,31
idiot!”,31
"survive,",31
furrows,31
encampment.,31
expanse.,31
friant,31
campstool,31
organize,31
"perishing,",31
overlooked,31
crown.,31
sixty-three,31
footboard,31
super.,31
repeating—“excellent!,31
capitally,31
favors.),31
“‘you,31
germs,31
offers.,31
"drenched,",31
“tongue.”,31
cheap.,31
mind!”,31
"bottom,",31
restarted,31
"tatterdemalions,",31
"rams,",31
"murders,",31
unrolling,31
music!”,31
refute,31
demonstrated,31
people—that,31
apes.,31
malefactors,31
idiot—complete,31
violating,31
inaccurate,31
"negligence,",31
"production,",31
meditated.,31
"friendship,”",31
“cousinage—dangereux,31
unlicked,31
foresaw.,31
comptez,31
thee...,31
cruel.”,31
"lion,",31
"necessary,”",31
zherkóv;,31
tremble.,31
officers!’,31
"disorder,”",31
"matvévna,",31
"people—businessmen,",31
"swallowed,",31
"absurd,",31
"balloon,",31
berg?”,31
instant!”,31
tra-di-ri-di-ra,31
"stream,”",31
cliffs,31
leapt,31
"frocks,",31
"orlóv’s,",31
valor.,31
“fell,31
blow!”,31
"coloring,",31
beat.,31
improving,31
hen,31
worthy.,31
plant.,31
mikólka.,31
droits,31
prudently,31
"aristocracy,",31
"humored,",31
prince...,31
openly;,31
stress,31
disappointment,31
thought;,31
him”—little,31
probation;,31
church—yet,31
clever....,31
flickering,31
blue.,31
annals,31
helena).,31
"beg,",31
dilapidated,31
"parish,",31
leaflet,31
consultation’?”,31
breathless—to,31
envying,31
"indignant,",31
dramatic,31
sorted,31
innkeeper’s,31
"decrepit,",31
général,31
“landlord’s,31
other—“a,31
highness?,31
linen.”,31
"devoted,",31
"jesus,",31
breeze,31
hanged!,31
and—as,31
detrimental,31
mother;,31
crowd:,31
"polite,",31
candlelight,31
teréntich?,31
natures—by,31
deacon.,31
"homestead,",31
"lípetsk,",31
‘monsieur,31
"negative,",31
ha-ha-ha!...”,31
guerrillas’,31
us—to,31
cossack—“were,31
chopping,31
entrez.”,31
night”,31
consolatory,31
crossed.,31
"haulers,",31
"linen,”",31
stagecoach,31
theme,31
theoretical,31
fluff,31
chose.,31
afraid—but,31
milk’s,31
predominance,31
ill-directed,31
refers,31
"pillaging,",31
cuts,31
1.f.,31
clearcut,31
philosophical,31
outfit.”,31
saint’s-day,31
(sónya,31
teacher...”,31
youthfully,31
whit,31
suvórov;,31
twenty-mile,31
kámenski.”,31
russen!,31
ourselves.,31
n’est,31
slips,31
ulm...,31
woman?”,31
"cheese,”",31
"sentiment,",31
lid.,31
sides’,31
course.”,31
"borís),",31
cunctators.”,31
“than,31
bowled,31
unwounded?,31
words—the,31
"rang,",31
it?”—“because,31
encouraging.,31
"illumined,",31
tantalizing,31
thee.,31
anyone....,31
"uneasily,",31
interregnum,31
"purity,",31
stuff!”,31
sta’ted,31
"neighbor,”",31
endorsed,31
otrádnoe—mítenka’s,31
fiancée!...,31
justice?,31
"lot,",31
"writes,”",31
listening?”,31
vanya—clear,31
century),31
guests;,31
“bravo!”,31
rogues,31
"churches,”",31
lash,31
“pierre!,31
"regatta,",31
"disaster,",31
“forward!”,31
m,31
animate,31
gentry.,31
barclay).,31
missing...”,31
“lucky,31
monthly,31
them—his,31
faces—an,31
forbidden?”,31
pawns,31
raum,31
"romans,",31
"hundredth,",31
"églises,",31
smells,31
"informant,",31
"arduously,",31
"doffed,",31
"perish,”",31
fâchons,31
"“bah,",31
"potier,",31
“shelter?”,31
caisson,31
"blue-eyed,",31
superstitious,31
eyes—she,31
force;,31
wound?,31
"oká,",31
anticipated.,31
esaul’s,31
vincent!”,31
"ho,",31
useless.”,31
ilýnich...,31
uncomprehended,31
sprawling!”,31
heir-apparent,31
there—now,31
apathy,31
bubbling,31
"perfect,",31
notice...,31
nicholas;,31
debts—had,31
apparent.,31
jurisprudence.,31
returns.,31
"donate,",31
"lovely,”",31
"xvii,",31
"regular,",31
expedition;,31
"politics,”",31
"bonne,”",31
"spendthrift,”",31
“cela,31
"leaning,",31
"moreau,”",31
pistols.,31
bridgehead,31
provinces;,31
ashamed;,31
"usual,”",31
blotches,31
"manage,",31
choose.,31
wetted,31
flanking,31
appeared—now,31
mustaches.,31
"risen,",31
(rostóv,31
starched,31
strawberries,31
"guilt,",31
weady,31
cards...,31
"first,”",31
course?”,31
"riding,’",31
ask...”,31
convince.,31
topchéenko.,31
‘please,31
dogs.”,31
grabern?,31
mildness....,31
“lázarev!”,31
"graciously,",31
unobtrusively,31
businesslike,31
madcap,31
knuckle,31
year!”,31
wealthier,31
shrubbery,31
“rugáyushka!”,31
"comb,",31
"sweets,",31
matter—that’s,31
"delightedly,",31
players.,31
inattention,31
flowing.,31
"semënovna,",31
aria,31
scantily,31
troykas.,31
causes?,31
consents,31
injudicious,31
dispatch?”,31
inscription.,31
armies!,31
‘hurrah!’—a,31
"tumbler,",31
challengingly,31
‘seven?,31
plotted,31
pocket—can’t,31
novice,31
aches?”,31
"visloúkhovo,",31
wizards.,31
danger—are,31
jocose,31
cousine!,31
"commander,’”",31
outraged,31
grunting.,31
momentous,31
golden.,31
dismantled,31
"son-in-law,",31
right....,31
donc,31
asylum...”,31
deluge,31
snore,31
pectoris.”,31
condolence,31
posthouses,31
terms—galloped,31
"dovey,",31
"unabashed,",31
him—entered,31
"comforting,",31
rúza,31
highness—the,31
transport—there,31
ruts.,31
melodious,31
bwute!”,31
heroic.,31
bl...”,31
neighed,31
valve,31
"davout’s,",31
(joseph,31
foam-flecked,31
"edifices,",31
intensified.,31
deadness,31
"bazaars,",31
asleep—he,31
thinking—and,31
duty...,31
examining.,31
uncontrolled,31
donations.,31
"pétersbourg,",31
sly”,31
"shinshiná,”",31
library.,31
"fanwise,",31
"fixed,",31
explaining.,31
handkerchiefs.,31
cooks,31
ras...”,31
general...”,31
"bondarénko,",31
frequented.,31
mack?,31
rascality....”,31
letter...,31
whizzing,31
intervals—trata...tat—and,31
carts—on,31
quickly.”,31
polonaise:,31
pistol!”,31
galère?”,31
(des,31
nowadays.,31
skull—a,31
news—if,31
hut—and,31
lecture,31
first—stepped,31
oak.,31
"adopted,”",31
hands—the,31
unpleasant...,31
(out,31
unleashed.,31
"eternity,”",31
kazán-tartar.,31
aiming.,31
regime,31
irína,31
repay.,31
year—when,31
horses!”,31
alike!”,31
poles,31
king.”,31
plausible,31
shrines.,31
"restlessness,",31
110,31
parents.”,31
per,31
be),31
"harvesting,”",31
"scourge,”",31
vanguard;,31
"gridnëva),",31
"depend,",31
foes!,31
farther;,31
whirring,31
veux,31
"abominably,",31
ramshackle,31
alexander.),31
good-for-nothing?...,31
"woman,’",31
choir.,31
harmful—gave,31
themselves—and,31
perpetrated.”,31
"kit,",31
1813—salute,31
“tongue”,31
bones.,31
fancy—of,31
tight—and,31
"worst—road,",31
sharp-nosed,31
plan),31
occurs:,31
seriousness—leaving,31
crushed!,31
tambóv,31
"philippe,",31
invade,31
deeds.,31
1.e.2.,31
agitated.,31
ilariónovich,31
reinforcement.,31
twelve.,31
unflinching,31
affected.,31
stabbed,31
"singer,",31
or...”,31
noise...”,31
"portfolio,",31
hm...”,31
unpolished,31
exactitude,31
untruth.”,31
bridge?,31
"report,”",31
mortier’s,31
campo,31
atrocities,31
"macked),”",31
echelons.”,31
cleaving,31
alike—were,31
acquaintance.”,31
loads.,31
"define,",31
talkative.,31
quicker!”,31
batman,31
"squadron,”",31
kaftáns.,31
breathe.,31
"extraordinary,”",31
faiwy!,31
"martinists,",31
"“seeker,”",31
extolled,31
pultúsk.,31
foremen,31
"blossom,",31
"twigs,",31
betokening,31
unjust?,31
distant.,31
directly.,31
"faithfully,",31
"“asleep,",31
always;,31
charmant;,31
revulsion,31
"toi,",31
tiers,31
well-remembered,31
audacity.,31
george—i,31
this—”,31
"“thirdly,”",31
purloined,31
niemen.,31
"bennigsens,",31
rancor,31
"attained,",31
"muddle,",31
eloquently.,31
ascertained?,31
circle?,31
pleaded.,31
scampered,31
loquacity,31
cabbage,31
danger?”,31
"ordered,”",31
poems,31
flank—still,31
lost...,31
thoughts—would,31
"spying,",31
intact?”,31
"loading,",31
chessboard,31
fashion),31
"store,",31
“altogether,31
“hm...”,31
ridiculous—that,31
empty;,31
broadening,31
see”,31
turbulent,31
villain.,31
perhaps.,31
succession,31
door—the,31
"elisabeth,",31
fire?,31
commonest,31
"forewarned,",31
ignominious,31
endure;,31
needful,31
army—is,31
pelt,31
vos,31
delirium.,31
"boire,",31
genius?,31
"rash,",31
power—alexander,31
hesitation.,31
“‘to,31
farm—especially,31
dinners.,31
mother—and,31
"‘one,",31
own:,31
knack,31
denied—and,31
clouds.”,31
newer,31
"expounded,",31
wielder,31
warranty,31
"favors,",31
“certainly;,31
fussily,31
romping,31
query,31
religious!,31
nether,31
“andrúsha.”,31
soldier?,31
"purse,”",31
"money,”",31
colonel!”,31
"amstetten,",31
schmidt’s,31
possibilities:,31
inconvenient,31
"catchplay,",31
anyone—to,31
unacknowledged,31
risked?”,31
"coachman’s,",31
recalls,31
obsequiously,31
"“postulant,”",31
“l’urope”,31
nursemaids,31
"accounts,",31
"serfs,”",31
"beings,",31
begged:,31
roofed,31
sound!”,31
makéev,31
renewal.,31
inexpressible,31
l’honneur,31
dutch,31
married....,31
sheet.,31
words.),31
thaw.,31
remedying,31
plums?,31
bad;,31
"“straight,",31
"reconciliation,",31
obey!,31
"relief,”",31
time—nor,31
key?,31
"consequently,",31
badness,31
custodian,31
quaint,31
"dishonored,",31
gently!...,31
dined—looking,31
younger.,31
satisfied?...,31
seeds.,31
days?,31
"trick,”",31
"potman,",31
bargees!”,31
"thigh,",31
uninterruptedly,31
galled,31
put;,31
secular,31
jesus?”,31
home!,31
madmen,31
"occurred,”",31
‘come,31
brónnikov’s,31
clattered,31
gosp...”,31
slackness,31
"bast,",31
"plunder,",31
(quantity,31
beast!”,31
says.”,31
sharpen,31
plat—”,31
lever!,31
consolation?”,31
everybody—both,31
divinely,31
obstacles,31
administration.,31
e-mail),31
"spine,",31
fancy:,31
hate!,31
phrases—which,31
reasson,31
matter?...,31
awhile;,31
age....,31
ignátych?”,31
"conceited,",31
cahd.”,31
rat’s...,31
ceremoniously,31
musketeer,31
ominous,31
aime!”,31
hosts:,31
irregularity,31
front?,31
muddle,31
unconciousness,31
narýshkin—which,31
"whatever,”",31
"font,",31
plumb,31
philanthropic,31
fellow—your,31
wait.’,31
profiting,31
"dark-haired,",31
"constitution,",31
anterooms,31
"gladly,",31
petersburg—he,31
"natásha’s,",31
superstitiousness,31
bargaining,31
"wolf,”",31
sportsmen!”,31
"chicken,",31
anyone—while,31
all-transforming,31
charter,31
thursdays,31
happiness—ever,31
improper.,31
"girl,’”",31
dishonorable?”,31
"ill,”",31
re-establishing,31
"occurrence,",31
russia—were,31
suitability,31
dragoons’,31
home...,31
"nobility,”",31
mentally.,31
"run,’",31
points—four,31
"centre,",31
"repentance,",31
thirty-second,31
reward!,31
mozháysk.”,31
unloading,31
aux,31
"feather,",31
fas...,31
"nondescript,",31
shakos.,31
dissuade,31
awakening.,31
deviating,31
unguarded,31
again...,31
art.,31
‘tongue.’”,31
meanness.,31
intermediate,31
stocked,31
"plunderers,",31
weapons.,31
tinge,31
miracle—one,31
diameter,31
whatever—with,31
equaled,31
"economy,",31
"#2600]",31
complacently,31
"raconteur,”",31
“alone,31
"“jacob,",31
tongue”,31
nikoláevich.,31
inappropriately.,31
not....”,31
"considered,”",31
advancing.,31
effrontery,31
smoker.,31
snowbanks,31
adjutant.”,31
foi!”,31
stopped?,31
eighteenth.”,31
turn!,31
pain;,31
"feoktíst,",31
eccentric,31
reeled,31
"fault,”",31
party.”,31
accents.,31
cards.’,31
"mention,",31
"vocation,",31
"hush,",31
lost.”,31
recounting.,31
kórchevo—a,31
"kostromá,",31
joking.”,31
pound,31
snout...,31
logical.,31
reputation—expected,31
mystery.,31
virtue—love,31
desertest,31
talk?,31
verses?,31
bourienne!...,31
mongrel,31
uncle?”,31
balaláyka.,31
"stillness,",31
"recognize,",31
nicholas!”...,31
pardon!”,31
forcible?”,31
bluntly,31
angrier,31
"mournfully,",31
simple;,31
"revelers’,",31
intoxicating,31
master...”,31
justice—a,31
allured,31
ranks!”,31
hosts!,31
lists,31
“women’s,31
plutarch,31
"awe-struck,",31
“simple”,31
dron.),31
violate,31
servant.”,31
"“enough,",31
parole.”,31
reflection—as,31
"disconsolately,",31
starting.,31
cheek—“and,31
matchmaker,31
handwriting,31
much?...,31
northerly,31
simplicity—here,31
"virulence,",31
"guerrillas,",31
“du,31
pétya...,31
time—lacking,31
resolution;,31
"feeling,”",31
"lanfrey,",31
suffice,31
repletion,31
"defective,",31
"least,”",31
"godfather,”",31
clerk.—i,31
godson—you,31
"“oui,",31
resent,31
pudding?,31
dropped;,31
riches—to,31
bolkónskis.,31
wie,31
archduke’s,31
cookers.,31
surmise,31
"gave,",31
cooing,31
liveries,31
“hiding?”,31
cording,31
adjutant?,31
hands!,31
justness,31
(won’t,31
had.”,31
at?,31
others—ilyá,31
narýshkin,31
titus,31
"dropped,",31
“anatole,31
kishenëv,31
fleissig?”,31
economical,31
gentlewoman,31
“well—had,31
"wanderings,",31
little—though,31
him—but,31
"analogy,",31
reunite,31
pomaded.,31
disillusionment?,31
"tossed,",31
day!,31
coursing.,31
climax,31
melyukóvs’?,31
humility;,31
conversation;,31
ambassador.”,31
douceur,31
proposing.,31
jails,31
kirílovich,31
suppert-roguet,31
ill-lit,31
"preparations,",31
startling,31
initiative,31
"sarcastically,",31
verifying,31
frise,31
john.,31
"18,",31
"embankment,",31
"selivánov,",31
fires.,31
raging...,31
"smile,”",31
"corpulent,",31
returns.”,31
d’honneur!”,31
méthode),31
“why...,31
"yelped,",31
"budding,",31
klyucharëv?,31
yusúpov’s,31
in...”,31
"lubyánka,",31
“les,31
response,31
now—that’s,31
schoss’,31
statue,31
serf.,31
theirs?”,31
esteeming,31
her—“as,31
schoolmaster,31
appositeness.,31
boy!”,31
advised?,31
initiator,31
chime,31
"d’s,",31
germany.,31
genius—of,31
endure.,31
elder’s,31
on—it,31
"wolves,",31
therefore—to,31
austerlitz;,31
nurse—knowing,31
parcels,31
"resourceful,",31
inapt,31
something),31
"advantageously,",31
statistics.,31
"examples,",31
personality—free,31
disclaimers,31
vexatious,31
accorded,31
"manners,",31
average,31
freedom!,31
nervously;,31
petersburg—no,31
denying,31
“connaissez-vous,31
“congratulate”,31
saw—covered,31
"suitor,",31
still;,31
adjutant:,31
commanders!”,31
endure...”,31
subaltern,31
reputations.,31
signet,31
precluding,31
outlines.,31
gladly!,31
wife;,31
disappearing,31
tasseled,31
ignátovich...,31
begin!”,31
venal.,31
champagne.,31
irritability?,31
us—we,31
“brother-instructor”,31
"convinces,",31
"whole,”",31
rations.,31
wostóv?,31
have?,31
self-purification.,31
belle.”,31
long-forgotten,31
readjusting,31
"acquaintances,”",31
frost!”,31
delay?,31
"tenor,",31
"magical,",31
well-timed,31
worth.,31
goddaughter,31
"represent,",31
know....,31
“suppose,31
"inclinations,",31
mattock.,31
eternity.,31
saxon,31
grenadier’s,31
obscured,31
"sventsyáni,",31
"mental,",31
convened,31
nobles.,31
"brute,",31
agree.”,31
holiday?”,31
"zakhárych,",31
thwough.,31
along...”,31
trouble.”,31
yours!”,31
retreat?”,31
enemies;,31
navigable,31
reason),31
ecclesiastical,31
proclamation?’,31
"horrid,",31
laws;,31
please...”,31
chagrin,31
"warrants,",31
conspiratorial,31
sónya...?”,31
depuis,31
executions.,31
4x,31
"yawning,",31
scab-covered,31
"heals,",31
vistas,31
tired—try,31
arrive.,31
“vivarika!,31
war—a,31
"owners,",31
plague,31
west—similar,31
westward,31
overshadowing,31
ni,31
"sage,",31
"ethics,",31
legally,31
transcription,31
"14,",31
story?”,31
"d’enghien,”",31
calls.’”,31
rattled.,31
"badly,”",31
girl.”,31
of.”,31
“hungarian”...,31
darting,31
sweden?,31
"andrúsha,”",31
face;,31
"round,”",31
miwónov!,31
fwiend?,31
"lifted,",31
"inquiringly,",31
u!”,31
detachment.”,31
moving?,31
guns’,31
ignores,31
adjutants.,31
fog;,31
denuded,31
nodding.,31
“now?”,31
herculean,31
thought—referring,31
play?”,31
brotherhood.”,31
guidance...,31
waver,31
"pillar,",31
beware,31
nine.,31
preussisch-eylau.,31
convalescent.,31
term—is,31
curious.”,31
kiev?”,31
starve.”,31
corps....,31
"plate,”",31
petersburg”,31
"tie,",31
emphasizing,31
generously,31
solicitude.,31
“arínka!,31
"housekeeping,",31
unconsidered,31
play;,31
eyelashes,31
marvelously.,31
queen.,31
actresses—with,31
prospective,31
"makárka,",31
"opponent,",31
reheat,31
harm—and,31
expiation!”,31
outright,31
hothouse,31
observed:,31
proprietor’s,31
nízhni.,31
"“borodinó,”",31
daubed,31
really....,31
sipped,31
else—formed,31
another—pierre,31
border,31
arrest.,31
"hunger-stricken,",31
colliding,31
ingratitude!,31
sleep—?”,31
countermanded,31
hurry?”,31
“‘russia,31
“talk,31
grandfather.”,31
words?,31
wretches),31
"exertion,",31
“sister,31
"convert,",31
important—more,31
blessing!,31
arsenal,31
march”,31
dispositions;,31
land—was,31
attacker,31
fourth;,31
women’s.,31
unmistakably,31
theme.,31
ho,31
good-for-nothing.,31
experiences.,31
that)—had,31
occur—from,31
households.,31
founders.,31
teatime.,31
"complex,",31
"deductions,",31
vièrge.,31
force—the,31
"atoms,",31
1.e.5.,31
duc’s,31
emigrant.,31
bounds,31
"impatient,",31
extricated,31
broadened,31
name-day,31
scapegrace.,31
she:,31
scouts.,31
finesse;,31
summits...,31
"theresa,",31
chewed,31
stockinged,31
"laggards,",31
"transmitted,",31
"affair—yes,",31
adornment,31
helpless!,31
"nurses,",31
staffs.,31
"trumpeters,",31
"surmised,",31
thin—moved.,31
enemy!,31
trophy.),31
truce.”,31
proud.,31
contains,31
"adored,",31
châle.”,31
is—she,31
"enchantress,",31
alter.,31
"injunctions,",31
precepts,31
delude,31
paths,31
closely.,31
(broken,31
affable,31
hosts,31
lenient,31
insincere.,31
"“alexander,",31
"unavoidable,”",31
catherine!,31
pilgrims’,31
patchwork,31
boy”,31
gnashing,31
"roasted),",31
châle,31
"crickets,",31
innocent—that,31
"nicest,",31
"“if,",31
sorrowfully.,31
unfrocked,31
foreseen—are,31
organ,31
application.,31
iniquities!,31
f,31
"clubs,",31
"awakened,",31
bathe.”,31
"opening,",31
"apathy,",31
imprudent,31
"forfeit,",31
rude.,31
seen?,31
two?”,31
"husband—who,",31
topsy-turvy.,31
(wearing,31
sanguinary.,31
"seventeen,",31
bolster,31
i—while,31
alternating,31
planets.,31
pakhrá?,31
"crossings,",31
animatedly,31
bataillons,31
weturn,31
assenting,31
garden;,31
cossacks”—he,31
sink.,31
"howl,",31
"liquid,",31
overhung,31
"maneuver,",31
bogdánovich.,31
moderating,31
lost—than,31
differ,31
person?,31
"highest,",31
dato.,31
martyr,31
overshoes,31
mantilla—not,31
grandees,31
summons.,31
virtues—activity,31
major!...,31
commander.”,31
just...”,31
indolence.,31
horse?”,31
infantry;,31
"broad-backed,",31
morosely.,31
grazed,31
know),31
politics—you,31
même,31
jabber,31
moving;,31
"dozed,",31
malodorous,31
"devil,”",31
"nations,”",31
henker,31
organizer,31
"bear,’",31
shuddered;,31
supper!,31
‘nonsense!’”,31
"railing,",31
mutiny—seizing,31
place....,31
one-armed,31
duty”,31
"russie,",31
regulations.,31
lust,31
adonai,31
agile—she,31
básov;,31
"she-wolf,",31
diana,31
“goodness,31
you—even,31
throats,31
unraveled.,31
(himself,31
teachers,31
“drubetskóy,31
nowhere?,31
blessing!”,31
answer....,31
"footstep,",31
hordes,31
forgive!,31
"disinterestedly,",31
thing—as,31
"concealed,",31
better?,31
spat,31
5,31
yeah,31
"reaped,",31
rinsed,31
carp,31
housemaid.,31
limply,31
amoureuse,31
"hanging,",31
life—especially,31
firmly:,31
advantageous.,31
sins,31
efforts.,31
deceased’s,31
"sorbonne,",31
principally,31
figure—in,31
mind—about,31
clearest,31
cogwheel,31
momenta,31
carve,31
d’ordre.”,31
warming;,31
awarded.,31
reckoning.,31
furs,31
twitches,31
"rests,",31
birchbark—and,31
most?,31
paint:,31
guess.,31
"tante,",31
"traders,",31
compelling,31
confederation,31
expressed)—this,31
"conscious,",31
"geography,",31
"refund\"",31
russia—barbaric,31
"inappropriate,",31
"regicide,",31
disconcerting,31
"queer,”",31
madère,31
intriguing!”,31
camel,31
mikhelson’s,31
interruption,31
one—except,31
assiduity,31
"risks,",31
"maréchaux,",31
cowardice,31
"nikítenko,",31
witness.,31
minister!,31
"quick-witted,",31
anybody;,31
mother...”,31
prided,31
dormir!”,31
eying,31
powerless?”,31
hosjeradek,31
horse!,31
"expectantly,",31
fatherly,31
"pilgrimage,",31
mistrusting,31
"ward,",31
dead-looking,31
exist!”,31
"personage),",31
preliminary,31
ravish,31
narrator,31
physiognomy,31
well!’”,31
intervention.,31
heiress.”,31
know—”,31
“god”,31
"soil,”",31
sweden,31
replying;,31
"“she,",31
grief-stricken,31
clinching,31
cannon.”,31
hear!,31
ilyín;,31
bribe,31
caustique—i,31
amazon.”,31
itself—is,31
taciturnity,31
lucid,31
ran:,31
men—and,31
tension.,31
manner.),31
"perceptions,",31
lovers—once,31
"devoirs,”",31
"cauldron,",31
personally?”,31
master—may,31
hair!,31
riches,31
armenians,31
“pray,31
definiteness,31
stoves,31
endearment,31
there—not,31
"unnoticed,",31
"husbandmen,",31
october—that,31
irregulars),31
"joke),",31
feelings?”,31
musket.,31
any?,31
now!...”,31
"slack,",31
whipping,31
mathematically.,31
extinction,31
thee!...,31
here—that’s,31
“golden,31
of....,31
“simpler.”,31
lying—he,31
died;,31
stiffness,31
cameo?”,31
deafness.,31
"discussion,",31
infringement,31
represents,31
"prefers,",31
paraphrase—a,31
"follows,",31
ceaselessly,31
"fair,",31
schérer’s,31
expectancy,31
wanted;,31
lise?”,31
connections...,31
"sleeve,”",31
cough.,31
bath.”,31
chaise,31
details.”,31
allons,31
bloodshed.,31
"fellows,”",31
"túshin’s,",31
"swarthy,",31
‘sergéy’,31
strides.,31
lapsed,31
"przebyszéwski,",31
deceivers!”,31
mustaches...,31
densely,31
up?,31
prettiest.,31
budget:,31
insane—unprofitable,31
unalterably,31
root.,31
half-ruined,31
turn:,31
look?”,31
laborers—this,31
barked,31
of?,31
andréevich”,31
"maybe,”",31
vanities.,31
assist.,31
"pale-blue,",31
"speránski’s,",31
things—threatening,31
pilgrim’s,31
hurry?”—nicholas,31
"kondrátevna,”",31
ardor—all,31
pointer,31
"roast,",31
natásha—“it’s,31
nine.”,31
never...?”,31
hurrah!...”,31
hi!...,31
mistress?,31
“king,31
overfat,31
"produced,",31
vílna—now,31
concluded...”,31
"assigned,",31
truth—science—which,31
law!”,31
"doses),",31
100,31
theah,31
barrel.”,31
"irresolution,",31
people),31
protectress!...,31
lads...,31
"énergique,",31
"spectacle,",31
dissented,31
gentleman”,31
pecked,31
alliance.,31
oven.,31
"“when,",31
sin.”,31
vereshchágin!”,31
“impudence!,31
eyelids.,31
sand,31
"doubtful,",31
"turmoil,",31
arms!,31
burning!”,31
device,31
add:,31
thinner?”,31
(where,31
"anybody,",31
transmoskvá,31
frowned—partly,31
army—a,31
"conqueror,",31
"shcherbáty,",31
"numbers,”",31
feel?,31
twos!,31
vert,31
presents.,31
him—people,31
"angrier,",31
realm;,31
"innumerable,",31
"series,",31
decreed.,31
enunciated,31
state's,31
"mentally,",31
borís?,31
ill!,31
circumstantially,31
cooper?”,31
"time),",31
world—is,31
“malbrook,31
buonaparte;,31
“wonderful!...,31
already!”,31
imitated,31
undah,31
coins,31
feet?”,31
forestalled,31
dip.,31
privates,31
"bondarchúk,",31
battalion’—and,31
premeditation,31
son’s—name.,31
fright!,31
"amusing,”",31
"cavalcade,",31
guerre!”,31
re-form,31
"separate,”",31
within...,31
anyone?,31
"“tomorrow,”",31
hopelessness)—at,31
calf.”,31
circuits.,31
lodge—were,31
half.,31
tidiness,31
"estates,",31
whispering:,31
cure.,31
“saddle!,31
"crutches,",31
accepted.”,31
rumble,31
already....,31
window.”,31
penitent.,31
queen!”,31
stamp.,31
then:,31
"akínfi,",31
“back,31
sitting-room,31
like;,31
feared.,31
bit....,31
everything!...”,31
cherished,31
"intellectual,",31
baths,31
her?—the,31
wealthy.,31
dogs’,31
depending,31
"fourteenth,",31
envoy.,31
"collection,",31
blasphemies;,31
procession:,31
approvingly,31
it—which,31
delicious;,31
man—in,31
n’en,31
"degraded,",31
highness—for,31
overrun,31
troops?”,31
widely.,31
"pause)—“puff,",31
"beside,",31
routed,31
budding.,31
rearranged,31
"surnames),",31
man...,31
understand...”,31
signaling,31
1812?,31
miscreant.”,31
"kitchen,",31
"amiable,",31
say....,31
tales.,31
"quality,",31
pale-colored,31
famed,31
“angina?,31
"grieve,",31
directness,31
thoughts):,31
resulted—moment,31
assiduously,31
denominations,31
town—and,31
"beating,",31
“guerrilla,31
overnight,31
pang,31
surpassing,31
"planted,",31
aim:,31
do—perished,31
done—did,31
participation.,31
later—an,31
chalice,31
contracting,31
"sentimentality,",31
‘papa,31
"drew,",31
"histories,",31
arrested?,31
"minnesingers,",31
ship’s,31
nerves;,31
"user,",31
caesar’s,31
egotists!,31
"sally,",31
desisted,31
truly?”,31
lathe.,31
andrúsha—the,31
*kutúzov.,31
circulated,31
mathilde.”,31
“au,31
dürrenstein,31
boots!,31
awkward!,31
"positively,",31
wostóv.,31
"humiliations,",31
handled,31
“cover,31
i...?”,31
cause.”,31
"luck,",31
hard....,31
imagine...”,31
reborn,31
officious,31
conversing.,31
red....,31
reconciling,31
unsatisfied,31
broad-haunched,31
moderation,31
"broad-haunched,",31
honey-and-nut,31
funny—bringing,31
lying?,31
"readily,",31
"alénina,”",31
delightful?”,31
appreciating,31
ended?”,31
"public,”",31
competent,31
ill-made,31
lightning!”,31
"nicer,”",31
injunctions,31
catastrophe.,31
glorify,31
"nobleman,",31
life—we,31
"bodyguard,",31
decision?,31
foolishness.,31
reading...”,31
unembarrassed,31
recited....,31
rome!,31
service?”,31
earth;,31
scoundrels!,31
opinion...”,31
baskets,31
both’?”,31
"crockery,",31
"“off,",31
"design,",31
"wretched,",31
"informally,”",31
"spiritual,",31
army—when,31
"summoned,",31
"cannons,",31
"starvation,",31
nation—even,31
"feelings),",31
unknowns.,31
"feoklítych,”",31
ici?”,31
signal!”,31
infringed,31
"associations,",31
ever-manifest,31
post-house,31
“supposing,31
"vacancy,",31
drunkenness,31
earnest—and,31
treason,31
fwiend!,31
paris;,31
writers;,31
visibility,31
discontinue,31
translators:,31
villain!,31
"reflecting,",31
morio,31
"tranquille,",31
"anarchy,",31
discredited.,31
"tiresome,”",31
godfather,31
ill...,31
vreatening,31
invalid;,31
grip.,31
“company,31
"“general,",31
"grudge,",31
scoundrel?,31
"fire,”",31
inattentive,31
sentences.,31
"trifles,”",31
"emperor,’",31
nation!,31
"orders),",31
bivouac;,31
"“dmítri,”",31
"kámenski,",31
result?,31
unbelief?,31
command!”,31
arkhárovs;,31
"“killed,”",31
beats,31
mowing;,31
‘why,31
decomposing,31
clamber,31
dating,31
bright-red,31
licked,31
"resolutions,",31
"quarry,",31
short-legged,31
together!”,31
house—and,31
"skein,",31
"mechanically,",31
entreated.,31
wearing;,31
wished.,31
reputation.,31
cellular,31
churches?”,31
"conscientious,",31
"urged,",31
sometimes—when,31
70,31
"alexandre,",31
militia—we,31
maintenance.,31
"reasoned,",31
wintzingerodes,31
closing.,31
"yawned,",31
strangely.,31
princess”,31
send.”,31
world;,31
changes.,31
outraging,31
respectable,31
"firewood,",31
"proclamation,”",31
gendarme’s,31
"quizzical,",31
tsars.,31
starwise,31
classed,31
"scream,",31
paris...”,31
law?,31
"students,",31
illness!”,31
sling,31
back—to,31
"brózin,",31
bricks,31
people.’,31
enough?”,31
shot...”,31
"nourishing,",31
places.”,31
vílna—independently,31
deviation—were,31
hiccough,31
captors’,31
pecuniary,31
interjected.,31
causal,31
licensed,31
“almost,31
antechambers,31
"faut,",31
‘words,31
"forty-five,",31
"wines,",31
“father.”,31
tackle,31
ilariónovich.,31
new...!”,31
satisfaction...”,31
us—you’re,31
scabbard,31
fires.”,31
happened!”,31
marshalls.,31
thudded,31
valuable.,31
"reprehensible,",31
"babyhood,",31
“hélène!”,31
"ribbon,",31
"principles,",31
handkerchief?,31
"dashing,",31
pan.,31
all-important.”,31
blissfully,31
"incapacity,",31
"bigwigs,",31
t-wo!,31
follow.”,31
real....,31
mason?”,31
rather.”,31
it—and,31
visit—he,31
"altogether,",31
cigar.,31
overhead.,31
"shady,",31
levee.,31
examination?”,31
bladder.,31
papa!,31
"hindquarters,",31
dream!,31
serfs?,31
injuries,31
"“spies,",31
part;,31
plumper,31
"persia,",31
ceased...”,31
"“yesterday,",31
patterns,31
be....”,31
"handsomest,",31
prechístenka,31
(les,31
harmonized,31
1805:,31
sacrifice?,31
“halt!,31
n,31
apocalypse.,31
"generous,",31
shrill:,31
emperor—he,31
elevation—the,31
"questions,”",31
wanted!,31
"quires,",31
baited,31
dawned,31
knotted,31
blushingly,31
"‘váska,’”",31
"annoyance,",31
contingencies...,31
beausset.,31
"grandeur,",31
watchmaker,31
governed?,31
victory—for,31
who’d,31
(“do,31
unused,31
good”—and,31
enfants.,31
unpunished.,31
articles.,31
ancestors!,31
transcend,31
“eat,31
surname,31
wont.,31
"warmth,",31
officers);,31
characters.,31
done—to,31
ones...,31
gobble,31
first-class,31
"misplaced,",31
"insight,",31
overlapping.,31
"stooped,",31
marvels.”,31
continent.,31
"development,",31
damage.,31
"implied,",31
defect—the,31
vehemently,31
fifteen-year-old,31
archives,31
settled?”,31
fortune...,31
now—he,31
prepared.”,31
dólokhov?”,31
cweation...,31
want?...”,31
"zides,",31
refinements,31
"slipped,",31
blister,31
difficulty.),31
vere,31
irresolution,31
"lamp,",31
"kind—yes,",31
later”,31
ilariónovich?”,31
russians!”,31
“separate!,31
darling?,31
"“sophie,”",31
dances!,31
cat,31
"gospel,",31
"better,”",31
unfordable,31
serfs—made,31
"pine,",31
dinner!...,31
draft,31
wobbed,31
cavalryman’s,31
reporter,31
charters.,31
solomon.,31
conjuror,31
"funny,",31
marry!,31
russian’s,31
buttermilk,31
ill-tempered,31
realities,31
jerks,31
something—probably,31
"choirs,",31
"trivial,",31
"tormented,",31
dominating,31
“peace,31
matters?,31
"surmises,",31
"torrents,",31
"promenades,",31
"concerts,",31
transgressions,31
k,31
for....”,31
gentleman-in-waiting.,31
cupboards,31
stand....,31
consequences.,31
hill?”,31
commanders—not,31
diminishing,31
"bunks,",31
well—we,31
ist,31
d’eckmühl,31
stretchers.,31
"humorist,",31
gruel,31
"rhine,",31
defended.,31
parce,31
efím,31
"grinning,",31
"victoriously,",31
unanimously,31
possesses:,31
plain—it,31
heap:,31
suspects:,31
figured,31
fate.’,31
"travelers,",31
groove,31
palpable....,31
do...,31
troops!,31
"quarreled,",31
useless;,31
provender,31
"misfortunes,",31
chaises!...,31
beating.,31
first.”,31
tinder,31
pétya—abashed,31
password....,31
devil...?”,31
causeless,31
dnieper—which,31
l’empereur;,31
solution.,31
dwindled,31
“oo-oo-oo-oo!,31
long-standing,31
"jostle,",31
unfair,31
must....”,31
alone—with,31
"despises,",31
risen.,31
"worry,",31
murmur.,31
spleen,31
"spanish,",31
"time—is,",31
passed?,31
satisfied?”,31
"commentaries),",31
"ilyá,”",31
department!,31
young!”,31
"unpleasant,",31
worth?,31
"zakúska,",31
dussek.,31
maybe!”,31
eh...?”,31
service...,31
"wostóv,",31
“one!”,31
rook—a,31
‘why?’,31
slumber.,31
bolkónski!,31
endeavor!”,31
"re-form,",31
company.”,31
scurrying!,31
"tears,”",31
"“pétya,",31
cornetcy,31
"glancing,",31
reconnoiter,31
hurry?,31
fatally,31
impetuous...”,31
entweat,31
attributes?...”,31
educated.,31
gulped,31
trowel,31
supervise,31
"chamber,",31
9th,31
“darkness,31
"awful,",31
picture!,31
one?,31
housekeeper),31
unselfishly,31
chalk.”,31
past?,31
music...,31
"crunching,",31
"nikoláevich’s,",31
tire,31
sigh:,31
neck—suddenly,31
"diversion,",31
grateful?”,31
“real,31
jokes!”,31
ignátka!,31
anybody?,31
"treason,",31
“charmed,31
solid,31
drumming,31
dam.,31
and—now,31
"preside,",31
decided?”,31
yards!”,31
forest;,31
night...”,31
amiss,31
inside?”,31
going:,31
hair’?,31
"plunging,",31
anything...”,31
prodded,31
grapeshot!”,31
"respite,",31
neared,31
proclamation.”,31
"trader,’”",31
“house,31
partitions,31
hypothetical,31
"child’s,",31
fox-fur,31
friend),31
"vanquished,",31
"expended,",31
conjecturing,31
"indication,",31
ont,31
"vicinity),",31
close-clinging,31
“orders?”,31
bwute,31
bottom.,31
minimizing,31
progression;,31
accusations,31
"nation,”",31
afterlife,31
"remainder,",31
northwesterly,31
universities,31
bismarck,31
centralization,31
impermeability,31
drubetskáya’s,31
soul?”,31
equality?,31
"addicted),",31
next?,31
"stinging),",31
ambling,31
"acquainted,”",31
cities,31
hushed.,31
ices.”,31
sickroom,31
wrangle,31
house...”,31
"base,",31
unclasped,31
disgusting,31
"apple,",31
last.”,31
recognizable,31
"unobserved,",31
robs,31
plunging,31
dog?”,31
garments.,31
front!”,31
chef,31
"160,000",31
“denísov!,31
ipátka,31
"send,",31
avoided!”,31
attractively,31
"roused,",31
battlefield;,31
provocation,31
typhus?,31
“looking,31
1809.,31
"end,”",31
lasting,31
secretaries,31
present;,31
prayer:,31
unquestionably,31
itself;,31
fretted,31
retuned,31
turk!”,31
natásha—mademoiselle,31
agreeably.,31
laughter—he,31
return—at,31
door.”,31
portend,31
"bennigsenites,",31
"duels,",31
pomp,31
"patience),",31
chanter—was,31
états,31
confidant:,31
ha,31
confusedly,31
twilight—and,31
impolite,31
"retrospection,",31
princess...,31
dead—it’s,31
"caustic,",31
question!,31
russian?”,31
captures,31
descends,31
“short,31
grains,31
schneider.,31
keeping—your,31
forty-eight,31
"pétya,”",31
"expeditiously,",31
"army”),",31
“natásha?”,31
swayed.,31
empty-handed,31
"sidórych,",31
death—killed!...”,31
patriotism.,31
sinners!”,31
"said),",31
gentlemen’s,31
"murderers,",31
"completeness,",31
wait;,31
working.,31
endless.”,31
regularizing,31
risky,31
befitted,31
shcherbáty—the,31
(vesná),31
raided,31
howl.,31
knew—not,31
make-believes.”,31
fire;,31
state;,31
herdsman,31
vrazhók.,31
"breakfasts,",31
mistresses.,31
idea—history’s,31
buonapartes.,31
slave-slafe,31
failed.,31
feel.”,31
annette—how,31
selfish.,31
oo...!”,31
"widened,",31
idea!...”,31
distance—and,31
learned.,31
one...”,31
eating.”,31
"ranker,",31
waiter.,31
bogdánich”,31
coal-black,31
blundered;,31
target.”,31
rife,31
laboratory,31
one-horse,31
felling,31
super,31
"looking,”",31
"“exactly,",31
bargain.,31
governess’,31
it—that’s,31
mismanagement,31
diese,31
ball—struck,31
"unnerved,",31
“dearest...,31
extract,31
"jealousy,",31
prattle,31
careful.”,31
being?,31
vessel,31
self.,31
deck,31
groat,31
race’,31
"has,”",31
meanly,31
dreaded.,31
"deception,",31
sanctifying,31
"gentlefolk,",31
"gelding,",31
directly.”,31
lower?...,31
métivier;,31
screamed:,31
sure!,31
sight—looked,31
"performance,",31
"glistening,",31
transmit,31
ruder.,31
"judge,”",31
“stupid,31
detonators,31
discontent,31
"quarante-deux,",31
"“alpátych,",31
camps,31
sunlight,31
baffling,31
sold.”,31
there?...,31
german),31
magic-lantern,31
"pawn,",31
“puff!”—suddenly,31
echoes,31
"bremen,",31
has—men,31
evening:,31
awry,31
compactly,31
father-in-law’s,31
balancing,31
combs,31
(“sirin,31
suggest...”,31
beasts!,31
gestures.,31
unlocking,31
paris!...,31
"replaited,",31
‘ti-ti’,31
ruined....,31
world!,31
budge,31
"expense,”",31
pretense.,31
paroxysm,31
denís,31
tree—the,31
kit.,31
"man,’",31
faces—one,31
intensity,31
seriously:,31
appointments.,31
"perished,",31
attention:,31
crying?,31
yet—someday.,31
"value,",31
antagonism.,31
exacting.,31
so—though,31
sweet!,31
specific,31
charmant,31
ugly.,31
tolerant,31
clearheadedness.,31
po-o-ossible”...,31
handleless,31
thinner?...”,31
andrúsha!...”,31
"deferential,",31
wriggled,31
rogue.,31
"salzeneck,",31
refreshment?”,31
"ill-clad,",31
"memorandum,",31
lichtenfels,31
spikes,31
stupider,31
"advancing,",31
milldam,31
desirous,31
soared,31
little—but,31
“fr...,31
descriptive,31
"landlady,",31
siberia!’”,31
"dashed,",31
jolt,31
house—that,31
"committeeman,",31
change?,31
admonitory,31
for—human,31
platoon!”,31
go...”,31
"petitioner,”",31
uncalled-for,31
"wondered,",31
"financial,",31
body;,31
buffoon!”,31
"ball,”",31
sleeplessness:,31
stepmothers,31
"golukhovski,",31
thief!,31
"ryefield,",31
disentangle,31
madagascar!”,31
doleful,31
"powdered),",31
dashboard,31
"zakret,",31
"aggression,",31
french—through,31
duroc,31
handled.,31
wrote.,31
empereur.,31
"gingerbread,",31
"fuss,",31
bombarded,31
wantonly,31
episode.,31
suspicions,31
housing,31
helped....,31
"debts,”",31
"clearest,",31
fabvier’s,31
assertion,31
black-haired,31
puny,31
traitor.,31
justice!,31
induces,31
"thee,’",31
drawer,31
rampart,31
"túchkov,",31
drug,31
match...,31
"ruins,",31
well—that’s,31
"“that,",31
service:,31
direction;,31
yields,31
"breed,",31
“wait?...,31
baffled—then,31
lair,31
comedian.”,31
rostóvs....,31
lacks,31
"her),",31
"flogging,",31
dearest!”,31
scandals,31
relationship,31
may—then,31
impresses,31
integration,31
tightly.,31
thing?...,31
"robbery,",31
light....,31
seriously.”,31
age...,31
"jerome,",31
ask!”,31
spiteful;,31
intimated,31
sweetest,31
"abstemious,",31
neck...,31
"mack,”",31
“busy,31
sausages,31
"missis,”",31
leg—had,31
bridge:,31
fortnight’s,31
concise,31
victory?,31
armée,31
persuasiveness,31
amusingly.,31
him—a,31
replied?,31
battle—heaven,31
"cob,",31
repnín!”,31
clothes.,31
beheaded,31
speak—he,31
"veal,",31
"skill,",31
convictions—do,31
helpmeet,31
serving?”,31
table...,31
impulse.,31
scars,31
sloth.,31
debauchery,31
claret-colored,31
"golden,",31
"younger,",31
panins,31
ills,31
dispense,31
forward—and,31
birchwood,31
silks,31
highroad—polished,31
disillusioned,31
"worked,",31
bolkónski—she,31
“theodore,31
boulevard.,31
woes,31
objection,31
"coronation,",31
maliciously,31
balashëv:,31
émigré;,31
ostróvna.,31
charge!”,31
"agree,",31
drónushka?,31
"porridge,",31
“gabions,31
drunk.”,31
golden-tinted,31
supports.,31
"collided,",31
solutions,31
won’t!”,31
shines,31
“qu’on,31
shopkeepers,31
grandfather.,31
body?”,31
"povarskóy,",31
prisoner—take,31
"elocution,",31
champion,31
cousin?,31
mentioned),31
"sensitive,",31
seven.,31
deceptive,31
"administration,",31
"mechanism,",31
"diplomacy,",31
shudders,31
"tomowwow,",31
"whetstone,",31
"crafty,",31
dancer’s,31
bath...,31
beneficent?,31
lives.,31
woolwork;,31
d’ordre,31
overseer),31
"migrated,",31
hercules;,31
1806?,31
legitimist,31
will—his,31
20%,31
refilling,31
distraction!,31
startled.,31
began—at,31
upraised,31
quarters.”,31
lesson.,31
"fist,",31
“it’ll,31
brilliance,31
fingers!,31
“woman,31
annette’s?”,31
doubts.,31
haze,31
confess.,31
incomprehensible—the,31
stint,31
idleness?,31
management.,31
evils.,31
convictions.,31
sleeves.,31
"thirty,",31
reconstruction,31
beloved.,31
pinned,31
"retainers,",31
legs!...,31
apollón,31
“other,31
jolies,31
(god),31
"yawn,",31
“royalty,31
flaunt,31
grumbling.”,31
attack—knew,31
"languor,",31
140,31
"hastily),",31
wetu’n,31
while—instead,31
"folks,’",31
églises,31
"happen),",31
tow,31
cruelty...”,31
hilly.,31
anywhere!”,31
eagle”).,31
slaughtered,31
knyazkóvo.,31
maimed,31
"cowards,",31
"lifetime,",31
“become,31
"waste,",31
fainthearted,31
"cells,",31
appease.”,31
"holds,",31
savage.,31
fear!”,31
loving.,31
katie!,31
goliath...”,31
"deposition,",31
17,31
"“platósha,”",31
malignant,31
"schemes,",31
smoke.”,31
"institutions,",31
azor;,31
"hindrance,",31
rascals!...,31
prowl,31
switzerland.,31
scouting—was,31
"blocked,",31
"played,",31
facts—that,31
property—that,31
"praise,”",31
farmer:,31
elusive—the,31
crimes—make,31
1.e.3.,31
gutenberg-tm's,31
whirl!,31
"‘girl,’",31
"revoir,”",31
radzivílov.,31
"dignified,",31
share?”,31
dutiful,31
"intimacy,",31
same?,31
confined?”,31
general....”,31
"bower,",31
archduke.,31
"colonel,”",31
sped,31
why—rode,31
relishing,31
"accord,”",31
‘perhaps.’”,31
prizing,31
"closing,",31
blocked?,31
caissons.,31
"shaving,",31
sterlet,31
fool....,31
sónya....,31
"amused,",31
hotel.,31
wife—as,31
case...”,31
chargé,31
sincère.”,31
"“understand,",31
"assistant,",31
accusing,31
weib,31
minister...,31
cotillion,31
furrow,31
"agreeable),",31
blessing.,31
gone;,31
embarrassments,31
whippers-in.,31
tails,31
"fox,",31
"sónya,”",31
"destiny,",31
“else,31
"changed,”",31
sealed;,31
praised.,31
"marriage—khvóstikov,",31
"transactions,",31
trotting-horses,31
legitimists,31
hot...,31
italians,31
"possibility,",31
vault,31
late—“i,31
"auerstädt,",31
"spoon,",31
upset?”,31
turks—the,31
couples.,31
general—could,31
refuge!,31
"autocrat,”",31
flower-bordered,31
sunny.,31
people”—he,31
unconciously,31
rays!”,31
satisfactory!,31
"dressers,",31
descry,31
surprise!”,31
sufferings...”,31
1st,31
rug-covered,31
repeat.,31
"exciting,",31
loads,31
"“health,",31
arcade.,31
sir!,31
"administrator,",31
attributed.,31
"outlined,",31
seminary,31
utterances,31
force!,31
disapproval.,31
due),31
outwards,31
dawning.,31
declivity,31
light.”,31
abodes!,31
petróvich,31
on—mistaking,31
"affright,",31
“bosse!,31
messieurs!”,31
“karabákh”,31
"vestment,",31
"vice-king’s),",31
him—this,31
“cutters-off”,31
this?—that,31
"questionably,",31
start:,31
"viewing,",31
bane,31
feasible.”,31
mad?...,31
"gone,”",31
more”,31
“madame,31
stake.”,31
be.”,31
suffering.”,31
father—who,31
onerous,31
ruby,31
deathbed,31
down:,31
bâtard!”*,31
wetting,31
"almighty,",31
"america,",31
scoundwel,31
liar!”,31
rostóv?,31
guns!”,31
tunics,31
daren’t,31
pillaged—they,31
"doll’s,",31
"settle,",31
kuzmích’?”,31
maidservants’,31
waitresses.,31
"expecting,",31
tsar!,31
gentleman—evidently,31
"majesty,’",31
tolstóy,31
"ran,”",31
"difficult),",31
trouble...,31
proved?,31
with!”,31
cooks—who,31
ba’cawolla—i,31
"swelled,",31
overboots,31
rapped,31
nephew—and,31
canteenkeeper,31
oaths,31
saucer,31
"creatures,",31
"device,",31
23rd,31
dogs—my,31
"upland,",31
distant—in,31
soiree,31
generous.,31
enchantress!”,31
worry.,31
businessmen,31
rustan.,31
capabilities,31
"intricacy,",31
sultry,31
biretta,31
120,31
merchant-class—les,31
gypsies’,31
"interesting,”",31
fodder!”,31
"chickens,",31
eating.,31
first!”,31
“co-o-om-pa-ny!”,31
hearing;,31
propriety.,31
signature,31
vous-mêmes;,31
"hypocrite,",31
fought?,31
moscow—which,31
peasants—even,31
“anyhow,31
widely!”,31
chivalry!,31
"chinese,",31
touched—himself,31
volumes,31
"stationary,",31
semënovsk—his,31
"shameful,",31
ranks—the,31
given.”,31
"recommenced,",31
slave!”,31
broadsheet.”,31
corpses.,31
leppich’s,31
regions,31
"“quartier,",31
“forgive...!”,31
spain.”,31
stallions,31
favorite:,31
visitors;,31
profoundly.,31
comprehend.,31
iványch!,31
abounding,31
flabby.,31
"reliable,”",31
compassion.,31
hurrah-ah-ah!”,31
indefinite—a,31
‘poleon,31
equipped,31
wandered—evidently,31
"interpretations,",31
suspected.,31
servants—the,31
overstrained,31
postulating,31
approximately.,31
"unexpressed,",31
attack!”,31
there:,31
"king,”",31
"equality,”",31
‘women,31
callers.,31
behaves,31
mamma”,31
worming,31
inexhaustible!,31
facilitating,31
contain;,31
"lessons,”",31
leather-covered,31
general...,31
parade....,31
sworn,31
mines,31
"brumaire,",31
atmosphere.”,31
dead—why,31
“well!,31
cry.”,31
then?...”,31
"kaská,”",31
"scotfree,",31
nicholas—don’t,31
"debt,",31
i.o.u.?”,31
souza.,31
emblem,31
d’affaires.,31
you!’,31
journeys,31
alësha,31
degwaded?...,31
pavilion.,31
breeze.,31
self-assurance;,31
forgive.,31
rostóva;,31
joyousness,31
rest:,31
grated,31
eight.,31
"saddlebow,",31
forepaws,31
hunted!,31
tray.,31
lighted.,31
"protection,",31
hard;,31
heaven.”,31
"“madam,",31
bare-legged,31
correspondence...,31
preceptor.,31
"limb,",31
dinner?”,31
peace!”,31
drought,31
thus:,31
paralysis,31
"juniper,",31
can....”,31
soldier!,31
sensation.,31
wheeling,31
spades,31
“interesting.”,31
honored.,31
meeting!”,31
deranged.,31
marshy,31
circlet,31
berthier’s,31
friedland—yet,31
croaked,31
"swiss,",31
lower-grade,31
bêtises.,31
tapestries,31
carts!,31
miss?”,31
court;,31
(grave,31
event!”,31
both....”,31
kneading,31
one—least,31
"incendiary,”",31
"accidentally,”",31
“christian”,31
koutouzov:,31
workingmen,31
inscribed,31
nuisances,31
"task,",31
subjugates,31
concerns,31
want...”,31
alarms,31
vílna—not,31
stark,31
seethed,31
faith...”,31
logic.,31
ami?”,31
needed.”,31
"apex,",31
theories—that,31
phenomena—the,31
arranged.,31
filling.,31
rearrangement,31
“napoleon,31
"apparent,",31
mikháylovna?”,31
precious.,31
"forks,",31
"implicitly,",31
dieu,31
chair—stood,31
march.”,31
hawk,31
avez,31
vivat,31
flag...,31
bridles.,31
"shelter,",31
injunction,31
“faster!”,31
losses.,31
petite,31
play-acting!,31
“ahahah!”,31
dog.”,31
"solitary,",31
hand”,31
chaos,31
"insolent,",31
peddler,31
self-examination,31
bade,31
"self-possessed,",31
"prusse,",31
"squeeze,",31
tour.,31
approval.—so,31
bonne,31
nonsense—old,31
“reception,31
stories.,31
thirty-one!”,31
“here!”,31
conjecture,31
boston.,31
stubble.,31
benefactors.,31
daughters!,31
him—from,31
"“disgusting,",31
"treacheries,",31
swift.,31
equestrian,31
“viva,31
pitch.,31
hopelessly,31
wield,31
“anybody,31
conjectures.,31
war!”,31
gilt-edged...,31
bombardment.,31
moscow....,31
cough—the,31
thiers.,31
don.,31
gewiss,31
"dutch—hungry,",31
"elements,",31
"few,",31
commiserating,31
cheap,31
up—and,31
perishing.”,31
parlor—the,31
"“mine,",31
rustled,31
square-set,31
"arched,",31
towers,31
rascal?,31
cities.,31
questioned.,31
"thomas,’",31
propriety’s,31
"suggestions,",31
wretches?,31
name),31
crackle.,31
innermost,31
"couple,”",31
freedom?”,31
"witchery,",31
elsewhere—in,31
conceivable,31
grandfathers,31
forsake,31
"d’estime,",31
drinks,31
“zat,31
consultation;,31
coat?,31
beast....,31
"strauch,",31
“walk,31
yourselves.,31
commission.,31
"save,",31
bank?”,31
sharpshooters.,31
apt.,31
properly.,31
"possessor,",31
pearl,31
"improved,",31
cringe,31
"lackey,",31
"tight-laced,",31
though;,31
weak.”,31
prevalent,31
chief?,31
officer—wounded,31
"reserve,”",31
petticoats,31
hothouses.,31
nom...!”,31
slaves?,31
cher?,31
sculptor,31
"intentions,",31
"shrinking,",31
"s.,”",31
cold.”,31
labyrinth,31
tonight?—but,31
rooms—with,31
"cotillion,",31
expression.),31
ilágins,31
easy!”,31
“rides,31
gracious!,31
haven.,31
anybody!”,31
business!,31
tilted,31
"sainte),",31
colonel).,31
number.,31
defiled,31
lawless,31
threescore,31
"besashed,",31
"d’alexandre,",31
notions,31
muttered:,31
princely,31
"burghers,",31
unentrenched.,31
countryman!,31
exist....”,31
killed:,31
black—probably,31
eagles,31
comprenez,31
matter.”,31
nonsense....”,31
"porch,”",31
vividness,31
wanted—when,31
reality),31
girdle,31
ivory;,31
self-sacrifice—all,31
man—not,31
"various,",31
“raising,31
assignation,31
"pale-faced,",31
vous!”,31
"fuller,",31
anguish,31
twenty-seven,31
foul-mouthed,31
kits!”,31
remembering;,31
"petty,",31
deal—there,31
rapture.,31
place:,31
still-higher,31
"individuality,",31
research.,31
stale,31
patroness.,31
touche!’’,31
joyfully;,31
"undergraduate,",31
borís!,31
reading—the,31
jacquot.”,31
greediness,31
"harp,",31
"alight,",31
strategically,31
rat”),31
apple.,31
mortier?,31
rascality,31
eat.”,31
truce.,31
none....,31
“retire!,31
"assurance,",31
churlish,31
"katie’s,",31
pomade.,31
“humbug!,31
bezúkhov),31
sea.,31
“gracious,31
sterlets?”,31
freemasonry?”,31
length.,31
companion;,31
nicholas”,31
"patients,",31
exasperating,31
genius—speránski.,31
antónovna!,31
“daniel!”,31
sideways!,31
"melyukóvka,”",31
he?...”,31
shifts,31
yet—yes.,31
consolation.”,31
fashion....,31
choir?,31
"disgraced,”",31
speak!,31
bent.,31
tone.”,31
hand?”,31
welcome.,31
humiliation.,31
unexpended,31
suggested—on,31
"humane,",31
"happily,",31
wonderfully,31
130,31
floated,31
timidity,31
"beekeeping,",31
compensation.,31
“rentrez,31
“save,31
"voir,",31
wonderful!”,31
agate,31
perish!”,31
wound?”,31
ha-ve,31
shimmering,31
starve,31
ukranian,31
fugue—though,31
boiler,31
gone—to,31
orël—where,31
"axes,",31
sources—the,31
him—of,31
"pope,",31
detest,31
puckered.,31
mistress—entered,31
"interposed,",31
subjugation,31
incidents.,31
compilation,31
befitting,31
condé,31
africa?,31
diplomatist?”,31
"frill,",31
"pocketbooks,",31
"blundered,",31
voices;,31
wringing,31
julie?,31
trouble...”,31
pitchfork,31
clang,31
"circular,",31
expressing...,31
simple:,31
stupidity:,31
toilets,31
facetious,31
daughter—at,31
"begins,”",31
“tafa-lafa!,31
tea!...”,31
molière’s,31
one—let,31
hieroglyphics.,31
women?”,31
testament,31
german—i,31
silk-embroidered,31
"flowers,",31
belying,31
disillusionments?...,31
bright:,31
hunched,31
go!...,31
"after,”",31
rickety,31
"buttermilk,",31
wait....,31
unfaithful,31
execution.”,31
yesterday—we,31
reasons!”,31
glasses;,31
"matrëna,”",31
enviously.,31
him—“did,31
(made,31
barrels).,31
"chancellor,",31
barbarous—monstrous,31
"tens,",31
chasseurs.,31
him—though,31
offahd,31
awe-struck,31
falsified,31
piebald,31
floundered,31
"impulses,",31
badly!”,31
vánka,31
him?...”,31
“caps,31
well—only,31
continually.,31
fatale,31
stupidity.,31
"acres,",31
tortoise.,31
"crosart,",31
kirílych—isn’t,31
hard!”,31
study?”,31
lifetime.,31
"‘boyars,’",31
commands?,31
hopeful,31
sand—spread,31
‘fire!’,31
"round-shouldered,",31
(imagining,31
eckmühl,31
muskets;,31
maggot,31
translucently,31
pass....,31
dated,31
quarte,31
kiev.,31
mummy!”,31
easing,31
"overthrow,",31
end:,31
zaletáev!”,31
mistrustfully,31
vicinity.,31
unfortunates,31
dimensions;,31
liver.,31
still-existing,31
tutti,31
forgotten—gazed,31
awaked,31
man—seem,31
free;,31
grippe;,31
loses!”,31
"tugged,",31
"nickname,",31
london—could,31
"“tonight,",31
hands....”,31
"intemperance,",31
moved;,31
sharper-eyed,31
maxim,31
devil’s,31
i’d...,31
loading.,31
damp!,31
hacking,31
gentlemen—i,31
"gasconades,",31
measured.,31
"backs,",31
intelligent.,31
"advance,”",31
"undivided,",31
quelle,31
important...”,31
iványch.,31
"stretcher,",31
noble!,31
‘everyone,31
"reconciliation),",31
exasperation.,31
together?,31
house—seeing,31
divided.,31
equipage,31
innumerable.,31
"amie,”",31
"naïvely,",31
thrilled,31
"awkwardness,",31
war’s,31
"ground,”",31
plank.,31
emperor?...,31
ambassador.,31
behindhand.,31
"acquainted,",31
appraised,31
seriousness—“i,31
brigade—gave,31
lope.,31
three.,31
"herself,”",31
horseback—raised,31
"ambition,",31
silent!,31
"horrified,",31
saying!,31
passport?,31
anatole?,31
closest,31
napoleon:,31
incompetent,31
“assure,31
"printed,",31
meekest,31
battleground,31
quiet!”,31
present!,31
"dirty,”",31
forthcoming.,31
repelling,31
mortify,31
"confined,",31
inditing’...,31
depicting,31
"dubiously,",31
left!...,31
tingle.,31
"belliard,”",31
"instruction,",31
snow-white,31
expression—of,31
spree.,31
removed?”,31
lodgings!,31
"wick,",31
curve,31
originated,31
unwound,31
‘that’s,31
equipages,31
"liberated,",31
pieces!”,31
9.”,31
haze.,31
"batteries,",31
"suppositions,",31
cudgels,31
equation,31
“grand”,31
“mummy!...,31
dignity—napoleon,31
musketeer...”,31
peasant!”,31
auerstädt.,31
"dominion,",31
uncomplaining,31
digest,31
enchantress.,31
fussed,31
organs,31
"malcontent,",31
unhappily,31
fondest,31
self-evident,31
self-cognition,31
"invincible,",31
joke;,31
because....,31
was—expressed,31
"sternness,",31
crowded.,31
young-looking,31
reddish-yellow,31
fondness,31
knows.”,31
“smart,31
dandies,31
"battery,”",31
ground;,31
ax:,31
burning!,31
mutter:,31
that”),31
thought!...,31
alley!”,31
dial,31
school,31
glimmer,31
sovereigns’,31
place!”,31
flop,31
"decision,”",31
flower;,31
wecollect,31
duets,31
morality.,31
priority),31
"enthusiasms,",31
nom,31
parts:,31
affair:,31
être,31
supplemented,31
divined.,31
scrutinizingly,31
bush.,31
stuffy.,31
"feebleness,",31
list?,31
territories,31
think—especially,31
recur,31
much;,31
"“troubles,",31
bubbles,31
"print,",31
bended,31
“wherefore?”,31
"virile,",31
sauntering,31
canon,31
thunderclaps!”,31
finish:,31
"utensils,",31
cossacks;,31
books!”,31
"salute,",31
"chigírin,",31
"exchanging,",31
"expanse,",31
ridden.,31
at),31
"withdrawn,",31
sophism,31
“ignorant,31
knock.,31
evening—without,31
"varvárka,",31
gloomy-faced,31
soldiers—like,31
claret,31
"cottage,",31
andrew—spoke,31
peace—a,31
"cooked,",31
indecent,31
"booty,",31
"usually,",31
"unsaddling,",31
"trickled,",31
grumble,31
duke!”,31
great.”,31
adulation,31
frost-bitten,31
expletives.,31
"“jackdaw,”",31
reoccupation,31
stung,31
whims,31
"nitrogen,",31
inconveniencing,31
occupied—that,31
"alexanders,",31
things:,31
peaceably,31
exporting,31
indemnify,31
paperwork,31
"unintelligible,",31
“liberty,31
starting?”,31
ago?”,31
"sunset,",31
astonishing.,31
dmítrievna!,31
prepared...”,31
descendant,31
reverence,31
"subaltern,",31
‘dear,31
official.,31
exquisite,31
rivulet,31
ourselves!”,31
"outbuildings,",31
martyrlike,31
amélie”,31
‘albanians!’,31
rostóv).,31
"schwartzenberg,",31
knitting.,31
ribbons.,31
“mamma!...,31
goatskin,31
sincerity—not,31
initiation,31
statutes.,31
proprietors,31
“andrew!”,31
water...,31
sharpshooter,31
"straighter,",31
mufti,31
"soldiers,”",31
"firs,",31
reasonable.”,31
tonight?”,31
profile.,31
thought!...”,31
halves:,31
"knew,”",31
pursuit—the,31
"grass,”",31
authoritatively,31
days;,31
“gee,31
"heedless,",31
"sensitive,”",31
dawdling!”,31
"disagreeably,",31
scythia,31
track.,31
censuring,31
enemy—that,31
"tale,",31
litany,31
triumph?,31
bulk,31
nap.,31
mouths.,31
"treasury,",31
don.”,31
wealthiest,31
it—ensure,31
"icon),",31
cruel.,31
"message,",31
sorbier,31
túchkov;,31
disorder....”,31
led.,31
conjugal,31
gruff,31
cases.,31
germans?”,31
"suburb,",31
ignát?”,31
circled,31
famished,31
inaction,31
worshiped,31
"called),",31
cloud.,31
nikoláevna,31
"d’âme,",31
sónya—if,31
halt;,31
gros,31
sutler,31
legged,31
“karatáev!”,31
coming—called,31
together—shove!”,31
quatre!,31
de-tra-va-ga-la”,31
vílna”,31
storm-tossed,31
present-day,31
divide,31
virtue’s,31
“papa,31
foi,31
amusement.”,31
"x,",31
service—the,31
grow;,31
"émigrés,",31
"longer,”",31
"education,”",31
pear-shaped,31
clink,31
“marlborough,31
"alternately,",31
losses?”,31
melk;,31
"hofkriegsrath,",31
“kurágin,31
cuffs,31
soul-stirring,31
door?,31
"deafeningly,",31
sótnya,31
rule—not,31
"addressing,",31
rode.,31
free.’,31
vyázemski—did,31
friend—”,31
unappreciated,31
thrashed,31
undertone,31
badly.”,31
can!,31
straightforward,31
unpardoned.,31
"knuckles,",31
"price,",31
consent....,31
price!,31
"doubled,",31
this...,31
"ford,",31
untruth,31
moonlight—the,31
funny—but,31
chromatic,31
rapturously.,31
"frauds,",31
slave.,31
"disrespectful,",31
fires;,31
preoccupied.,31
fathers!,31
divest,31
sónya?,31
wetweating.,31
gibrard’s,31
color;,31
"generals—davout,",31
abandonment.,31
stomach.,31
life—the,31
‘bravo!’,31
rejection,31
mention.,31
downfall.,31
remounts.,31
blonde.,31
viands.,31
ineffectiveness,31
frolic,31
october:,31
crossway.,31
"stature,",31
two—or,31
"name,’",31
wonder-worker,31
girths,31
bridge”;,31
"footgear,",31
gunpowder.’”,31
rusty,31
standpoint.,31
"comprehend,",31
now;,31
affairs—which,31
caution,31
"give,",31
"resultant,",31
seclusion.,31
exists.,31
proprietary,31
profits,31
"identify,",31
"toyshop,",31
imperials.,31
smokers,31
“trust,31
edifying.,31
exaggeration,31
"tell,”",31
alone—for,31
"oval,",31
timókhin!”,31
mistake!”,31
victoire,31
“hurrah—ah!—ah!”,31
“hur-a-a-a-ah!”,31
richer,31
"merci,",31
(but,31
means;,31
best!”,31
followers,31
family—the,31
manhood.,31
honor—that’s,31
slab.,31
dearest!,31
unpacking,31
speaking?,31
cold-shouldering,31
"regulations,",31
now—i,31
"slips,",31
dignity?,31
path’—we’ll,31
natásha),31
"“ma-da-gas-car,”",31
"maid’s,",31
trop,31
"charmer,",31
transported,31
forgiving.”,31
trial.,31
chapter:,31
raving,31
compatriots,31
defended),31
"subside,",31
vient,31
"“home,",31
happiness—the,31
commanders’,31
center.,31
shirts.”,31
menacing.,31
globe—to,31
(strange,31
glint,31
lathering,31
hit....”,31
bavarians.,31
married...,31
disputing.,31
spaciously,31
parisian!,31
"sparks,",31
someday...,31
fruitless.,31
thursdays—today,31
festering),31
understand—and,31
voted,31
twenty-fifth.,31
chance?”,31
"determination,",31
kiril.,31
chatting,31
denísov’s.,31
monster.,31
"“filez,",31
she...,31
quatre...”,31
“ke...”,31
"luxuries,",31
"freedom,”",31
egotistic.,31
"narrative,",31
higher.’”,31
societies!”,31
untidiness,31
inopportune,31
“three!”,31
best—recollections,31
“serious,31
restatement,31
applies,31
(whether,31
"ape,",31
drowns,31
"languidly,",31
villeneuve,31
horrid.”,31
apartments?”,31
operate,31
"straggling,",31
suppress.,31
wetched!,31
neighing,31
taken:,31
consider!,31
shouldering,31
employing,31
head:,31
“lay,31
longer.”,31
"pávlovich,",31
dohktúrov,31
fédchenko,31
"decks,",31
latitude,31
"“waiting,",31
peterkin—and,31
antagonists,31
paces’,31
her).,31
impossible...,31
"lifelessly,",31
mails,31
proprietor,31
"unescorted,",31
(while,31
away—taken,31
commands.”,31
restful,31
unconcern,31
eradicate,31
pluie,31
"bluff,",31
scorning,31
hare—and,31
"glowed,",31
"medicine,",31
métivier?,31
"maxims,",31
sweetness,31
admonishing,31
"thefts,",31
"pomp,",31
incitement,31
expounded,31
"self-conscious,",31
6,31
"service),",31
"minister,",31
implanting,31
awakened.,31
rarefied,31
flank.”,31
muddles,31
“extend,31
"chivalry,",31
crows!,31
cavalry:,31
"fiery,",31
battle:,31
"genevese,",31
strategics,31
(kutúzov,31
"malásha’s,",31
agree?”,31
petitioners.,31
apron.,31
‘they’?,31
darling....,31
information....,31
sabers!”,31
long-haired,31
"mokhaváya,",31
say...,31
"september,”",31
glow.,31
piti-piti-piti,31
"dagger,”",31
applicable.,31
on—and,31
rubbish.,31
dragnet:,31
events—sometimes,31
seeking.,31
"trésor,",31
rouged,31
angrily—“that,31
brigands,31
dukes.,31
(again,31
"shrines,",31
peasants?”,31
bashfully.,31
thinking?”,31
"“finished,",31
mine!,31
you),31
genius—napoleon.,31
"tranquilly,",31
"plasterers,",31
coexisting,31
austro-prussian,31
"appears,",31
"\"right",31
damages.,31
celebrity,31
royalist,31
bragging?...,31
"bóry,",31
remark—and,31
playfully,31
"voisinage,”",31
"particularly,",31
bold!”,31
miwacle.”,31
"arrest,",31
"mean,”",31
"sir,’",31
latrines.,31
"seat,”",31
cross-legged,31
congratulation,31
sip,31
looks),31
trepidation.,31
obsequious,31
"kobelnitz,",31
rotary,31
majestic;,31
bilious,31
"sabretaches,",31
lies...”,31
alive—live:,31
"players,",31
profited,31
alliée,31
"journeys,",31
humbly,31
(pierre’s,31
"prochain,",31
pitiless,31
impotence.,31
principe,31
24th,31
ball;,31
"declining,",31
class—the,31
"mustn’t,”",31
"forty,",31
"ours,”",31
already’?,31
damp.,31
"madagascar,”",31
"husband’s,",31
powerless—to,31
"candidly,",31
"tournament,",31
delivered.,31
"french),",31
cringing,31
trickle,31
reconciliation,31
"considers,",31
theorist-generals,31
it—set,31
“mount”,31
"campaigning,",31
wobbahs....”,31
"still-green,",31
heeding.,31
enthusiasm—news,31
region—powers,31
certain—that,31
discharged.,31
campaign?”,31
(grouping,31
agents,31
"him,’",31
teemed,31
"unnamed,",31
frivolous.,31
“puff!,31
jocularity,31
occurring.,31
divorced,31
"“possibly,”",31
it”,31
"consider,”",31
natásha’s.,31
wait...,31
insurrection,31
“thrice,31
battle...,31
sushchévski,31
"governor,”",31
lives!,31
“sharpshooters,31
"battens,",31
oká,31
"pakhrá,",31
spree,31
basil,31
“looting,31
"sand,",31
callous,31
immortal,31
"bridle,",31
horses.”,31
disbanded.,31
plans—the,31
"impenetrable,",31
peur,31
stamping,31
swaggerer.,31
"variance,",31
frosts—and,31
"becomes,",31
"never,”",31
not—but,31
"soul),",31
father—prince,31
"philosophers,",31
power—and,31
locomotive.,31
jingle.,31
1.f.1.,31
mississippi,31
widger,31
none.,31
ourselves”,31
dressed.”,31
18th,31
nothing—or,31
generation:,31
manners!,31
"and-so,’",31
nikoláevich;,31
nestlings,31
"witness,”",31
wealth?”,31
handkerchief),31
bacchus.”,31
"ferdinand,",31
“ugh!,31
"rubbed,”",31
morning?,31
london,31
"bridgehead,",31
me—fit,31
successfully.,31
soldiers—wounded,31
“shouldn’t,31
mill,31
smart.,31
"sailing,",31
hungry.”,31
might...,31
who—dreading,31
acquaintance?”,31
allait-il,31
nag.,31
pretty—so,31
"met,”",31
"transitions,",31
"search,",31
workshops.,31
"slumbering,",31
putrefaction,31
"intruding,”",31
lázarev?”,31
"day),",31
grade.”,31
emulation,31
often....”,31
“whenever,31
mead,31
"canter,",31
rut,31
"problems,",31
to—you,31
cold),31
"dark-blue,",31
assembling,31
contemporaries.,31
tissue,31
negotiations.,31
germany....,31
superstitions,31
recess,31
abnormal,31
gentleman!”,31
fo’gotten,31
otkupshchík.,31
unshakable.,31
weepers.,31
signed.”,31
"cleverness,",31
chopped,31
can!”,31
rivers—was,31
"censers,",31
"lisping,",31
commend,31
high—depends,31
indefinable,31
nations!,31
acid,31
roomier,31
slipped.,31
"tightened,",31
"seemed),",31
sales,31
going?...,31
vieux!”,31
"ecclesiastical,",31
"thoughtfulness,",31
vessel—acted,31
strewed,31
fleas,31
braced,31
detachments?”,31
chastened,31
habits:,31
elastic,31
hardship,31
detaching,31
dead—where,31
wood.”,31
salver.,31
temporarily—he,31
booths.,31
pushes,31
perceives,31
"abate,",31
"manures,",31
precautions,31
ashamed!,31
i—and,31
"suppose,",31
rear.),31
necessity;,31
"accessible,",31
s/he,31
‘put,31
dólokhov!”,31
"sergéevich,”",31
badly;,31
mess?”,31
"sentiments,”",31
leave:,31
"saviour,",31
"possible,”",31
"pride,”",31
bluish-gray,31
think...,31
red-roofed,31
contracted,31
decisive?,31
"flayed,",31
"detachment,”",31
important.”,31
"self-preservation,",31
"nasty,",31
"man),",31
"continuously,",31
yourself!’,31
slopes.,31
butts,31
"saluting,",31
cheery,31
“laughing,31
e’en,31
befriended,31
word—an,31
vulgarity,31
"slab,",31
beginning!”,31
"cowhouse,",31
(smiling,31
"“bank,",31
“wine?,31
wobbewy...,31
girth,31
faces—that,31
sous,31
formulating,31
shortened,31
sincere.,31
boy!...,31
pad,31
posts;,31
“i?”,31
feelings.”,31
dunyásha;,31
"despised,",31
"capable,",31
disagreeably,31
tickle,31
‘still?’,31
bothnia,31
subject;,31
frenchwoman.”,31
intriguing;,31
"tumblers,",31
spears,31
"bump,",31
"matins,",31
"spellbound,",31
ou’,31
"unsuccessful,",31
act!,31
widows,31
"pig,”",31
hailed,31
wreaths,31
yankóvo.,31
excusing,31
obtrude,31
contributions.,31
“position”,31
corrections.,31
"initiative,",31
examination.,31
buds.,31
"repugnance,",31
hamburg,31
entrances,31
"contradicting,",31
taken...,31
“murderer!”,31
prison...,31
sinning?...”,31
guard—if,31
"talma,",31
"compassionately,",31
conflagrations.,31
austrians:,31
wrote),31
mythological,31
education.,31
stromílova,31
"secured,",31
mornings—what,31
overcoming,31
"exclamations,",31
dreadful:,31
davýdov’s,31
dry.”,31
rubbishy,31
"crack,”",31
persevering,31
investing,31
"‘but,’",31
"“ke-e-e-e,”",31
effect:,31
be....,31
impossible!...”,31
concessions,31
"arshin,",31
began).,31
reacted,31
origin);,31
really”,31
fellows....,31
spurs.,31
humanum,31
liffs,31
translation,31
congratulating,31
skill?”,31
banteringly,31
"reproached,",31
"due,",31
regiment—instead,31
epaulettes.”,31
bower,31
scurry.,31
‘heaven,31
sixty-six,31
fugitives.,31
blamelessly,31
"forgetting,”",31
diplomat.,31
"miniaturist,",31
unbuttoning,31
pride...,31
"disagreeable,",31
"lichtenstein,",31
got!”,31
memories—and,31
emperor?),31
ferons,31
field!”,31
"pleases,’",31
"unnaturally,",31
prediction,31
four).,31
inertia,31
recognizable.,31
contradict.,31
for—i,31
confused),31
intervals;,31
red....”,31
intriguer,31
julie—whose,31
lovingly.,31
disquieted,31
now—there,31
"flurried,",31
"conducted,",31
"taciturn,",31
"subject),",31
"muddled,",31
do—nonsense....”,31
empewah?,31
nevérovski’s,31
town?”,31
"collapsing,",31
intimidate,31
drinking?”,31
nephew.”,31
folk?”,31
spruce,31
"sting,",31
circumspection,31
"contained,",31
známenka.,31
dizzy,31
alive?...,31
"“voyons,",31
“colonel,31
twenty.”,31
mother!”,31
cautiously.,31
major-general,31
bagovút’s,31
disdaining,31
decreases.,31
infringes,31
prisoner?,31
knife?”,31
bosse.,31
hand...,31
"jackdaw,",31
nitrogen,31
bought.,31
imply:,31
‘three’...,31
"history),",31
interconnected,31
"geographic,",31
ebooks.,31
"self-satisfied,",31
pierre...,31
"wars,”",31
vocation.”,31
feasting,31
"does,”",31
allow.,31
kutúzov?,31
signaler,31
"comrade,”",31
account!”,31
"twue,",31
krems.”,31
charges,31
“close,31
genial.,31
“desire,31
ever.”,31
satisfactorily.,31
devised.,31
"dinners,”",31
"na-tásha,",31
dispirited.,31
controlledly,31
mop:,31
"charm,",31
knows—and,31
arrived!”,31
on....,31
regiment—he,31
bogdánovna’s,31
unnatural.,31
"“enchantress,”",31
“decide,31
sir—took,31
god?”,31
life—to,31
pronunciation,31
"bathhouse,",31
antón,31
exist....,31
"stiffly,",31
letter.”,31
"reforms,",31
kochubéy’s.,31
breeding,31
dreamers;,31
act.”,31
impurity,31
second-grade,31
gifts,31
throbbed,31
"know—bolkónski,",31
forever?,31
chains.,31
delicate.,31
"girlhood,",31
“ulyulyulyulyu!”,31
“thou”,31
hard-boiled,31
natásha—are,31
"many,",31
being!,31
adorer.,31
unbounded,31
coincident,31
purposes.,31
"withers,",31
assistance.,31
day—especially,31
alexander—generals,31
fallibility,31
"pitiable,",31
sedate,31
evident),31
favorite”,31
"speech,”",31
visloúkhovo,31
target,31
joan,31
"cousine,”",31
verses...,31
involuntarily:,31
others....,31
verlust,31
"baseless,",31
"jena,",31
flaps,31
inhuman,31
disappear;,31
removed;,31
‘here,31
solomon,31
compress,31
"books,”",31
boats.,31
tsars,31
"wasps,",31
jerkily,31
engulfed,31
"evildoer,",31
oho!,31
person—and,31
meditative,31
unwrapped,31
potatoes.,31
"breeches,”",31
them—assumed,31
"grades,",31
"profound,",31
earnest,31
rout,31
trousers—furtively,31
stuff!,31
restless;,31
"stable,",31
nothingness,31
outrage,31
well—quite,31
passive,31
“hur-r-rah!”,31
loose.,31
inscrutable,31
resolving,31
"untilled,",31
iii.,31
"mushroom,",31
"observer,",31
"all-good,",31
employees,31
lake,31
necklace.,31
impossible—your,31
pestered,31
beginning....”,31
"“zat,",31
cooper!”,31
kitty,31
"pahlen,",31
or—go,31
cheek:,31
welt,31
"tomowwow,”",31
"indicated,”",31
"rank,”",31
intense.,31
"dozens,",31
left.”,31
joking!”,31
unconquerable,31
astir.,31
two-horse,31
dólokhov—now,31
"excellent,”",31
stylish,31
cynically,31
"bully,",31
looks.,31
thicker,31
bad?,31
therein,31
"beware,",31
“pardon,31
"distinction,”",31
napoleon—reaching,31
clothes?,31
country—in,31
preponderance,31
peeping,31
"dignitary,",31
unbearable!,31
expectation—the,31
unalterable,31
"mischievous,",31
outing.,31
roasted,31
be...”,31
doctor—métivier—who,31
"emphasis,",31
suddenly—like,31
ambition;,31
shed),31
comings,31
chessplayer,31
manipulates,31
psalms.,31
serfs’.,31
carting.”,31
belts.,31
"runner,",31
rimés.,31
"admire,",31
wait?”,31
‘whoever,31
strange!”,31
‘extend’,31
redoubts.,31
begun?,31
"midday,",31
killed?...,31
"catholicism,",31
gathering.,31
kirílych!”,31
surprise:,31
her—filled,31
"robbers,",31
simpletons.”),31
pierre—as,31
"sought,",31
“blockhead!,31
“sónya!”,31
"amie,",31
"parting,",31
"battle—tarútino,",31
grandeur—for,31
quests,31
bórovsk.,31
shcherbínin’s,31
barthélemi,31
vlas,31
"swamps,”",31
nut,31
friends?”,31
essentially,31
parallel,31
army—to,31
"“lower,",31
insects,31
estimates,31
had—if,31
self-control,31
loves...,31
petersburg!”,31
shopman.,31
agwee,31
"africans,",31
"luthers,",31
"voltaires,",31
apes,31
"errors,",31
1.f.2.,31
1.f.6.,31
harmless,31
quelled,31
determines,31
trifles.,31
hundred?”,31
watching—as,31
singly.,31
wishes;,31
“watching,31
“catiche,31
exposed!,31
all-powerful,31
night...”—“you,31
sighing.,31
stralsund;,31
“suvórov!...,31
tsarítsin,31
land...”,31
"minority,",31
lied.,31
gorges.,31
"“crew,",31
eddying,31
indolence,31
nonintervention.,31
moravian,31
appreciation.,31
binding),31
colloquies,31
crews,31
intoxication.,31
“enough!,31
"quartered,",31
germans’,31
fóka,31
"recalled,",31
pledge,31
rages,31
said?,31
afwaid,31
justice.”,31
upholding,31
rosenkampf,31
moment...”,31
girl....,31
natásha—“is,31
hound,31
(raw,31
almonds.,31
shrieking,31
prisons,31
"breakfast,",31
makárin),31
"shafts,”",31
"joseph,",31
"tête-à-tête,”",31
long-cherished,31
yourselves,31
when?,31
blue-purple,31
ascended.,31
packhorse,31
h,31
roofs.,31
agitated;,31
généraux,31
sophie,31
crowd),31
austerlitz....,31
“advisers”,31
added—that,31
"keen,",31
heaps.,31
scherbínin,31
invading,31
gallops,31
"itself,”",31
robe,31
her—might,31
"unattainable,",31
home...”,31
governor:,31
"circumstance,",31
"duty—germans,",31
away—alone.,31
‘all,31
night:,31
falsity?,31
wish—could,31
"attacks,",31
multiplied,31
bonfire.,31
"daddy?’—‘i,",31
"highnesses,",31
three-mile,31
"drinking,",31
spells,31
"companions,”",31
unrecognizable;,31
literature,31
"maman,”",31
elias,31
absurdity,31
varies,31
utf-8,31
scarlet-liveried,31
“bâton,31
pet!”,31
tearful.,31
rang.,31
“ice,31
softness.,31
sovereign!,31
"sweeter,",31
nature—which,31
"punctilious,",31
hommes,31
trouvez,31
accent—having,31
amongst,31
turk,31
high—i,31
collected.,31
front.”,31
sleepiness,31
what?...”,31
richly,31
width,31
pineapples.’,31
definitely!”,31
"marker,",31
allegories,31
ab,31
"reviewed,",31
farther?,31
luxuriously,31
reconstruction.,31
officer—with,31
plumed,31
“directly!,31
"swiftly,",31
port—english,31
staff—and,31
thickened,31
pounce,31
thought...,31
“him...,31
"innkeepers,",31
finances.,31
theaters.,31
who—she,31
alienated,31
away:,31
patiently?”,31
resolutely.,31
laws—laws,31
object—its,31
"charpie,",31
"quieter,”",31
freshness.,31
boastful,31
drónushka,31
top.,31
hearts’,31
"anyone,”",31
cajolery,31
gunpowder?”,31
riverside.,31
shocks,31
sauce.,31
"color,",31
“undress,31
"deserves,”",31
"allowed,”",31
spoiled;,31
fameuse,31
"dramshop,",31
overthrown...,31
"conventional,",31
"cigars,",31
dagger.,31
wish—that,31
beggar’s,31
weather;,31
lawful,31
brilliance.,31
superfluity,31
in—his,31
standards);,31
unveiling,31
train—still,31
language.,31
destructive,31
man—who,31
insurmountably,31
imagine—i,31
good—so,31
enumerate,31
goal—moscow.,31
unheard,31
mutter,31
coming:,31
mutations,31
"parliaments,",31
relapse,31
"damages,",31
indirectly,31
foreman,31
pane.,31
pitt’s,31
"flint,",31
conscious—as,31
“carrot,31
eyes—the,31
happy).,31
"squadrons,",31
hawk’s,31
fear—resembling,31
"potsdam,",31
over!”,31
aboveboard!,31
"wearily,",31
goldbach,31
restfully,31
men!”,31
warped,31
selecting,31
bagratión?,31
thwee!”,31
bravado!”,31
aime’,31
“o-ne!,31
nonsense...”,31
"váska,”",31
"“nataly,”",31
"candor,",31
“sic,31
“drain,31
transports,31
sickness.,31
this!’,31
rostóv—a,31
visibly.,31
liberal.,31
“hast,31
crawling,31
early?”,31
"consent,”",31
"merriest,",31
charming;,31
another:,31
angry?,31
still?”,31
parliament,31
grip,31
"opportunity,",31
naples.,31
"gentlemen-in-waiting,",31
kurákin’s,31
weight—“i,31
"rosier,",31
"muslin,",31
"hebrew,",31
"“tíkhon,",31
sandy,31
‘my,31
romance.,31
márin’s...,31
werden.,31
"courtesan,",31
foreleg,31
taste?,31
intrigue.,31
"divorce,",31
it—then,31
sixteen-year-old,31
boyars.,31
proprieties—a,31
"refuge,",31
gruzínski,31
"vólga,”",31
moskowa;,31
misfortunes.,31
welfare!,31
"conveyance),",31
"sacks,",31
emaciation,31
across.,31
"davýdov,",31
gwown,31
"morning),",31
"‘more-orderers,’",31
train.,31
snow),31
darling!...,31
displeasure—said,31
repaired.,31
“sometimes,31
surprised.,31
"happy,”",31
helmets,31
guided?,31
prove:,31
contiguous,31
heroes’,31
remoteness,31
($1,31
"extremes,",31
airs,31
friends....,31
imprint,31
cyril’s,31
flirtatiousness,31
horse—that,31
madeira”...,31
superintending,31
condition!,31
frightened.”,31
"helped,",31
yesterday...,31
lame,31
nesvítski!,31
numskull!”,31
"calmer,",31
"supplies,",31
frenchy,31
matvévna!”,31
"joked,",31
"oppression,”",31
gentille.”,31
mist!”,31
“late!,31
duport?”,31
festival,31
committeemen.,31
"shoot,”",31
leather-gloved,31
infringe,31
husbandry.,31
raft.,31
is....,31
hit.,31
"unsymmetrically,",31
strógonov—whom,31
embassy”,31
"chance,”",31
"self-satisfaction,",31
listless;,31
months.”,31
"chased,",31
"“anísya,",31
porch?”,31
circassian.,31
left—to,31
"adventures,",31
enchanting?...,31
"burglaries,",31
depend),31
peoples.”,31
rotund,31
responsibility?”,31
best-organized,31
disorder;,31
back—the,31
largish,31
pwiests’,31
quicker—and,31
bombs,31
ilyín’s,31
wussians,31
silly!),31
icon;,31
inviolable,31
strong.”,31
criticized—criticized,31
reverberate,31
borodinó),31
tiresomely,31
antinational.,31
"unwounded,",31
"sticks,",31
directeur,31
end...”,31
dólokhov.”,31
"seminarists,",31
conciliate,31
yard!”,31
fro.,31
outrageous!,31
count...”,31
ukáse!”,31
stink.,31
gruffly,31
lavra?”,31
belabored,31
"manes,",31
action?,31
crunching,31
plashed,31
mean—time,31
smolénsk—a,31
"maintained,",31
brutal.,31
"curtains,",31
craft,31
malvínas,31
"worlds,",31
“power.”,31
program—or,31
births,31
"modification,",31
bore.,31
orator.,31
inattention.,31
place.”,31
mouthpiece,31
"“herself,”",31
proverb?,31
saviour’s,31
conform.,31
hofs-kriegs-wurst-raths,31
"dawned,",31
neat,31
roadless,31
boots!”,31
swishing,31
afraid!,31
"defection,",31
"furrows,",31
disintegration.,31
"staying,",31
remember—i,31
soporific,31
"volkónsky,",31
derision.,31
millpool.,31
gwíska—my,31
enjoyable.,31
delusion.”,31
shuts,31
sinfulness?”,31
furies,31
enjoined,31
seniors,31
wostóvs,31
"uhlan,",31
adhere,31
emptiest,31
apathetic.,31
insistently,31
grave.,31
swims,31
"secrets,",31
tormented?,31
nicholas—“into,31
unsurpassable,31
budge.”,31
“because—that’s,31
muddying,31
pleasure:,31
often.,31
"affair,”",31
writes...,31
die!”,31
betrothed?,31
consent!,31
royauté,31
"assent,",31
enlarged,31
"extreme,",31
russians:,31
war”;,31
ostermann’s,31
low-spirited.,31
again—another,31
"execrable,",31
sunset,31
eaters!,31
kin.,31
hinder.,31
medicines—a,31
peasant.,31
flagging,31
banished.,31
whirl.,31
girdles,31
uprising,31
foes.,31
“paris—the,31
"feminine,",31
russians?,31
meadows...,31
"impostor,",31
riverside,31
seslávin,31
on—the,31
horror:,31
galant.”,31
sky:,31
cookshops,31
bribes.,31
rotate,31
flowed?,31
chance.,31
subside,31
pacifier,31
elder.,31
"trying,",31
family—that,31
"makárovna,”",31
"courts,",31
disputing—pierre,31
refutes,31
infringers,31
xvi?,31
unconditional,31
machine-readable,31
morio?,31
sugary,31
"usurper,",31
jacquot?...,31
“consider,31
“rhine,31
wiz,31
"brook,”",31
p.s.,31
neutral...,31
másha:,31
holes.,31
"advisable,",31
croats.,31
character?”,31
23,31
"peppered,",31
disgraces,31
conceived.,31
"amelie,",31
aide-de-camp!...,31
laughter;,31
"benediction,",31
feeble-looking,31
vyazmítinov....”,31
ceremoniously.,31
forward....”,31
"most,”",31
not....,31
"toulon,",31
dispositions!”,31
cheerless,31
"attractive,",31
shovel—the,31
“you...!,31
purity?,31
"huskily,",31
"lighted,",31
indulgently,31
monosyllables,31
contente,31
"d’honneur),",31
"monarch),",31
onlooker,31
"regularly,",31
immaculate,31
spain.,31
reiterated,31
comprehend:,31
family!...,31
"fresh-looking,",31
daniel’ll,31
crusty,31
squatted.,31
"quickly,”",31
blend—and,31
"melyukóvs,",31
bewitchingly,31
virulence,31
writing—not,31
"wide-open,",31
it—take,31
why?...,31
potocka,31
crowd?,31
"indefiniteness),",31
"bravery,",31
"community,",31
"jerusalem,”",31
"perspired,",31
bold.”,31
pagodas.”,31
clearer.,31
annihilated,31
"jestingly,",31
heard!”,31
(probably,31
muss,31
ago.”,31
vóyna,31
formality.,31
receive.,31
"boomed,",31
paces.,31
sovereigns.,31
"momentous,",31
(had,31
"moskvá,",31
comprehensible—it,31
men!...,31
compagnie!”,31
serious?,31
unattractively,31
michaud—quoique,31
‘this,31
"suspects,",31
him—pierre—depriving,31
surplus,31
dokhtúrov—kutúzov,31
pounds.,31
"vincent,",31
nip,31
dancing!”,31
gladsome,31
"rescue,",31
secrets.,31
"warehouses,",31
frivolous,31
influences:,31
significance—that,31
poet,31
advocated,31
gibbon,31
historians—the,31
conceptions.,31
collection.,31
"society,”",31
sovereigns?,31
indulged,31
utters.,31
state....,31
"imploringly,",31
“england,31
was?,31
doorways.,31
livelier.,31
himself?”,31
relations’,31
pretty!,31
intentional,31
“schon,31
liked;,31
regiment!”,31
him—rostóv.,31
enemy—with,31
mackés,31
possibility;,31
"menacingly,",31
"hop,",31
dream:,31
refitting,31
"decidedly,",31
long-awaited,31
child’s.,31
"guards,”",31
alexanders—bekleshëv,31
"cantata,",31
"ejaculated,",31
born?”,31
"impressionable,",31
mazurka.,31
beliefs—“i,31
religion?”,31
"many,”",31
self-sacrifice?”,31
legends,31
lending,31
diffuse,31
urúsov,31
"mávra,",31
firm.,31
"“marry,",31
hunting.”,31
"bridled,",31
unteachable,31
"enlarged,",31
doll-like,31
betook,31
news:,31
duport!”,31
betrothed:,31
"affronted,",31
told?,31
trappings,31
towered,31
matins.,31
everywhere—on,31
pettiness.,31
migrate,31
way—guewilla,31
"flaccid,",31
report—which,31
murder;,31
pernetti,31
napoleon—demands,31
fall....,31
engine.,31
"excrement,",31
coup,31
"eighteen,",31
murder!...,31
"bootmakers,",31
wings.,31
"nikólski,",31
sire!,31
"coquette,",31
pure.,31
incendiary.”,31
"sleepy,”",31
fowls,31
source.”,31
"recounts,",31
gaped,31
recuperate,31
solidified,31
adjutant),31
raisins.,31
"soldiers—ill-shod,",31
ceased...,31
praiseworthy,31
displeases,31
laocoön’s,31
discontentedly,31
coin.,31
"justifications,",31
zoology,31
arm?,31
donation,31
"rohans,",31
nymphe,31
wine’,31
boys.”,31
niches),31
same;,31
unction.”,31
vacated.,31
"routine,",31
“no?,31
"choleric,",31
parade...,31
fihst,31
retraced,31
“count...”,31
calèche.”,31
ekonómov.,31
pleased.”,31
lumps,31
chess.,31
fought;,31
years;,31
spot...,31
squadron?”,31
announced:,31
"angel,”",31
fastening,31
"harvests,",31
austerlitz!”,31
unjustly.,31
"pieces,”",31
in....,31
actions?,31
"prejudice,",31
complaint.,31
"crank,",31
suspect.,31
“das,31
“friend”,31
favor.”,31
"disposal,”",31
extremely—whether,31
minute’s,31
packs?”,31
simon.,31
"gully,",31
"bristling,",31
"covering,",31
nocturne,31
n’a,31
fiancé,31
crazy...,31
"pleaded,",31
riverbank,31
pseudo-theory,31
doctor!”,31
"latin,",31
graven,31
indicative,31
conscwiption...,31
"“ugh,",31
"catafalque,",31
pagodes,31
garrulous,31
"murmured,",31
"“dunyásha,”",31
weason,31
leaving?”,31
evstáfey’s,31
"prisoners,”",31
cited,31
spellbound,31
redoute,31
concussion,31
it—repeatedly,31
units.,31
bazaar.,31
nothing’s,31
“paris?...,31
stupor,31
"supple,",31
coincidence!,31
brusquely,31
snuggery,31
"dudgeon,",31
army—it,31
"palace,”",31
"greasy,",31
misery;,31
progressed,31
stumps,31
way:,31
"mutton,",31
“dites,31
"ronde,",31
"aglow,",31
relived,31
"sores,",31
lads?”,31
necessities,31
shrunk,31
householders,31
compassion,31
"fairness,",31
entirely—that,31
greediness.,31
said?”,31
"greek,",31
others?,31
proofread,31
"'as-is',",31
"eagerness,",31
big.,31
petulantly,31
think....,31
next.”,31
evinced,31
snowy-white,31
good-by.”,31
memoirs;,31
letter;,31
rubbles,31
"imperial,",31
ushering,31
"belliard,",31
hetzelsdorf,31
equipage.,31
perplexity—perhaps,31
fortress.,31
“alley!,31
gently?”,31
action—he,31
sorrow;,31
shouts:,31
"honorably,”",31
ah-ing.,31
"fare,",31
death?—death,31
wallet.,31
"wobbewy!’—‘wobbewy,’",31
"formed,",31
“crazy?”,31
applause.,31
drawers,31
injury,31
(madame,31
now—i’ll,31
"inhuman,",31
rostóvs?”,31
twenty-seven.,31
cymbals,31
dressmaker,31
rapidly....,31
"suggestion,",31
nothing?,31
hand—he,31
half-hour.,31
"misunderstanding,",31
naples.”,31
shed?”,31
cologne.,31
dale.,31
charms),31
elementary,31
prayer....,31
"le,",31
666;,31
officiating,31
bourienne—a,31
victory.”,31
exclusively.,31
"frivolous,",31
reasonably,31
headed,31
souza’s,31
did),31
"notables,",31
eggshell,31
officer),31
success:,31
vivants.,31
horrible.,31
lived.,31
repudiate,31
"jobert,",31
retrieving,31
(already,31
majestically.,31
sabered,31
trunks.,31
bite,31
charlatan,31
"playfulness,",31
ropes.,31
noiselessly.,31
bolt,31
mining,31
infested,31
"good-for-nothing,”",31
sutler!,31
"rabble,”",31
"described,",31
"providence,",31
standards!”,31
ice-covered,31
"overseers,",31
wronged.”,31
peoples—at,31
woman...”—yet,31
practice.,31
helena.,31
culture—in,31
"predictions,",31
updated,31
perform!,31
bag.,31
impoliteness.,31
actress’,31
delighted...”,31
frock.,31
salomoni!,31
madame.”,31
startled;,31
immobile,31
lieutenant.,31
turreted,31
"arab,",31
witticisms,31
"thaler,",31
"defending,",31
"bandoliers,",31
up?...,31
"code,”",31
clock.,31
gúryev’s,31
noble?,31
"quieter,",31
muddled,31
known).,31
instructions!,31
prussians.,31
"instead,",31
steamed,31
lodged.,31
hopelessness:,31
examinations,31
count—who,31
"fluid,",31
pet?”,31
splendidly...,31
uniform:,31
independent;,31
blessedness.,31
ulyulyu.,31
dodge,31
gentlefolk,31
"superciliousness,",31
“yes?,31
barn.”,31
margaux,31
sexless,31
shinshín?”,31
self-indulgence!”,31
must!,31
"ilyníchna,”",31
concentrating,31
kings—to,31
etiquette,31
yet!”,31
camped,31
"kopeks,",31
correcting,31
season,31
novels.”,31
redoubt—and,31
barrowloads,31
“trakh-ta-ta-takh!”,31
"tolerable,”",31
"bandolier,",31
"abdomen,",31
stomach?,31
peasants!”,31
"sufficient,",31
negroes,31
insult.,31
object?”,31
bedding—all,31
nativity,31
"careworn,",31
"b,",31
"bravo,",31
mokhováya,31
cogwheels.,31
movements—as,31
"pouch,",31
snout—on,31
beasts!”,31
conflict.,31
facts.,31
stealth,31
"pas,”",31
strategy,31
life—love—was,31
“well?...,31
"intention,",31
perpetuate,31
"rebuilt,",31
crossness,31
followed:,31
lisping:,31
"drowning,",31
"investigation,",31
deletions,31
non-profit,31
pitied....”,31
"mill,",31
"stories,”",31
vasíli!”,31
"king,",31
half-smile,31
matter;,31
"flattered,",31
cousinhood,31
"listener,",31
thirst,31
wheedled,31
forefinger,31
"suvórovs,",31
creases,31
"battles,”",31
groan.,31
send-off,31
acquaintance.’,31
worn—he,31
"nostitz,",31
danser.”,31
mad?,31
apologizing,31
state.”,31
"tenfold,",31
desire...”,31
diplomatist!,31
adjutants!,31
"villier,",31
me—yet,31
"watchword—shaft,",31
right—he,31
"agonizing,",31
"passion,”",31
"bilíbin),",31
insulting,31
foolish—but,31
self-perfecting.,31
"committees,",31
lover:,31
alternated,31
boldest,31
come—nothing;,31
"cranks,",31
judgment.,31
eyes!”,31
miles?,31
packet.,31
causes—coincided,31
coolly,31
mary:,31
rank;,31
zdrzhinski.,31
dress!”,31
"ordinary,",31
p,31
sedateness,31
"dim-eyed,",31
reciprocity,31
yankóvo,31
warfare!”,31
vile!,31
streaks,31
"lodi,",31
judiciously,31
problem—how,31
sin?,31
justifiability,31
lover-like.,31
here—officers.,31
object...”,31
podnovínsk,31
inscription,31
assistants,31
collars,31
boil,31
ruined?”,31
projected.,31
"killing,",31
unnaturalness,31
"walls),",31
"officially,",31
really....”,31
"couples,”",31
"convulsively,",31
love—boundless,31
directing;,31
accordingly.”,31
invigorating,31
dokhtúrov—that,31
infallible.,31
wogue—it’s,31
seedless,31
petal,31
sake!’”,31
"sins,’",31
busying,31
"passengers,",31
name!...,31
laughing.’,31
snuffling,31
"bits,",31
"forcibly,",31
(especially,31
locomotive;,31
visit:,31
italian:,31
madame...,31
"hercules,”",31
prim,31
but....”,31
dover,31
age...”,31
faster;,31
"enters,",31
forebodings,31
hall:,31
chafing,31
"soap,",31
chalk—as,31
“schön,31
"piles,",31
dahe,31
mother!...”,31
townsman,31
euer,31
"broadcloth,",31
spreading.,31
sprain.”,31
"anyone),",31
self-sacrifice.,31
army:,31
dinner”,31
"angel,",31
"score,",31
barcarolle.,31
best-known,31
"altar,",31
trickles,31
like....,31
twansports,31
paraît,31
self-reformation,31
superbe,31
written:,31
"unworthy,",31
yusúpova,31
cakes;,31
dead....,31
rains.,31
cupful,31
"jaws,",31
fine—well,31
year-old,31
aliment,31
quos,31
"bracelets,",31
"trust,",31
“spoke,31
lengths,31
"ivánovich,”",31
"emotions,",31
"pernetti,",31
say),31
negation,31
trace.,31
laid.,31
intensive,31
show—when,31
emperor...?”,31
unwary,31
rampart.,31
"brisk,",31
attack!,31
together—their,31
passed:,31
hinting,31
sores—his,31
"depths,",31
"melting,",31
depression.,31
"twelvemonth,",31
schwa’tz!”,31
companions.”,31
dreamer,31
karatáev?”,31
"contemporaneously,",31
“wait—just,31
excitement;,31
godfather—and,31
"instigation,",31
fan.,31
sophie—i,31
ignoring,31
refuse!,31
crush.,31
"grenadiers,",31
muttering.,31
silently—fearing,31
fire—we’ll,31
"unkind,”",31
architect’s,31
weyrother:,31
government...,31
outposts.,31
eaters.,31
justified.,31
cloths.,31
andrew—“not,31
"close,”",31
bears!...”,31
lacerating,31
senior?”,31
aimed.,31
"coffee,",31
recover.”,31
"refused,”",31
politeness:,31
"self-derision,",31
toil.’,31
officers:,31
"concise,",31
sides;,31
"spent,”",31
drawings.,31
seriously;,31
"bezúkhova,”",31
"millionairess,”",31
"stolýpin,",31
wanderings,31
"dozhoyvéyko,",31
betrothal?”,31
brownish,31
bridled,31
soft.,31
officer—comes,31
"tomb,",31
lovers—began,31
conduct.,31
dull-witted,31
mess!”,31
stëshka.,31
open-mouthed,31
date.,31
amiably.,31
tools.”,31
martyrdom,31
“use,31
"symptoms,",31
(cries,31
kutúzov!,31
resident,31
instincts,31
masters’,31
ready.”,31
welfare?,31
rioting.,31
hat!,31
“preparing,31
energetic!”,31
"swelling,",31
"diminish,",31
"reserves,”",31
gathering),31
comment,31
fathers.,31
god;,31
need!,31
subjects.’,31
ignát,31
flicked,31
"labor),",31
mère”,31
"deprived,”",31
lanes,31
military),31
"folded,”",31
"stiffness,",31
"burned,”",31
inquire.,31
letashóvka,31
“ha-ha-ha!”,31
wrinkled;,31
guerrillas,31
“wostóv!,31
diversions,31
indignity.,31
edges,31
"seems,”",31
"expired,",31
events—again,31
"hacking,",31
are;,31
remains.,31
"affinity,",31
defines,31
you!),31
amazingly,31
"effrayée,",31
spends,31
window:,31
childbearing—she,31
home—taking,31
smartness,31
solicitor),31
interests”,31
"hurried,",31
stronger!,31
salzeneck.,31
morgen!”,31
“general”,31
knapsack.,31
news!...,31
wars!,31
auersperg’s,31
further.”,31
left!”,31
sonorous,31
lannes’,31
recalcitrant,31
blushes,31
sides—”,31
insist.,31
"namesake,",31
met—coming,31
family—i,31
mimicking,31
wide.,31
staff.”,31
suvórov.,31
"clay,”",31
savary.,31
"perseverance,",31
pwovisions,31
"bloom,”",31
o’clock.”,31
"cherubini,",31
mann,31
beings:,31
“robber!...,31
establishment.,31
patter,31
"noisily,",31
defiant,31
stouter!”,31
unwillingly,31
talking?,31
muscovy,31
motioned,31
landlord,31
"build,",31
"kits,",31
exhilarating,31
elided,31
ourselves....,31
knobs,31
(barclay,31
near...,31
dunyásha....”,31
faites,31
ground—“that’s,31
return?,31
movable,31
battles—when,31
diametrically,31
retreat.”,31
grâce.,31
"designs,",31
"timoféevna,",31
tough,31
times—sure,31
repelled,31
fortune’s,31
tortured—as,31
"‘hosanna,",31
birthday,31
éclairaient,31
murder.,31
cracks,31
"accompanied,",31
go:,31
day),31
insistence,31
"incomprehensible),",31
kit,31
medýn,31
deter,31
village—“and,31
"brothers,’",31
tired.,31
"vanishing,",31
artifice,31
"because,”",31
eyes—and,31
treatises,31
"mesdames,”",31
inextricably,31
verifies,31
recognize),31
"law),",31
swing.,31
"it,’”",31
“rousseau’s,31
flexibility,31
besides!,31
feasible.,31
poor!”,31
pe,31
time...”,31
"curly,",31
"tea,”",31
petticoats!,31
point.”,31
"puppet,",31
ribbon?,31
promotion.,31
note...,31
extent...”,31
grenadiers.,31
víktorovna,31
"valets,",31
choose....,31
sutlers.,31
“arnauts!”,31
"moment”),",31
council—the,31
‘general,31
there.’,31
paltry,31
amulet,31
scripture,31
moment.),31
me?”—said,31
"15,000",31
relics?”,31
dinner—i,31
lavrúshka—that,31
"ma’ch,",31
leafy,31
worthily.”,31
squires,31
matters;,31
complimented,31
fair;,31
"jowl,",31
packs:,31
them—he,31
negro,31
clown,31
suppose.,31
retinue;,31
eyes—how,31
time—that,31
feigned.,31
praises,31
fox-lined,31
delve,31
organic,31
"mission,",31
interview.,31
"elders,",31
"broad-boned,",31
"pausing,",31
absurdly,31
"unworthiness,",31
confounded,31
simply...”,31
(whoever,31
potëmkin.,31
imperceptible,31
unchanging.,31
supposed.,31
jestingly,31
“dunyásha!”,31
“what...,31
brighter.,31
flank—and,31
twenty-sixth.,31
well-planned,31
muskets.,31
understand—that,31
yourself?’,31
vasílich’s,31
"aching,",31
nikúlins’!”,31
him—can,31
"deputation,",31
platoche,31
"colors,",31
buttonhole,31
seventy-three,31
intermittently,31
indestructible.,31
re-experiencing,31
friday.,31
"curly-headed,",31
"corrupted,",31
night?,31
beliefs,31
describe.,31
power—mere,31
regular.,31
"judged,",31
"ethnographic,",31
"holder),",31
"proper,",31
workbag.”,31
rest?,31
saucy,31
“‘the,31
wife—are,31
lombard,31
before—presented,31
“att-ention!”,31
castanets,31
staff...”,31
it”—and,31
russian—but,31
detail:,31
"approvingly,",31
elevated,31
flings,31
transportée,31
"unsoldierly,",31
jabbering!,31
blockhouses,31
carpenter,31
azóv,31
guardsmen,31
trumpeters,31
sky—the,31
"“dólokhov,",31
outright.,31
"“dearest,”",31
reawakening.,31
"perplexed,",31
"100,000",31
construction.,31
despondency,31
waters.,31
me?...”,31
"preussisch-eylau,",31
bwinging,31
passions—went,31
antipathetic,31
extenuate,31
re-establishes,31
"strove,",31
childhood’s,31
forelegs.,31
mílka.,31
shaped!”,31
dreams.,31
"metempsychosis,”",31
going;,31
"re-entering,",31
heard),31
melancholy.,31
"partition,",31
said...,31
youth!,31
room...”,31
contentedly,31
duplicity.,31
him—which,31
“adored,31
vacated,31
plateful,31
pwovince,31
bolts?,31
street:,31
ant-hill.,31
“report,31
avenue.,31
"seventy,",31
here—that,31
"“satisfactory,",31
chanters,31
saddlebow,31
welling,31
swerving.,31
"forestalled,",31
penthouse,31
so-and-so.’,31
right—i’ve,31
cells.,31
people...,31
smolénsk”—he,31
tapes,31
maimed?,31
"kazán,",31
“friendly,31
partner),31
reawoke.,31
meeting—nicholas,31
captors;,31
"shapoválov,",31
what....,31
sacristan,31
shape:,31
n’ayez,31
"merges,",31
many?”,31
wincing,31
"glances,",31
fame.,31
dull.”,31
mind’s,31
"oxygen,",31
jealousy—she,31
plain—were,31
"uttered,",31
"gesticulating,",31
favorites,31
posterity.,31
reformers,31
resistance,31
"bismarck,",31
irresponsibility,31
(does,31
deductible,31
‘faithful,31
creature.”,31
"“attendez,”",31
force.”,31
yourself....,31
"véra,”",31
channel.,31
manifessto,31
neffer,31
stirred.,31
"heel,”",31
"insults,”",31
character...”,31
drummer—a,31
“wetched!”,31
voit,31
reverential,31
“cavalry!”,31
irate,31
"trifling,",31
hm!”,31
bourienne—i,31
presumably,31
poland!,31
balls!,31
kinds:,31
sun.”,31
muddling!,31
heaps,31
drifted,31
springtime.,31
"salver,",31
obligingly,31
crouch,31
"latch,",31
squealed,31
cavities,31
confession;,31
"aims,”",31
mystery...,31
"mystery,",31
famine,31
façade,31
"manly-looking,",31
“prussian,31
pollard,31
"desertion,",31
named.,31
treasure...,31
cubs...”,31
"bookcase,",31
saw...,31
leisurely;,31
super-rogue’s.,31
"tombstones,",31
tinsel-decorated,31
power...”,31
negotiations!,31
sychophants,31
pace—rode,31
sheet!”—various,31
unpopular,31
"busy,”",31
discountenanced,31
"signs,",31
mo-o-st,31
"express,",31
exactly?”,31
kitchens.,31
discharging,31
foliage,31
adversary’s,31
"interval—“boom—boom,",31
negation.,31
gate;,31
saxony,31
misses,31
vain:,31
storeroom,31
what—still,31
"prostrate,",31
perceiving,31
württembergers,31
terrors;,31
"gazette,",31
adducing,31
"fret,",31
habits.,31
entrance:,31
officially,31
"edge,",31
camp.”,31
imaginings,31
cut.,31
choppers,31
surrender.,31
"parties,”",31
pinnacle,31
differently;,31
renewed.,31
why!”,31
"clench,",31
homme!”,31
a—the,31
"centuries,",31
inseparably,31
"downloading,",31
"vacant,",31
disinterestedly,31
"enthusiastically,",31
think?...,31
"couture,*(3)",31
"peu,”",31
"po-o-ossible,”",31
worsted,31
wafting,31
adieu!,31
vouchsafe,31
tactician?,31
"comprendre,",31
surroundings—fruit,31
traun,31
"frantically,",31
meant;,31
cadet!”,31
victorious.”,31
secretest,31
routes,31
“second,31
heels—we,31
daughter.),31
dominant,31
"households,",31
"them),",31
"betrayed,",31
gallantly,31
"throng,",31
pipe.,31
jugs,31
‘let,31
searches,31
pale!”,31
quits...,31
woot,31
"emulation,",31
"“we,",31
and—what,31
alterations,31
ways!,31
"curlpapers,",31
ejaculating,31
eternity;,31
free:,31
"indifferently,",31
"approaching,",31
"prettier,”",31
"gold-embroidered,",31
battery—which,31
thee;,31
40,31
association,31
“doesn’t,31
subject—the,31
“reinforcements?”,31
division’s,31
fled—experienced,31
"unfold,",31
taunted,31
dites,31
they...,31
match.,31
aggrieved,31
threadbare,31
acquired.,31
"frightened,”",31
wick,31
facts:,31
wound”,31
"secretive,",31
remembers...,31
first’;,31
"counsel,",31
"grandchildren,",31
shúya,31
"inexorable,",31
death—the,31
chiming,31
written—though,31
"dismantled,",31
quickly;,31
worsening,31
petróvich!”,31
"way),",31
"wight,”",31
rummaged,31
"voluntarily,",31
refixing,31
"provincials,”",31
goods—and,31
pretending.,31
pistil,31
"products,",31
always...,31
nephews.,31
postulated,31
doctrines,31
hydra,31
"short-waisted,",31
assassination,31
"supper,”",31
screamed;,31
them—did,31
repose?,31
sofa?,31
light)—were,31
arrival:,31
"“ho,",31
"leaf,",31
udder,31
"uncertainty,",31
"create,",31
bread;,31
distinctive,31
described:,31
"afternoon,”",31
where...,31
“marriages,31
"“aline,”",31
resignedly,31
last!”,31
"minuteness,",31
victor,31
triumphs.,31
traversed,31
stop?,31
grave!,31
"vaguely,",31
transparently,31
lighthearted!,31
him—also,31
"circumspectly,",31
borrow.,31
intimately.,31
"commander’s,",31
"“tomorrow,",31
glorious!,31
springtime,31
“gentlemen,31
page”,31
moderately,31
bedclothes,31
particulars,31
unattractive.,31
marry....,31
variations.,31
"fowl,",31
obstinacy,31
latecomers,31
married....”,31
famous.,31
deviation,31
retention,31
ostermann-tolstóy’s,31
maladies,31
servants!,31
"bundle,",31
cabs,31
cartload,31
hills.”,31
interlocutor,31
inconsolable,31
"bucharest,",31
angle—so,31
"soul—vividly,",31
gay!”,31
now—with,31
eggs...,31
"falcon,",31
assemblies,31
cells,31
"pressing,",31
"quartier,",31
"“tut,",31
missed!,31
"consciousness,",31
"path,”",31
bishop’s,31
plottings,31
cossacks),31
dysentery),31
"dokhtúrov,”",31
renowned,31
impassable—there’s,31
hungry!”,31
"donc,",31
cup.,31
campfires;,31
sunrise,31
vitality—the,31
"ecstasy,",31
overfed,31
sweet!”,31
grand-patience,31
"trance,",31
cobwebs,31
reading.”,31
news.”,31
observant,31
chère!,31
mamma...”,31
"begging,”",31
housemaid...,31
“vile,31
vice—idleness,31
"know),",31
marriages:,31
eye?”,31
“wetched,31
“true,31
around...,31
killed?”,31
"definite,",31
foretaste,31
interview?,31
yawning,31
dams,31
merciful....”,31
"helpless,",31
nonsense...,31
"gentleman,”",31
potsdam.,31
feverish.,31
siberia—and,31
reassigned,31
decisions;,31
gweat,31
"“túshin,",31
sleep?,31
"convened,",31
all-embracing,31
"rush,",31
peas,31
dangereux,31
"andrew’s,",31
"praise,",31
rough-shod,31
dominated.,31
shah’s,31
"tver,”",31
happened;,31
resolute—they,31
"protruding,",31
"württemberg,",31
"cover,”",31
sake?,31
stole,31
salvation!,31
rapturously—“that’s,31
"imagine,",31
conference,31
precious...,31
manuscript—his,31
beasts,31
"southeast,",31
dron—“and,31
twenty-fourth?,31
soiled,31
ansicht,31
pampered,31
hunching,31
silhouetted,31
copses.,31
unlifting,31
respite.,31
project.,31
alertly,31
smolénsk).,31
wildly:,31
unravel.,31
dagger?,31
love—love!,31
"conflagration,",31
belong.,31
angina...”,31
ashes,31
posting,31
weaker?,31
obscurity.,31
"arguing,",31
reach.,31
expulsion,31
three-line,31
ones;,31
"peur,",31
"fluttered,",31
likhachëv’s,31
"anywhere,”",31
“coming!”,31
gradually—just,31
rebuild?,31
encouragement.,31
"excursions,",31
show...”,31
tempts,31
conceived,31
"geology,",31
incidental,31
"requirements,",31
cuisse,31
earth.”,31
saber;,31
lad!...,31
*catherine.,31
ho!”,31
coming?,31
them.’,31
gibe.,31
mille,31
doubles!”,31
quartermaster!”,31
artificiality),31
taken!,31
goot?,31
ants.,31
"hesitating,",31
emulating,31
"trumpet,",31
god...,31
"self-respect,",31
remonstrances,31
self-confident.,31
away?...,31
“angel,31
gulp,31
copy.,31
"station),",31
anathematized,31
folly.,31
receive.”,31
leisure?”,31
yourselves?”,31
"cheat,’",31
fagged,31
round?”,31
qualities:,31
lips—came,31
sheep,31
"lodges,",31
developing,31
"clatter,",31
last...”,31
invitingly,31
skirt—this,31
him...”,31
sold.,31
refuge.,31
carousal,31
"cleverest,",31
"(moscou,",31
"necklaces,",31
it.”...,31
"put—which,",31
adhered,31
"dun-colored,",31
nationality,31
"mayor,",31
enfeebled.,31
rafters,31
enfant,31
identical.,31
level;,31
comes...,31
"believed),",31
"steam,",31
"forming,",31
"elicited,",31
ignorant,31
"worn-out,",31
"gory,",31
"piteously,",31
“monster!,31
"slight,”",31
"employ,",31
same”,31
privations,31
unexpressed,31
machine.,31
"combatants,",31
victorious.,31
some?...”,31
challenge:,31
platón.,31
condemning,31
napoleon?”,31
heirs?”,31
rented,31
nobility;,31
"consists,",31
popularization,31
deduce,31
deserving,31
"laws,”",31
"\"defects,\"",31
youngest.,31
interrupted:,31
"doubtful,”",31
andrew?’,31
prettier.,31
sauté,31
l’état;,31
“ve,31
decorous,31
shod,31
abc...”,31
rebels,31
edged,31
"détruite,",31
imperials.”,31
mate!”,31
ill-shod,31
displeasure.,31
"unison,",31
outflanked,31
smoke!”,31
"rumble,",31
examiner.,31
estate”,31
presence;,31
"reaches,",31
“zum,31
wounded—had,31
reply!”,31
despot.,31
baby?,31
denísov...”,31
"unhappy,”",31
"capacity,",31
glory?,31
kolyázin,31
"sinister,",31
"27,",31
"evenings,",31
count—if,31
"despairing,",31
varnish,31
forget—that,31
postponement,31
uvárka.”,31
“‘no,31
horn!”,31
out—that’s,31
playing—there’s,31
"heartily,",31
harder—ever,31
else;,31
"sketches,",31
world—a,31
accelerate,31
"believed,",31
alexander—just,31
judgement!”,31
‘military,31
relish,31
rain;,31
youthfulness—and,31
rostóv—though,31
prince—and,31
22nd,31
comic,31
themselves;,31
brigands!,31
play!”,31
appreciated.,31
paint,31
moisture,31
“half,31
differential,31
slackens.,31
“wiser,31
m’a,31
investigate,31
necessary...,31
head!,31
contorting,31
need?”,31
teréntich,31
graveled,31
recklessness,31
mates...,31
musical.,31
"tutólmin,",31
buyer,31
life—now,31
restricted—seemed,31
debouching,31
hourra,31
"rapier,",31
"dwy,”",31
switched,31
sacked,31
henri,31
"hewn,",31
aims;,31
"flower,",31
irritated.,31
glances.,31
loose—he’d,31
cornered.,31
culture.,31
unreal,31
"seeks,",31
"cold,”",31
indecorous,31
"vain,",31
everything—that’s,31
"silly,”",31
proverbe:*,31
unction?”,31
we—you,31
ideas;,31
ma’am.”,31
of:,31
“h-o-o-w,31
oestreicher!,31
"fiends,",31
ourselves—i,31
convoys,31
grenadiers—fine,31
crashed,31
rook’s,31
pledged,31
fetched.,31
drafts,31
hearers—who,31
"frankly,",31
waists,31
diplomatist—you,31
unconcerned,31
"weyrother’s,",31
all’s,31
horsecloths.,31
match—blushed,31
palms.,31
gypsies!”,31
proposed.,31
exist?,31
society’s,31
you—give,31
"exactions,",31
"“spring,",31
"vue,”",31
thinks;,31
lodges.,31
"entering,",31
(long-faced,31
dearer,31
"wolfhounds,",31
animal’s,31
us....”,31
blindness,31
something:,31
is....”,31
freedom—if,31
fifty-eight,31
"troubles,",31
suitors.,31
true.”,31
"wronged,",31
"ladder,",31
magnates—several,31
effects—the,31
"plodding,",31
"demonstrated,",31
stupendous,31
frenchified,31
bucks,31
retrieved,31
enabling,31
want!,31
resolve.,31
"alpátych,”",31
hay—that’s,31
"satisfactory,",31
redoubts,31
andrew’s?,31
krieg,31
need:,31
"portly,",31
"victors,”",31
hit—a,31
"explosion,",31
"reconnaissance,",31
tide,31
crowing.,31
womanish”,31
quickening,31
china-town,31
"uncomprehended,",31
“beat,31
fatal.,31
discouragement?...”,31
"“colonel,",31
bolkónskaya—that’s,31
brother?,31
course—a,31
"admirable,”",31
crowds!,31
carriages—see,31
"formínsk,”",31
"plátovs,",31
slaughtering,31
account.”,31
cavern,31
dead!,31
now—when,31
someone?—he,31
retell,31
absorb,31
spoiled....,31
of),31
mitrofánych”,31
destructions,31
1.c.,31
regicide,31
"cloudless,",31
sanctity,31
stupid;,31
‘strategy.’”,31
tapes.,31
pardonner.,31
unmarry.,31
shrieked:,31
hoch,31
"bykov’s,",31
conceit,31
hurry...,31
"rook,",31
paved,31
calamity!”,31
knows?”,31
"‘prince,",31
"delayed,",31
embankments,31
right.),31
bedchamber.,31
remark—showing,31
"hungarian,",31
pawn,31
bolkónski—an,31
"splendidly,",31
yet?,31
"scale,",31
foregathered,31
frühstück:,31
steady!”,31
trained.”,31
"words,”",31
relying,31
frees,31
masonry.”,31
"flattering,”",31
"almost,",31
christmastime,31
"whole,’",31
"bonfires,",31
young—yield,31
reputed,31
self-knowledge,31
enticingly,31
magnítski’s,31
announced.,31
"resonance,",31
"sleek,",31
lesson),31
"enemy’s,",31
"parts,",31
shriek,31
immortal—well,31
pleasures—talks,31
“rustic,31
queerly,31
sprawled,31
action;,31
relays,31
kept.,31
variegated,31
blame—is,31
ninety-nine,31
relinquish,31
ground—she,31
exactly....,31
salons.,31
expression!”,31
"gravely,",31
eye...,31
thirty-year-old,31
filled!,31
"mane,",31
borodinó—the,31
subordinates,31
mastery,31
squarely.,31
painter...”,31
tranquillize,31
russians—and,31
bees—tamed,31
dark-gray,31
"vituperation,",31
ambuscade,31
uncontrollably,31
son...?”,31
"adroit,",31
"noticeable,",31
reveries,31
"numbed,",31
feats,31
boarded,31
wakened,31
premonition,31
scarce,31
"(battles,",31
discovered.,31
watchhouse.,31
vive?”,31
now....”,31
pávlovich,31
ascribing,31
europe—except,31
"brother-in-law,",31
“drones”,31
finger?,31
tone;,31
loi,31
poets).,31
"it—good,",31
proceeded.,31
small.,31
unenforceability,31
classically,31
ideas.”,31
contemplated,31
nataly.,31
spectators,31
intriguing—i,31
"“courage,",31
ochákov.,31
answered.”,31
flitting,31
glum?”,31
exit,31
“day,31
“away,31
"intentionally,",31
anyway.,31
earthworks,31
"measured,",31
soundly.,31
"strongest,",31
dwink,31
enemies!,31
weyrother—who,31
sent.,31
"reverence,",31
oublie,31
fitful,31
figures;,31
raise...,31
"thread,",31
duels,31
"remains,",31
two—morality,31
instructing,31
"birch,",31
still-unplastered,31
"rendered,",31
anyone!,31
hundred?,31
bunting,31
batiste,31
disease.,31
table—very,31
countess—her,31
understand....,31
pity!,31
"theodosia,",31
qualities.),31
nikanórovich?”,31
come?...”,31
"passport,",31
malignantly,31
"magnanimous,",31
"flags,",31
"experts,",31
incomprehensible—but,31
business....”,31
insulted.,31
disharmony,31
sorrow...”,31
“vewy,31
"noses,",31
“yes—that,31
"ja,”",31
privat-personen,31
acceptance,31
riverbanks,31
tighter,31
zone,31
success—a,31
customers,31
cordon,31
daresay,31
"towns,",31
wrist.,31
valet—lay,31
burned!,31
swoon.,31
undeservedly,31
sugar—and,31
"detail,",31
historians),31
"gravity,",31
cweep,31
up—head,31
lying...,31
events—if,31
cleanly,31
"tower,",31
grandeur.,31
angry!”,31
(daughter,31
gravitation,31
testify,31
scenes.,31
l’ha,31
argumentative,31
egotists,31
rum!”,31
joyously.,31
manifesto:,31
surprise.”,31
intentness,31
quickly!,31
fussing,31
conversation—count,31
"women,”",31
"promener,”",31
lise.”,31
guttered,31
coverlet,31
tomorrow—at,31
"freemasons,”",31
wincing.,31
impious,31
"frontiers,",31
wash?,31
"long-haired,",31
27th,31
"eloquent,",31
uncommonly,31
rumpled.,31
disillusionment.,31
italy.,31
aquaintances.,31
felted,31
light...,31
"negro,",31
ladies—frightening,31
veneration—especially,31
despot—the,31
pleurs,31
vasílevna,31
family?,31
"gauze,”",31
separated....”,31
me—‘mean’,31
oblige!,31
mad—for,31
poles.,31
plan?,31
assumption—and,31
seventy-year-old,31
"forties,",31
governors,31
ooze,31
"“drónushka,”",31
bread?”,31
sweetheart!”,31
“really?,31
entrench,31
bulwark,31
"retired,”",31
ever-lucky,31
man—selfish,31
mésalliance,31
"repacked,",31
"nikítski,",31
barbarism,31
"venom,",31
riot?,31
europe—which,31
"pectoris,",31
men—he,31
barracks,31
sabastiani,31
swaggeringly,31
extermination,31
needing,31
thoughtfully.,31
spoons.,31
curses.,31
out—that,31
nothingness.,31
girths.,31
"up),",31
opinion),31
“sublime!,31
(more,31
strength—her,31
people—use,31
yawning.,31
vif-seruvaru!,31
reconstructed,31
desert,31
restored.,31
drubetskóys,31
wonderful.”,31
meditations,31
insight,31
hobby,31
condition.”,31
“again!”,31
coil,31
1.e.,31
well-garnished,31
george;,31
tracing,31
fellow!...,31
"confidence,”",31
pierre—who,31
"warrant,”",31
weaknesses.,31
hobbledehoy,31
stew,31
"pointedly,",31
deep-set,31
"driving,",31
moment.”,31
camlet,31
“number,31
“uncle”;,31
discomposure,31
trembled.),31
"baby,”",31
midnight—cannot,31
"refreshed,",31
twitched—“that,31
"fugitives,",31
"nineteen,",31
miracles,31
"languid,",31
gossips!”,31
"“supper,",31
"mistaken,",31
statutes,31
l’as,31
bennigsen’s.,31
"petitions,",31
forth;,31
"morally,",31
"supplicant,",31
"infatuations,”",31
eye;,31
"crouched,",31
"fingerboard,",31
genial,31
andrew—she,31
meshchérski,31
"secretary,",31
"employment,",31
collisions,31
billets,31
quickened,31
elevating,31
"knowing,",31
child.”,31
angle—we,31
tsarévich.,31
peevishly.,31
foal,31
tolly),31
"lopukhín,",31
causes;,31
landlords,31
"rivers,”",31
"fists,",31
wussian,31
"gig,",31
dampness,31
"lozenge,",31
"blending,",31
there.),31
long-frocked,31
"miséricorde,”",31
three-pronged,31
storeroom.,31
“dunyásha,31
magical.,31
stoppage,31
overalls,31
gallant...,31
fair”,31
nikoláevna’s,31
salesman,31
death-bearing,31
mamma...,31
employed.,31
"evidently,",31
"uninterruptedly,",31
saying?,31
fond—and,31
"tools,",31
augezd,31
pleadingly,31
kalúga—a,31
"grown-up,",31
whispering.,31
cartridges,31
“marshal’s,31
kutúzov—the,31
"bridge,”",31
admiral,31
waddled,31
died?”,31
illiterate,31
man—that,31
1815,31
"broader,",31
"accomplishments,",31
reconsider,31
"exercise,",31
two!...”,31
"schlosser,",31
recognize.,31
"stabbing,",31
1.e,31
remedies,31
daughter—both,31
delighted...,31
volcano!”,31
‘princess,31
well-built,31
*(3),31
"gase,”",31
"harness,”",31
(rook,31
bedding,31
"hilltop,",31
l’angleterre,31
"safi,",31
boots.”,31
"“matvévna,”",31
"plates,",31
"proposing,",31
"arithmetic,",31
levity.,31
"angling,",31
chisel.,31
indigestion?...,31
wail;,31
deal!”,31
"wisdom,",31
"discretion,",31
ordeal,31
you—turn,31
diplomatist—“a,31
matter....”,31
alimony,31
later!,31
enthusiastically.,31
procedure,31
dotard,31
playing.,31
which—spreading,31
was—that,31
"melyukóva,",31
melyukóvs,31
seen;,31
expenditure,31
"size,",31
invoked,31
fresh-looking,31
embankment,31
field;,31
mary—“haven’t,31
noonday:,31
scullery,31
die!,31
master!...”,31
"spoken,”",31
impressions—such,31
"reporting,",31
exaggerate,31
sprinkled.,31
own;,31
"clean-shaven,",31
rien.,31
morel!”,31
replaiting,31
"vivandière,",31
restraint.,31
relentless,31
gangrene.,31
driving.,31
dam-dam...”,31
cherish.,31
‘christ,31
worse....”,31
"accurately,”",31
incoherently.,31
"howling,",31
recovered.,31
wanted:,31
favoring,31
fattened.,31
"lively,",31
proceed,31
ranging,31
incursions,31
1.b.,31
"consequential,",31
anatole?”,31
taste.,31
wedge,31
flowerpots,31
princesses....,31
"brightened,",31
icons;,31
"locks,",31
around—all,31
crestfallen.,31
"savage,",31
delight.),31
"“probably,”",31
dogs!,31
prater,31
yours.,31
"feast,",31
charge.,31
wheat,31
away!’,31
amant,31
sensitiveness,31
"punt,”",31
emphasize,31
"brethren,",31
reconnoitering,31
tweasuwy...’”,31
undersized,31
ammunition.,31
immoral,31
duties.”,31
"gervais,",31
"mirth,",31
name!,31
mítenka.,31
enclosure.,31
"strain,",31
errand.,31
jelly,31
alliances,31
things?,31
high.”,31
mary—who,31
galleries,31
kurágin—were,31
hours!,31
smashing,31
bal-machève!”,31
“among,31
twist,31
invested,31
sentence),31
shrinking,31
palm.,31
slav,31
patte’n?,31
"headquarters—because,",31
spoken....,31
márina,31
"cleverly,",31
bucharest!,31
matter...”—without,31
elder!...,31
"collarbones,",31
venomous,31
assent.,31
puckered;,31
(you,31
first-born,31
crockery,31
ukáse,31
"long-drawn,",31
"boulevards,”",31
unterkunft.”,31
fairly,31
ivánovs’!”,31
kutáysov.,31
michaud.,31
painfully;,31
child;,31
foundations.,31
ryazána,31
"punishment,",31
market.,31
circumstances—did,31
ankles,31
beast.,31
conveying,31
slink,31
detachment—jokes,31
"denísov’s,",31
ev’wything,31
lance,31
"pyramids,”",31
nobles.”,31
wherein,31
váska—in,31
fresh—as,31
i;,31
aid.,31
birthdays,31
moscow”,31
"whim,",31
sayings...”,31
ethics.,31
"woodwork,",31
regarded.,31
strengthens,31
date:,31
granting,31
relaxing,31
englishman’s,31
natalia’s,31
husband?”,31
characterized,31
possible...,31
"lea,",31
legitimation?,31
granted?...”,31
quilt—the,31
“certainly,31
"pedal,",31
“bow,31
forgiveness?”,31
cwoss,31
"carry,",31
"posts,”",31
"cover,",31
reunited,31
nine-year-old,31
leap,31
petitioner,31
spot—une,31
advent,31
story!,31
jury,31
murder?,31
bad?”,31
"acquaintance,”",31
"race,’",31
cap),31
provisions.”,31
"proceedings,",31
nurses.,31
"foliage,",31
noblesse,31
"doctrine,",31
ignátevna,31
humorous,31
claiming,31
someone.”,31
"copses,",31
thicket,31
readily.,31
"string,",31
corpulence,31
"fez,",31
mistaken...,31
magdalenes,31
marched—napoleon,31
unfulfilled,31
formerly.,31
"castrès,",31
gulf,31
vainglorious,31
appointments:,31
quitting,31
dealings,31
bags.,31
tendency.,31
house:,31
cupboards.,31
pwomoted,31
unanimity,31
decorating,31
"thousands,",31
shellfire,31
"carelessly,",31
pertinaciously,31
nonmilitary,31
(“our,31
battery;,31
rearranging,31
ask.”,31
onto?”,31
wanted.”,31
m’amène,31
valet’s,31
manifestations.,31
"exultation,",31
style!”,31
doses,31
impeding,31
"sack,",31
"anybody,”",31
clothing—of,31
protects,31
(konovnítsyn,31
together—the,31
month?’,31
ache.,31
effort....,31
standards.,31
"chat,",31
utilizes,31
fertilizes,31
"lonely,",31
cond...”,31
impressions.,31
"approve,",31
“jealo...”,31
lingering,31
"thinkers,",31
decreased,31
"comprehended,",31
evacuate,31
introduced.,31
“educate,31
bourbon,31
done!...,31
"affably,",31
"drawers,",31
wineglasses,31
plaits.,31
learned:,31
"pregnant,”",31
bonapartist!”,31
signalers,31
honour,31
"aid,”",31
"losing,”",31
congested,31
"skittles,”",31
"flanks,",31
"points,",31
"foremost,",31
countenances,31
back;,31
road?”,31
devices,31
“‘sergéy,31
moments:,31
look.”,31
unobtrusive,31
devil?,31
confers,31
czartorýski:,31
lakes,31
hoar,31
“youth,31
heavens,31
"criminal,”",31
nine...,31
“thou,31
valuables.”,31
"dandin,’",31
recruits;,31
skittles.,31
consigned,31
stolen!,31
"‘alexandre,",31
"arbiters,”",31
blades,31
"rigid,",31
livonian,31
s.s.,31
dishonorable.,31
all—she,31
"heaven,’”",31
joys—her,31
“justice.”,31
consolations;,31
zhárov,31
worth!,31
"“lovely,",31
rubber,31
ones—those,31
egyptians,31
tonight!,31
sónya?...”,31
formalities.,31
"hypochondria,",31
tournament;,31
“charming!,31
twenty-seven;,31
intimate.,31
style.,31
campaign;,31
"immense,",31
dismounting.,31
sire...”,31
assumption—it,31
"senators,",31
emperor—most,31
expect.”,31
"bureau,",31
"garden,”",31
died—this,31
zakhárino,31
expect?”,31
fire....,31
man—his,31
replies:,31
"seized,",31
count—count,31
commands?”,31
stoned,31
well-fitting,31
"tiresome,",31
red—but,31
squad,31
stretches,31
"hold,",31
wintering,31
"raévskis,",31
very...,31
sharpened.),31
“killed?”,31
mystery....,31
"cooking,",31
"so,’",31
give?”,31
delving,31
"discomfiture,",31
"midway,",31
"ermíshin,",31
gospels,31
elections,31
tenaciously.,31
"pictured,",31
cher,31
impossible—in,31
plutarch’s,31
"verified,",31
foams,31
"destroying,",31
"incomplete,",31
"party,”",31
"donne,",31
”—and,31
war?”,31
"wit,”",31
swaggering,31
"confidante,",31
fancy?”,31
visitors...”,31
precision.,31
suspect,31
it?...”,31
uplifts,31
speak;,31
meadow.”,31
hearts).,31
general—of,31
luck.,31
squadron’s,31
‘pon,31
“perched,31
there?—there,31
"spilt,",31
derogates,31
morning—despite,31
ebb,31
spectacles”,31
line!,31
“tit!,31
ducked.,31
spice,31
adversary.,31
“bad,31
"indigestion,",31
nothing-”,31
denísov!,31
cultivate,31
reharnessed.,31
bivouacking.,31
buttons.,31
"trilled,",31
"improvement,",31
profusion,31
"strangers,",31
befalls,31
realizes,31
choirs,31
overriding,31
"steel,",31
coerce,31
starlight,31
"animals,”",31
variance,31
secourable,31
childlike....,31
suckling,31
anyone:,31
doings!”,31
wife—with,31
debauchery;,31
“but...”,31
oldenburg”—and,31
"caulaincourt,",31
“trash”,31
utilizing,31
"hearer,",31
circulation,31
solfa,31
lordling?,31
"wecwuits,",31
“we’d,31
sun-parched,31
brick-red,31
proclamations,31
distrust—but,31
lavrúshka!”,31
vyázma.,31
explain?...,31
"unpracticed,",31
traitor!,31
maim,31
victories.,31
battalion?”,31
"range,",31
serfs—those,31
senseless!,31
friendships?,31
relative.,31
unloaded,31
no...”,31
"tver,",31
irreproachable.,31
treachery.,31
feathers,31
tut!,31
spot;,31
"splinters,",31
"grazing,",31
preternaturally,31
again!...”,31
"barclays,",31
"yukhnóv,",31
shanties,31
rhapsodies,31
learning:,31
defined.,31
"deceptions,",31
tortures,31
me—denísov,31
destroyed;,31
"“very,”",31
"asked,”",31
“véra’s,31
delighted.,31
happened!,31
(most,31
mellow,31
age:,31
alliés,31
braunau.,31
"quiver,",31
dwagging,31
reappeared.,31
"treachery,”",31
"l’univers,",31
dan,31
swept:,31
self-possession,31
bonaparte’s.,31
"tsar,”",31
overhead,31
virile,31
duel).,31
virtue;,31
"“made,",31
it?—i,31
uncover,31
reverse.,31
"obey,”",31
liquefied,31
clothed,31
reforms,31
anteroom).,31
paraissent,31
"d.,",31
lispingly,31
exquisitely.,31
"herself),",31
delay.,31
folk—the,31
traps,31
hooped,31
beforehand.,31
mêle,31
them”—and,31
fawningly.,31
world—so,31
manners’,31
parched,31
brood!”,31
procured.,31
conscription.,31
"life),",31
"fatigued,",31
excited;,31
"bloodshot,",31
"toothless,",31
awistocwacy,31
editor,31
clubs.,31
"splinter,",31
“mercy,31
detained.,31
standard!”,31
shevárdino.),31
"pushing,",31
infantry—all,31
condemned.,31
yes:,31
seen?...”,31
sent;,31
"prozoróvski,",31
egg.,31
prince”—he,31
departments.,31
sentimental,31
gravel,31
pierre),31
dose,31
employ.,31
daunted,31
"stocking,",31
averting,31
milorádovich.,31
padlocks,31
consoling.,31
looted....,31
conflagration,31
band.,31
vesénya,31
eat?,31
sharpening?”,31
sinks,31
linking,31
professions,31
seemed.,31
ever-glowing,31
morning—especially,31
continuing.,31
hesitate,31
"ends,",31
"transferred,",31
austrians?,31
"alliances,",31
occurrences;,31
chroniclers,31
formats,31
malta.,31
montmorencys,31
down....”,31
wager,31
rostóvs’?”,31
dear;,31
"rudenesses,",31
foot—which,31
well-preserved,31
daylight!,31
"deceit,",31
puhse?”,31
deer...,31
nuns,31
waggish,31
enemy),31
sentry,31
unsheathed,31
zis,31
bondarchúk’s,31
(everyone,31
"“youth,",31
think!”,31
“hold,31
"15,",31
soldiers;,31
oh-ing,31
rhipheus,31
avenue!”,31
curtsy.,31
hotly,31
braces.,31
latter),31
agricultural,31
employed.),31
self-knowledge—for,31
baltic,31
thread.,31
door—speaking,31
"published,”",31
exertions,31
friend’s.,31
“o-hoy!”,31
zavárzinsk,31
place;,31
cry!,31
clucked,31
"self-assurance,",31
friends...”,31
reveled.,31
told!,31
horizontal,31
yours!”—he,31
"turenne,",31
"wallachia,",31
lions.,31
drissa;,31
"self-assured,",31
vista,31
sweeter,31
synod,31
righteousness,31
w,31
migrate.,31
"suspected,",31
name;,31
weceives,31
"boredom,",31
entrusted.,31
toiling,31
"geben,”",31
aware).,31
"extracted,",31
connection.),31
"unanswerable,",31
greasy,31
dreadfully—and,31
spontaneous,31
"mother’s,",31
"seated,",31
ostentatiously,31
straggly,31
cœur),31
friends...,31
papa’s,31
inextricable,31
empty!,31
"transfers,",31
matured.,31
"searchingly,",31
parallelogram,31
everything—far,31
bombardment,31
"conquerors,",31
irregulars,31
month—it,31
yesterday.”,31
"kiselëv,",31
pfuel’s),31
senselessness.,31
improved.”,31
questioningly:,31
“came,31
banner—that,31
"honeymoons,",31
formless.,31
anticipating,31
imposture?,31
knew....”,31
bets!”,31
borís;,31
country—rumors,31
lency!”,31
“ah!...”,31
weported,31
vodka?,31
“matvévna”,31
colonel:,31
"vinesse,”",31
baroness,31
fault.”,31
supercilious,31
thinking”—for,31
"blowing,",31
chorus.”,31
home!...,31
honor?...,31
responsive,31
"regeneration,",31
"precedents,",31
evenly.,31
antón.,31
this....,31
issued.,31
"root,”",31
moodily,31
"gathering,",31
petitioning,31
helpful,31
mentioning.,31
older?”,31
bases.,31
"reform,",31
whine,31
“straight,31
lady-countess!”,31
"philosophizing,”",31
sásha!,31
hewn,31
gracious:,31
bonheur,31
size!,31
perturbation,31
danílov’s,31
silk-lined,31
"nod,",31
kidnap....,31
uncanny,31
"condescendingly,",31
“sorrow,31
"practical,",31
misled,31
"“flesh,",31
quicker....,31
camps:,31
wetweating,31
grimace....,31
left—maintained,31
evil....,31
soul—that,31
unhindered,31
"earthwork,",31
impotent.,31
season;,31
"following,",31
"momentum,",31
manqué,31
departments—knew,31
"brow),",31
“stop!,31
"flexible,",31
"anférovs,”",31
meanest,31
"(he,",31
bad...,31
kutúzov—having,31
orlóv-denísov’s,31
sewn.,31
chief...”,31
tightening,31
historians.,31
wattle.,31
kutúzov’s;,31
plunder.,31
acquitted,31
commune.,31
ill-chosen,31
remember—all,31
stinginess.,31
“arakchéev,31
wotten,31
resulted—that,31
generalizations,31
"simpleton—then,",31
uninvited,31
noblest,31
prussia’s,31
duc—or,31
but—i,31
power....”,31
strain.,31
"rustling,",31
rentes,31
full-toned,31
merveille.*(2),31
"undertakers,",31
"boned,",31
promotion...”,31
rigidly,31
"quivered,",31
gentlemen!,31
company’s,31
happiness...,31
considerably,31
franz,31
beaux,31
mautern,31
heroism!”,31
modestly.,31
rascals!,31
country?,31
dandies!,31
rider.,31
dangerously,31
bezúkhov!,31
heroes.,31
importance:,31
unhooked,31
crisis,31
quoits,31
"weeks,”",31
scoundwels...,31
“makár,31
coachman;,31
"misshapen,",31
passage—the,31
metaphysical,31
deserves,31
impoverished,31
"“mávra,",31
question?”,31
melyukóvka?,31
"list,",31
"“fool,",31
resolution....,31
glanced—not,31
polyglot,31
"cowardice,",31
"spelling,",31
forgotten...,31
medals.,31
ourselves—and,31
"nostrils,",31
frankly:,31
merit.”,31
fifteenth.,31
riot.,31
"place),",31
gig.,31
barns.,31
aide-de-camp’s,31
empress.”,31
“boom!”,31
happened:,31
davýdov,31
millionth,31
different....,31
lubricant,31
storerooms.,31
"smith,",31
ukáse!,31
“early,31
"pastures,",31
daughter!,31
condemnation,31
stud.,31
trophy.,31
"louse,”",31
comfortable....”,31
were?”,31
to?’,31
"dried,",31
are”—and,31
"persuasions,",31
gentlemen.”,31
instrument—now,31
commission!,31
"tint,",31
"orshá,",31
negligently,31
transferred.,31
porridge:,31
peasants—streamed,31
trifling—such,31
preparation.,31
customs,31
elude,31
respite,31
"hosts,",31
obstinate.,31
was.”,31
pétya:,31
complete.,31
infinity—that,31
abide,31
redistribute,31
compliance.,31
too-noisy,31
tiresome,31
d’azur—maison,31
honor’,31
est...,31
"ironically,",31
tidy.,31
estate),31
"rising,”",31
behaving?”,31
rippling,31
formio,31
"feu,",31
disrespectful,31
bearings,31
reinforce,31
"bust,",31
absent-mindedly:,31
people—as,31
helen.,31
smartened,31
lad;,31
uppermost,31
kírsten,31
sabretache...,31
"irrepressibly,",31
left-flank,31
god!...”,31
infinity.,31
antagonist’s,31
battered,31
well-trained,31
"dowerless,",31
unbent,31
acquaintance—he,31
enlighten,31
"courteous,”",31
homme,31
surrender....,31
aspects,31
"kind,”",31
patients!,31
"“drink,",31
eh!,31
premises,31
"volatile,",31
polonaise,31
perónskaya’s,31
"maid,”",31
"teacher,",31
"schoolboy,",31
"warning,",31
bitterest,31
gallop—the,31
"incoherent,",31
heard;,31
raillery,31
julie—and,31
"gangway,",31
girl!”,31
sharply:,31
bassano,31
"bluebeard,",31
"drinks,",31
pétya—pale,31
lengths—which,31
speak....”,31
"spiteful,",31
full-blooded,31
(looking,31
"uphill,",31
body—it,31
sistine,31
enveloping,31
partially.,31
yourselves!,31
circumspect,31
brought?,31
"harnessed,",31
borovítski,31
villain,31
christ....,31
glowed—the,31
sings,31
room—that,31
"tranquil,",31
provisions;,31
scouted,31
"comrade’s,",31
astounding,31
"yourselves,",31
"“corporal,",31
quickly?,31
happened—the,31
obscurely,31
apparent—such,31
‘shout,31
likhachëv.,31
prick,31
wagging,31
hits,31
(murat),31
petróv,31
holiday.,31
reaction.”,31
"formulated,",31
irredeemably,31
now).,31
angrier.,31
forest.”,31
"nations,",31
incontestably,31
obstruction,31
subverting,31
"accepted,",31
“lavater,31
"ambassador’s,”",31
anxious!,31
pen.,31
nighttime,31
symmetrical,31
bookcases,31
mammas,31
"industry,",31
bwother.,31
kozlóvski’s,31
"‘em,",31
reprimanding,31
rogues.,31
"invitations,",31
epaulets;,31
“kuzmích...,31
lëlya...,31
chatty,31
"disheveled,",31
sorts?”,31
mysteriously.,31
terrible?”,31
seducer,31
kurágins’.,31
self-censure,31
qualifications,31
contingent.,31
accomplished—were,31
"heavens,",31
itself.”,31
"anticipation,",31
piloted,31
guests’,31
helped:,31
everything!,31
uglier?”,31
even-tempered,31
whips.,31
pitting,31
"sister),",31
musician,31
"angels,",31
january.,31
hovels,31
truth:,31
mingle,31
pretentiously,31
duport!,31
aghast.,31
theodore.,31
"devout,”",31
revealed.,31
fours,31
which?”,31
bettah,31
outlet,31
impels,31
pasture,31
"rioting,",31
“ah?,31
"sympathetically,",31
stove...,31
"noticed),",31
"translucent,",31
wonderful!,31
tighter.,31
commander—as,31
permission...,31
creep,31
deserted!”,31
bootmaker’s,31
doting,31
cap...,31
meals,31
semicircle.,31
friend—‘suffer,31
preoccupations,31
"coach,",31
awakening!”,31
devil...,31
"champions,”",31
"mal,”",31
borodinó—defeated,31
contact.,31
white—as,31
whispering;,31
richer.”,31
"similarly,",31
houses—it,31
stepánych,31
is—were,31
workshop—but,31
culprit,31
glory—it,31
"cross,”",31
head.),31
countess—not,31
diary?,31
"material,",31
seeds,31
reformer.,31
"binary,",31
electronically,31
goals,31
lowest-grade,31
sentence:,31
happier?,31
"patch,",31
two?,31
"maintenance,",31
inadvertently,31
"shone,",31
purses,31
sardonically,31
effectively,31
transitions,31
"player,",31
“hoch,31
"infantryman,",31
impressing,31
bashful,31
left—which,31
booth,31
feverishly.,31
infantryman,31
own—such,31
futility,31
anniversary,31
saluted.,31
"caper,",31
"unheard-of,",31
lovers!”,31
success.”,31
world...”,31
selection,31
ostrolenka,31
myself—they,31
thing—what,31
"bartenstein,",31
infantryman),31
greenish-hazel,31
entirely.,31
"logical,",31
warmth.,31
nowhere.,31
"sulphur,",31
sein.,31
oneself.”,31
"realized,",31
gírchik,31
whippers-in,31
borzoi’s,31
confusion;,31
"bounds,",31
inclination.,31
scathing,31
“impudent,31
madam.,31
pierre—that,31
pierre—have,31
promised—go.,31
"valid,",31
“well...”,31
“natalie!”,31
right?,31
groups;,31
co-ordinated,31
himself.),31
cellaret,31
‘king’?”,31
"danger),",31
lather,31
nausea.,31
instances.,31
yielded—went,31
mankind!”,31
"merchants,",31
like—people,31
ability.),31
malicious,31
perplex,31
horses—we,31
need;,31
drónushka.”,31
delicacy.,31
digging.,31
toilet.,31
phantasm,31
penthouse.,31
penthouses.,31
spirituous,31
to?...,31
here—don’t,31
"“apropos,",31
“platónic,31
do-ne!”,31
"declaimed,",31
samples,31
"principle,",31
sallow-faced,31
ever-growing,31
sónya—“you,31
“ozheg-zheg-zheg...”,31
soothed,31
liberty.,31
"prisons,",31
"sufferings,”",31
terrible!”,31
account;,31
enterprising.,31
gentian,31
choice.,31
amiable.,31
belóva’s,31
alexéevna,31
outlaw,31
asks:,31
luther,31
maude,31
"were,”",31
coronation,31
beware!,31
teased,31
applause,31
“dat,31
“pierre!”,31
imposes,31
master?”,31
fieldglass.,31
fleck,31
squadwon,31
crease,31
d’ulm).”,31
"agonizingly,",31
uphold,31
"thing),",31
"conservatories,",31
blackguards!...,31
“blackguards!...,31
braggart,31
galicia,31
it—no,31
wretches!”,31
insufferable,31
"sokólniki,”",31
“sideways!,31
hawked,31
youths,31
question—one,31
"stripped,",31
duly,31
glory.—and,31
aged?,31
vegetation,31
"purpose,”",31
envisagez,31
aims:,31
ermine,31
"début,",31
stolýpin.,31
susceptible.”,31
bitten,31
frightening!”,31
boards.,31
verser),31
condescension.,31
"balashëv’s,",31
voluminous,31
bulletin.,31
"speeches,",31
speeches—infected,31
"command),",31
unpopularity,31
sack.,31
irrevocability,31
“drónushka,31
andwew,31
redoubt—our,31
"digging,",31
right—along,31
low-growing,31
"simplest,",31
corrects,31
man—and,31
permission.”,31
fords,31
utilize,31
burnoose,31
glass?”,31
concealed—his,31
frocks,31
bass.,31
monastery.,31
guard—both,31
conversation—of,31
"dispatched,",31
komaróv,31
"shrieked,",31
darling...,31
thought),31
life—no,31
sight—children,31
‘would,31
"collecting,",31
bwethwen.,31
evewything,31
repurchasing,31
resists,31
sciences.,31
"iii,",31
glance—friendly,31
"merrymaking,",31
flatters,31
"hullo,",31
deah,31
high-shouldered,31
endurance—acknowledged,31
"thirty-five,",31
auersperg.,31
complacently.,31
ten-gun,31
"romance,",31
"intonations,",31
himself....,31
guards!”,31
"started,”",31
fly!,31
whitening,31
"open-handed,",31
“wh-what,31
pallid,31
“been,31
plunge,31
reasons.”,31
logical?,31
hand’,31
payments.,31
lisping.,31
oudinot’s,31
‘will,31
friedland,31
identically,31
grown!”,31
“sónya?”,31
home;,31
dog.,31
forward?,31
“karáy?,31
this?...”,31
ones....,31
niece!”,31
town—was,31
asile.,31
“foo!,31
"trilling,",31
hearer,31
subdivisions,31
1807.”,31
diffidence,31
love—let,31
"undertakings,",31
"somehow,",31
often...,31
elbowing,31
fo’,31
"innkeeper,",31
mostly.,31
subjects?,31
“weren’t,31
avenues,31
"caissons,",31
utítsa,31
took.,31
interspersed,31
busily.,31
redressing,31
"concealment,",31
unite.,31
"informed,",31
"defender,",31
tempest,31
results;,31
dimness,31
demolished,31
childless,31
splinter,31
“monseigneur!”,31
bad-looking,31
broussier.,31
sure?,31
abundant,31
decomposition.,31
quantity.,31
repairs.,31
cluster,31
walk?”,31
"political,",31
"larvae,",31
clearly—clearer,31
still-stronger,31
mistaken?,31
"pastime,",31
pudding.,31
circulate,31
"occurrences,",31
power:,31
"conceptions,",31
essential—would,31
"virus,",31
promised?,31
prodigal,31
"becoming,",31
“soyez,31
brilliancy,31
entreaties.,31
mimi...,31
blushing:,31
infamous,31
"amble,",31
delights,31
merrily;,31
sort—(le,31
bagratión.”,31
striped,31
"goose,",31
sofa:,31
soldierly,31
names.”,31
spur,31
"name—well,",31
"grenadier,",31
funny!,31
boon,31
"worthier,",31
loved!,31
novíkov’s,31
"angles,",31
"like),",31
"ferrymen,",31
l’offenser.,31
widden,31
"list,”",31
zenith,31
lodge—we,31
men—who,31
carpet.),31
widower?”,31
dumped,31
"stewards,",31
disguising,31
"monotonous,",31
even...”,31
divinities?,31
ladies’?,31
stereotyped,31
"gabriel,",31
packet?”,31
cossacks—those,31
"ornaments,",31
wallachian,31
israel!,31
ensnared,31
“spyer”,31
"parapet,",31
"condemned,",31
vítebsk....”,31
harvesting.,31
by!,31
unreaped,31
lowed,31
"salon,”",31
morals!,31
"objects,",31
wills!,31
indeed!’,31
kolochá—which,31
"chanters,",31
"terribly,",31
intentions.”,31
why—the,31
adjust,31
unloaded.”,31
reader.,31
expedite,31
all....,31
storerooms,31
passe,31
boasted,31
cavalier,31
intervening,31
"write,”",31
signs.,31
interior.,31
"took,",31
(4),31
motion),31
floppy,31
"daybreak,’”",31
all—with,31
abrámovna,31
blameworthy.,31
grandeur—which,31
ether,31
devoutly,31
bolkónskis’,31
themes,31
affords;,31
infallible,31
mysticism,31
"break,”",31
"religious,",31
"upright,",31
aide-de-camp....”,31
economized,31
schérer?,31
"youngsters,”",31
perplexing,31
quench,31
"reasson,",31
belief...,31
self-satisfied.,31
"articles,",31
"majority,",31
jesting!”,31
magnanimously,31
deep!,31
retaliate.,31
sacks.,31
let—them—pass!”,31
socket.,31
fruits,31
"comic,",31
you—vodka,31
listlessly,31
effort.”,31
interceded,31
triumphed.,31
kutúzov’s.,31
"region,",31
"trembles,",31
unsympathizing,31
them—remained,31
shield.,31
fateful,31
lyre,31
postmaster’s,31
firmly.,31
succeeded!’,31
given?”,31
humid,31
"stammering,",31
matrimonial,31
allude,31
recitation!”,31
mood—love,31
religion—and,31
pieces!,31
uncle!”,31
arábchik,31
hollow-cheeked,31
"luck,”",31
sásha!”,31
was;,31
skeleton,31
loathsome.,31
fading,31
prince’s.,31
far?”,31
hatched.”,31
affirmatively.,31
"faults,",31
"cobblestones,",31
emperor—frantically,31
"cardplayer,",31
"skirts,",31
it—coming,31
"ditches,",31
“overresist”,31
intendant,31
kiríl,31
mal.,31
sauce,31
"fully,",31
prisoners?,31
“grapeshot!”,31
"marengo,",31
viands,31
ware.,31
“mamma’s”,31
urge,31
yard...,31
start.”,31
tomorrow...”,31
closes,31
ilyínka,31
smiths,31
saffron-yellow,31
"rumbling,",31
human—death—was,31
"evil-minded,",31
tillers,31
"body,”",31
eclipses,31
increase.,31
“lead,31
twenty-first,31
horses—in,31
nothing...,31
"thinness,",31
"huts,",31
"fun,”",31
starving.”,31
fallacy,31
nocturnal,31
(incommensurable,31
co-operated,31
bailiff’s,31
based.,31
irrefutable.,31
domination,31
fundamentals,31
enunciation,31
"planets,",31
creaks,31
comply.,31
"bowed,",31
cornet.,31
canal.,31
"declared,”",31
arrived?”,31
pastilles.,31
ingratitude—in,31
hour....,31
last—why,31
silken,31
stragglers.,31
morning!”,31
collahs,31
grizzly-haired,31
knapsack!,31
"noticed,”",31
"bohemia,",31
ulm).”,31
championship,31
"lookout,",31
dat,31
countrymen.,31
loved.”,31
supposition.,31
corset,31
conversations.,31
clashed,31
ugly!”,31
holes!”,31
unaltered,31
friendliness,31
presumptuous,31
markóv?,31
neither:,31
"situated,”",31
not?...,31
whence—a,31
ice!,31
wounds.,31
"tact,”",31
“destroying,31
anointed,31
women—countesses,31
purity;,31
"voulu,",31
ardently,31
redolent,31
silent?”,31
wily,31
three?,31
drowsing,31
paper;,31
another—and,31
cloudy,31
secret?,31
help!,31
"tip,",31
"ceiling,",31
frankly.,31
d’une,31
throne.,31
dmítrievna’s.,31
stop!,31
pronounce.,31
welcoming,31
monasteries.”,31
eyes?,31
mistress!...,31
freedom.”,31
porch;,31
agree....,31
russians?”,31
doctors?”,31
rome,31
unexpected;,31
maintains,31
smear,31
"engine,",31
hélène—having,31
intention),31
forbids,31
"objections,",31
"simple,”",31
"postilions,",31
bundles.,31
where?...”,31
"márya,",31
grékov.,31
mosquée,31
"equations,",31
pleasant;,31
"hundred,”",31
"riches,",31
"lazy,",31
two;,31
"whom,”",31
delighted?,31
twenty-year,31
laws.”,31
contract,31
occur:,31
bolkónskaya.”,31
eyeglass.,31
"decorated,",31
“só-o-onya!,31
mole.,31
take?,31
talkers,31
live!...,31
foibles,31
sterne,31
"trying,”",31
position!,31
tiled,31
hullo,31
"interlocking,",31
schmidt!”,31
you—is,31
18.,31
"benches,",31
"uselessly,",31
"‘kuz-mí-ch,’",31
kuzmích—a,31
kuzmích—from,31
fr!,31
talk!,31
"trip,",31
mankind.’”,31
gentlemen?,31
command:,31
"estate,”",31
martyr’s,31
muscle.,31
túshin?”,31
devil—and,31
"purify,",31
“six,31
common.,31
"vanish,",31
boots—and,31
liberating,31
"student,",31
stingy,31
embodying,31
promotion.”,31
petting,31
breaking.,31
ancestral,31
embroidery.,31
sleighs.,31
"felicitations,",31
woolwork,31
couler.,31
country?”,31
"recitations,",31
end;,31
misfortune?...,31
"madeira,",31
buy.,31
fahrenheit,31
"nights,”",31
flight;,31
u,31
150,31
recoil,31
push?”,31
angel!,31
general-in-chief,31
watchdog,31
eruption.,31
"yankóvo,",31
friend—my,31
"meaninglessly,",31
father....”,31
knights?,31
nóvoe,31
troughs,31
six-year-old,31
dear....”,31
"rabble,",31
adequately,31
life!,31
hair...,31
barefoot.,31
integral,31
river—and,31
egypt—where,31
11.”,31
sections—against,31
collects,31
“there’ll,31
likhachëv;,31
pulsed,31
anywhere.”,31
thickest.,31
gray-blue,31
transferring,31
"children,’",31
ache,31
look....”,31
awaits...”,31
myself?...,31
us),31
"nationality,",31
fills,31
fancies!,31
tatáwinova?”,31
enticed,31
aims—the,31
idea—is,31
breathes,31
quantities.,31
"holder,",31
"editions,",31
thinker?,31
"sister’s,",31
women—mostly,31
society—will,31
shelf,31
clutch,31
lvóvna,31
dreadful!,31
"horrid,”",31
"kindhearted,",31
pineapple,31
heavily.,31
“definitely,31
sooner?”,31
ismail.,31
trouble!”,31
alone?”,31
"failure,",31
excruciating,31
"deceased,”",31
am?”,31
bourienne:,31
"awe,",31
“thinks,31
bandsmen,31
tensely,31
produce.,31
droned,31
comical,31
followed.),31
angel.”,31
attended.,31
thrill?,31
asking.”,31
“i?...,31
accrue.,31
"austria,”",31
‘believe,31
"embers,",31
(indicating,31
cold;,31
"source,",31
crank,31
playmate?”,31
better-looking.,31
governess.,31
society—that,31
promotions.),31
attachments?,31
"hunting),",31
mulled,31
sweat.,31
velvets,31
barn?”,31
spaniards.,31
hills—and,31
culminated,31
minute!”,31
"casket,",31
kámensky’s,31
feasting.,31
"refutations,",31
sevastyánych!”,31
background.,31
humility,31
"excuse,",31
"smoke,”",31
"bared,",31
jewish,31
satellites—the,31
fleecy,31
prevails.,31
"absentees,",31
plighted,31
conclusions),31
credit!,31
journey.”,31
dictation.,31
“no!”,31
"groups,",31
rabble;,31
"bored,",31
"sty,”",31
wonted,31
they—which,31
"bolt,",31
"into,",31
enough—taking,31
hatchet!...,31
unpunished,31
appease,31
arbát.,31
fired”,31
cossacks.”,31
mistook,31
dying—first,31
falcon’,31
"c,",31
kíkin’s,31
tuesdays,31
"lice,",31
pierre.),31
contemplate.,31
frenchmen!,31
“really!”,31
gauntlet,31
"forces),",31
blinds,31
"plundered,",31
travail.,31
"colleagues,",31
drama,31
helps,31
weeks’,31
"precious,",31
too),31
collar—whom,31
amusement—almost,31
surveys,31
(801),31
prohibition,31
"checks,",31
"scented,",31
moment;,31
sacrilegious,31
improperly,31
alone...,31
err,31
childhood—had,31
loquacious,31
wine”,31
"legitimate,",31
gratitude—this,31
sumptuous,31
algebra,31
poignant,31
real.,31
hundredweight,31
too”—different,31
bridles,31
base.”,31
french!’,31
"fowls,",31
"sides,’...",31
prove?”,31
brave?”,31
duport—the,31
fear’s,31
robespierre,31
nowadays?,31
wonder!”,31
thunderstorm.,31
dreamest,31
instructor.,31
distressful,31
pre-eminence.,31
solid;,31
"chaffingly,",31
rooted,31
"elements—sulphur,",31
delivery,31
arrears,31
fair.,31
sidórych...”,31
"brush,",31
"sympathizers,",31
"flew,",31
‘chosen,31
comfortable!”,31
dullest,31
"walnuts,",31
whirl,31
child—who,31
serait,31
pearls.,31
fit.,31
bespattering,31
anatole...”,31
calls?”,31
verser,31
"notion—science,",31
"opinion),",31
elbow—as,31
substances,31
sanctified.,31
“home?,31
voice—“now,31
far-off,31
"shudder,",31
would-be,31
"obey,",31
"completed,",31
simply...,31
appointment?”,31
pseudo-orders,31
phase,31
spluttering,31
pacific,31
congress,31
back:,31
filí.,31
wincing),31
savostyánov’s,31
peers,31
retire—an,31
omelet,31
(parisienne,31
"confessed,",31
highroads,31
robberies,31
“platoche!,31
undiscerning—but,31
undiscerning,31
vesénya!,31
sinned,31
prisoners;,31
“heroes.”,31
attack),31
shores,31
later),31
"writer,",31
pretends,31
forces;,31
bidden,31
processes,31
bright-blue,31
books?,31
taxes.,31
64-6221541.,31
"behave,",31
vicomte.”,31
"climate,”",31
rosy-faced,31
across?”,31
dreadful...”,31
son’s.,31
hoof,31
obstinacy!,31
"‘gentlemen,’",31
sinews,31
councilor,31
"vyazmítinov,”",31
coiffure.,31
wares.,31
point...,31
also:,31
conclusive,31
bonaparte.’”,31
"negotiate,",31
“rrrr!”,31
"ilyúshka,",31
"forgot,”",31
hesitating.,31
“‘grant,31
semicircular,31
shed;,31
"didn’t,",31
immovably,31
fodder,31
russia:,31
safe...”,31
particular—was,31
doubling,31
voice!”,31
gendarmes,31
cousinage,31
squeaking.,31
yourself...”,31
angling,31
trifles!’,31
prejudiced,31
"semënovna’s,",31
entailed,31
run!,31
"altars,",31
salvation;,31
conciliation,31
pains!,31
corn”,31
lodging.”,31
tsárevo-zaymíshche—as,31
peace...,31
lockup,31
land...,31
rubbish!,31
rice?”,31
may?”,31
fusillade,31
tableaux,31
"ooh,",31
generals—as,31
j’ai,31
hives;,31
"míshka,",31
lodgings.,31
droll,31
"journey—as,",31
"featherbeds,",31
singed,31
empire!,31
are....”,31
confirmed:,31
filial,31
rim,31
walk!,31
"bravest,",31
"threes,",31
imaginations,31
again—though,31
“progress”,31
"self-adulation,",31
fatherland—now,31
why!,31
straitened,31
spacious,31
"ate,",31
entered:,31
"observe,",31
nun.,31
texts,31
elect,31
violates,31
apráksins’,31
"variation,",31
"joke,”",31
tact?,31
unseen.,31
others—after,31
austria?”,31
217,31
crown—but,31
hail,31
petróv?”,31
“hm!,31
reply!,31
"fwiend,",31
"physician,",31
pawed,31
"dared,",31
virginal,31
town:,31
indignant,31
traveler’s,31
greatness....”,31
speak.”,31
truth.),31
"26,",31
imploringly.,31
"expeditions,",31
thwash,31
serenely,31
scarred.,31
heart”—a,31
"active,",31
whirlpool,31
it).,31
"snack,",31
lower?”,31
inhale,31
despised:,31
supping,31
hair!...”,31
another’s—a,31
"“natalie,",31
dressmakers,31
far?,31
hers?,31
"pomerania,",31
"duroc,",31
deceived.,31
"supporter,",31
"thermopylae,”",31
"self-restraint,",31
tsar-cannon.,31
waise,31
o’,31
sample.,31
twenty-thousandth,31
"office,",31
"submerged,",31
understand”,31
sewene,31
"gallicism,”",31
besides—i,31
accepted?,31
outpost,31
flank...”,31
‘lectures,31
"long-legged,",31
innards.,31
trembling—were,31
bethink,31
motion;,31
“marry,31
besides.,31
messrs.,31
retinue,31
devil...”,31
pray!...,31
minds.,31
excellence,31
"public,",31
establishment?”,31
“gallant”,31
capitals....,31
“ti-ti”,31
girl...,31
nikoláevna!”,31
"alongside,",31
eyes”,31
aunt!”,31
saw?”,31
earning,31
complexity,31
"whirring,",31
expecting.,31
austerlitz—takes,31
view;,31
kiril!”,31
interfering.,31
ici.”,31
drink;,31
along...,31
"váska,",31
captivity.,31
cathedrals.,31
disrobe,31
belóva?,31
cross.”,31
secretions,31
feel;,31
emphatically.,31
glad....,31
nerve,31
coloring,31
formality,31
playfellow,31
andrew...,31
astray.,31
"powder,”",31
cooling,31
“highly,31
brindled,31
way!...,31
humane,31
questions—the,31
incessant.,31
ants;,31
"slyboots,”",31
dwown,31
happening:,31
"pace,",31
despondent!,31
exclaiming,31
wefused,31
torches,31
"chill,",31
"self-will,",31
black-agate,31
bones,31
squared,31
frontier—which,31
satisfactory.,31
"150,000",31
"10,000",31
"wrong,”",31
"fields),",31
naked;,31
long-foreseen,31
"frequently,",31
old.”,31
——,31
count”,31
announced;,31
it—far,31
strapping,31
rugáyushka!,31
cranks.,31
him?...,31
rostóvs!,31
bewail,31
haste.,31
service—and,31
lessening,31
lining.,31
hawkers,31
no’,31
definite.,31
"“prince,”",31
sprays,31
"marie,”",31
misfortune...”,31
strap.,31
jeered,31
“you?,31
you—those,31
"famous,",31
"bearable,”",31
danger;,31
intuition.,31
suffragan,31
"besuhof,",31
ablaze.,31
rope.,31
courtiers’,31
province—that,31
(nicholas,31
figure”,31
thanks.,31
be—perhaps,31
go.’,31
right!’,31
"daylight,",31
"incongruities,",31
placarded,31
“speak,31
"guile,",31
warfare”,31
watery,31
brother...”,31
story:,31
achievement—though,31
happening—kutúzov,31
songs....”,31
porter’s,31
treasures,31
rubbish—those,31
life—were,31
stencil.,31
redistribution,31
edition.,31
schérer.”,31
baron.,31
seem.,31
chained,31
"stevens,",31
"position,”",31
"vases,",31
véra...,31
truly!”,31
gallantry,31
"chisel,",31
bristly,31
crybaby,31
astir,31
twicks...”,31
stwuck,31
vienna?”,31
"znaim,",31
"pockmarked,",31
relieved.,31
isolated,31
"breeze,",31
"proceed,",31
front;,31
"corner,”",31
dear...”,31
hideous?”,31
wartime.,31
"themselves),",31
counseled,31
"‘emperor,’",31
bilíbin—he’s,31
"suppress,",31
unwell.,31
distance:,31
countess”,31
dólokhov—who,31
"sensation,",31
"châle,",31
staking,31
"freshness,",31
bustlingly,31
somber,31
delivers,31
candlesticks,31
glogau,31
cleverest,31
concessions.,31
ourselves.”,31
fussy,31
yúkhnovna,31
good!’,31
"“oo-oo,",31
reminiscence,31
"she,”",31
timidity.,31
besides...”,31
laboring,31
fox!,31
dëmkin,31
dimmler—isn’t,31
never....,31
collections,31
dry.,31
caucasus,31
pledge!”,31
tproo!...”,31
"humiliation,",31
"incendiarisms,",31
vistula.,31
laugh:,31
revolution.,31
1812.),31
election,31
faints,31
8th,31
magically,31
observation—as,31
astounded,31
activities.,31
carters,31
"hen,”",31
inscribe,31
clusters,31
this—sheer,31
animating,31
shell),31
“yes”,31
countrymen,31
"markets,",31
pillaging—october,31
finally—like,31
affirm,31
not—as,31
x/y,31
flamed,31
necks.,31
rumbled,31
karabákh!,31
triumphal,31
howling?”,31
they—you,31
beggars.,31
valiant!”,31
incidentally,31
borísov,31
gangs,31
"put,",31
out...”,31
met—“whom,31
photius.,31
agencies;,31
out—his,31
"tool,",31
everywhere).,31
"commanded,",31
rail,31
"spitefully,",31
"hermit,",31
exists),31
theology.,31
privilege,31
son—and,31
“wait!”,31
doll...,31
apply?”,31
invalid?”,31
forgetting...,31
"varied,",31
stouter!...”,31
wars.”,31
standing?,31
already...,31
scribbled,31
"boots,”",31
“qu’,31
"leading,",31
drunkard,31
"thuerassa,",31
clear?,31
village!”,31
“rostóv!”,31
past!,31
acres.,31
"nape,",31
joy—a,31
“made,31
stimulate,31
slipper,31
"password,",31
goeth,31
mortemart.,31
interior,31
overburdened,31
"palpable,",31
“think?,31
"cloister,”",31
salut,31
mask,31
lovely.”,31
caress,31
"advised,",31
undeveloped.,31
stepmother.,31
cleverly,31
breaking:,31
d’autre,31
"consoler,",31
girls—who,31
"advice,”",31
won’t—that’s,31
memorandum.,31
"bolkónski’s,",31
encounter.,31
despising,31
chef-d’oeuvre,31
strategic.,31
when...”,31
"gesticulated,",31
senator,31
“smolénsk,31
"natalie,",31
horrible.”,31
theories,31
else—in,31
"dutch,",31
position...”,31
hills;,31
"wounded,”",31
"alleys,",31
“police!,31
removed?,31
convoy?,31
baking,31
‘piti-piti-piti’...?,31
"nails,",31
"weal,",31
michaud’s,31
"fruit,",31
maneuvered,31
attract.,31
"‘michael,’",31
"impetuous,",31
controlled.,31
stored,31
mission;,31
shot!,31
"safeguarded,",31
egypt,31
report?”,31
fathers’,31
"dangerous,’”",31
"modest,",31
fine?”,31
"unanswered,",31
conqueror?,31
cosmography,31
"frock,",31
"scene,",31
has;,31
young?,31
things?”,31
“wish,31
(strictly,31
hatred.,31
fieldwork,31
hofs-kriegs-wurst-schnapps-rath,31
powder-monkey,31
sun?,31
compagne,31
fallen?”,31
forelegs,31
shell...”,31
aided,31
her.),31
brutal,31
"faculty,",31
annette’s,31
myself...”,31
kúrskies,31
around....,31
"bedroom,",31
"strides,",31
tuck,31
precepts—that,31
chickens.,31
frowningly,31
(among,31
service;,31
undismayed.,31
suppers.,31
serfs;,31
"caprice,",31
"finally,”",31
delays,31
probably!,31
pre-revolution,31
obey...,31
truth;,31
hours?,31
uncovered.,31
"sage,”",31
hour!”,31
dementat.,31
danube.,31
camp—i,31
planted,31
horse;,31
mindful,31
cannon—still,31
bagratión—being,31
junction—though,31
"taverns,",31
“ha,31
“routed,31
"conspiracy,",31
coffin—the,31
permitting,31
p’waps,31
lurching,31
unmilitary,31
"accusations,",31
pleasing.,31
"given),",31
sleepy.,31
shunned,31
chance!”,31
"ostermann-tolstóy,",31
absolved,31
remarry,31
climbing,31
sunlight.,31
clattering,31
dry...”,31
street;,31
extinguish,31
"thanksgiving,",31
"thunder,",31
"gradually,",31
dmítrovsk.,31
gzhat.,31
twist?”,31
revolting.,31
bitch?,31
frost....”,31
highness!”,31
organizations,31
"wincing,",31
his!—and,31
oxygen,31
cameo,31
"penetrated,",31
bohemia.,31
out—not,31
redistribution.,31
"pglaf),",31
"with,”",31
buonaparte!”,31
adorable!,31
kurágins’,31
fade,31
"kissing),",31
"dishes,",31
"dessert,",31
convient,31
"pails,",31
triangles,31
epistles,31
subjects!,31
"afloat,",31
piping,31
bwushed,31
bugle,31
aligning,31
"“demosthenes,",31
gascon),31
podolian...”,31
others...”,31
imperative.,31
"behind),",31
continued—remembering,31
bill,31
bourienne),31
"weakened,",31
"difference,”",31
face—which,31
bergs—have,31
"knitting,",31
submitted.,31
may...”,31
cognizable,31
ended?,31
gave—that,31
"heal,",31
one-year-old,31
empewo’...,31
"challenging,",31
grave?”,31
quizzing,31
hound.,31
“nastásya,31
1807!”,31
"faultfinding,",31
"fitted,",31
"untrue,”",31
"forgiven,",31
"descendants,",31
insignificance—particularly,31
chancellor;,31
citizen,31
dimple.,31
overtakes,31
high-backed,31
submission.,31
converted;,31
grassland,31
german!,31
honor),31
exist...,31
"fouché,",31
“why’s,31
"“sir,”",31
glowed,31
defeat.,31
"venial,",31
unvarying,31
china.,31
"“these—yes,",31
willing!,31
bazdéevs’,31
bleared,31
despondent,31
"obediently,",31
cleared.,31
sheath,31
"seven,",31
"stations,",31
joke!”,31
prayed!”,31
chaffed,31
lanskóy,31
engagements.,31
chats,31
freedom—now,31
toujours,31
go!’,31
like....”,31
"girths,",31
gallant-looking,31
napoleon—that,31
necessary;,31
"pettiness,",31
"terénty,",31
embarrassment.,31
count—the,31
astonishing,31
sinning,31
"sixth,",31
torrent,31
vindictively.,31
clear;,31
(like,31
plasterers,31
any),31
readable,31
press—and,31
"threat,",31
"extinguished,",31
yet!,31
“cossack!”,31
"capitals,",31
bids,31
approaching...,31
closely—to,31
flatly,31
juan!,31
knapsacks.,31
‘em,31
"woodcutting,",31
supper:,31
pupil’s—i,31
might:,31
else—he,31
"hosjeradek,",31
highfalutin,31
lording,31
“missed!”,31
survive....”,31
unapproachability,31
ponderous,31
troops.”,31
deal—forty,31
“well!...”,31
indignantly,31
mallet.,31
humility.,31
‘so,31
measures—the,31
deputations,31
"foraging,",31
limped,31
francs’,31
men?...,31
folly,31
father),31
times—“in,31
dullness,31
"muzzle,",31
meshes,31
tug,31
"querulousness,",31
guests—the,31
âme,31
earnest;,31
epaulet,31
"doing,”",31
interfered...,31
friend—is,31
everything....”,31
causes—to,31
impel,31
skittish,31
island:,31
down).,31
“bridge”,31
childishness!”,31
mathematician,31
"mettlesome,",31
“forward,31
uniform—some,31
"discussing,”",31
spiral,31
"provincial,",31
preside,31
"win,",31
slavery!,31
flogged.,31
evstáfey—his,31
enslaved,31
clausewitz,31
solved.,31
gasp,31
"background,",31
belauded,31
"“comtesse,",31
stolen;,31
himself?”...,31
"manuscripts,",31
drunkard.,31
noisome,31
"sickly,",31
powerful.,31
colonels,31
"sewed,",31
saws,31
venue.”,31
smolénsk?,31
armies—both,31
"citizens,",31
unburned,31
"worker,",31
triumphant.,31
honor;,31
interference,31
"fails,",31
untold.,31
savélich’s,31
master...,31
emergence,31
case—as,31
"infinitesimals,",31
holder.,31
void,31
disposal,31
in.’,31
"dieu,",31
meditation,31
"frank,”",31
"sin,”",31
will?,31
bust,31
"laughter-loving,",31
drowsily,31
pigtail,31
illustrate,31
"wigless,",31
majesty;,31
“nor,31
occupied?”,31
berlin?,31
people...”,31
"dry),",31
struggled.,31
armies?”,31
charmant.,31
result;,31
russen!”,31
hothouses,31
“folly...,31
irreparable,31
"dumb,",31
friend?”,31
mazuwka,31
"wrists,",31
extinguished,31
picturesque,31
"green,",31
trying”,31
it—the,31
right”,31
voir.,31
"assistant),",31
"petition,",31
salary.”,31
“si,31
externals.,31
scraping.,31
"proudly,",31
dark—we,31
people—the,31
numb,31
abominable...,31
journey...”,31
lost!’,31
“kings”,31
certainly...”,31
streets.”,31
coquetry,31
candle—moved,31
fuss!,31
"dilatory,",31
gingerbread,31
"crush,",31
górki!”,31
surrounded.,31
gosling,31
"complaints,",31
stagger,31
deals,31
"worries,",31
"lui,",31
"ashamed,",31
"unloaded,”",31
carriage.”,31
"boyars,”",31
foul.,31
"hitting,",31
moaning.,31
bit—i’m,31
shops.,31
live?”,31
"sixth),",31
slackened,31
"abundance,",31
fence.,31
ordýnka,31
rescind,31
of—the,31
"lighter,",31
form—the,31
"horseflesh,",31
excludes,31
sores,31
ago:,31
common:,31
live—nor,31
kingdoms,31
brothers-in-law.,31
divined,31
"plows,",31
miniaturist,31
everywhere—that,31
peoples?,31
weather:,31
serviceable,31
laws).,31
merchantability,31
conversation—“i,31
spindle,31
"“madame,",31
"regicide,”",31
humorously,31
christian...”,31
"state,”",31
"strenuous,",31
salvation.,31
indeed....,31
"rire,”",31
pillow.”,31
"quick,”",31
obey.,31
captured.”,31
strokes,31
ridicule;,31
captain;,31
suvara,31
"lukích,”",31
scabbards.,31
retire!”,31
"texture,",31
"otherwise,”",31
battlefield.”,31
"altered,”",31
suffering?”,31
deploying,31
corks,31
utter:,31
endure...,31
"godmother,",31
iogel’s?,31
ilyúshka,31
"composed,",31
accidently.”,31
repugnance,31
"yellow-faced,",31
affirmatively.),31
legs;,31
hieroglyph,31
establishing,31
in),31
pétenka—he,31
fifty-three,31
"entry,",31
serfs?”,31
lies!,31
mortgaged,31
gray...”,31
rhythmical,31
grace.,31
véra—mentioning,31
wish—to,31
"hesitations,",31
thrummed,31
“metallic,31
girl!,31
wretch—that’s,31
"feverishly,",31
arrow,31
army—moved,31
majesty....”,31
moved—and,31
intriguer;,31
"someday,",31
refill,31
"goliath,",31
biscuit;,31
lemonade,31
“oh-h-h!,31
plum,31
proudly.,31
outstripping,31
dimples,31
woodcuts,31
coachman—a,31
1805;,31
prisoner?”,31
rotating,31
"projections,",31
jesters,31
saints;,31
yielding.,31
"tag,",31
"tsars,",31
mobs,31
whiffs,31
crucified,31
percolating,31
"sad,”",31
“mother,31
requires,31
"baked,",31
witticisms.,31
dmítrov.,31
life—is,31
cart....,31
merit.,31
soldiers--fled,31
"rehearsing,",31
joyful.,31
came:,31
he:,31
reliable.,31
song!”,31
affairs—this,31
treaties.,31
voluntarily,31
illogical.,31
vot’e,31
quarreled?,31
xvi.,31
leader.”,31
apprehend,31
act;,31
"endless,",31
punitive,31
"alteration,",31
title:,31
prussia.’,31
touches,31
hopeless:,31
"fifty,”",31
go—foot,31
invalid.”,31
fruitless,31
meditatively,31
lech.,31
individu,31
"inaudible,",31
enns.,31
ransack,31
"material,”",31
"offensive,",31
world-famous,31
fo’ward!”,31
accurate,31
essen,31
rhyme,31
that?...,31
banquet.”,31
barriers,31
clearing.,31
baseness!,31
"different,”",31
epiphany.,31
more.”,31
malice,31
stir—a,31
"80,000",31
weakness—the,31
"rob,",31
pension,31
trustee.,31
“síla,31
epigrams,31
"anecdotes,",31
pale-yellow,31
hares,31
(daniel,31
attachment,31
bathhouse,31
race—by,31
relic,31
writing!”,31
"daughters,”",31
winning.,31
bait,31
tell!”,31
health!,31
"‘mamma,’",31
compared...?”,31
corporal...,31
respectfully:,31
diagnosed,31
plots,31
9,31
think?”—she,31
lapsing,31
son!,31
decorations.,31
“arguing?,31
hayfork.”,31
peu,31
draughts,31
obstinately.,31
slung,31
conversation:,31
stealing,31
maddened—even,31
nonchalance,31
"whereas,",31
them!...,31
“vasílich,31
"cart,”",31
bumblebee,31
"vespertime,”",31
unexplored,31
nonhuman,31
"“quarters,",31
genius—that’s,31
quarter.”,31
adjutant’s?,31
pathetically,31
venomously,31
difficulties...,31
"wrote),",31
surprisingly,31
gnaws,31
"neskúchny,",31
foragers,31
girdle.,31
dotage,31
conforming,31
trading,31
now);,31
bath;,31
"mysticism,",31
ends—the,31
wagram.,31
succeeded;,31
rich....,31
crossly:,31
divested,31
sooner;,31
naughty...”,31
nicholas:,31
slacken,31
scaevola,31
components,31
"omitted,",31
"rabbit,",31
affinity,31
d’enghien.,31
"ivy,",31
bosom—which,31
“—so,31
deprecating,31
note:,31
theatricals.,31
plethoric,31
patient’s,31
"tradespeople,",31
"superstition,",31
along.”,31
"springs,",31
varnished.,31
dwive,31
ratifies,31
crippled,31
devil’?”,31
gusto,31
"indistinctly,",31
division—stipulates,31
russians—the,31
"o’clock,”",31
"pleasure),",31
canonized,31
"fortune,”",31
heartless.,31
wary,31
"sum,",31
luck?...,31
blind.,31
committees,31
condemnations,31
"drowsing,",31
illuminism,31
"boisterous,",31
then...,31
"philosophize,",31
spotless—but,31
room!”,31
deep-toned,31
bang!,31
dreary,31
"confusion,”",31
exhibited,31
"persistently,",31
bachelors,31
woman’s—that,31
opera—gratified,31
beats!”,31
spirits;,31
"satisfactorily,",31
faithlessness.,31
sordid,31
"sphere,",31
fishing,31
overlaid,31
theaters—but,31
pray!”,31
obtained;,31
(states-general)—evoked,31
quietest,31
hate.,31
unhesitatingly,31
women!,31
discriminate,31
dissension,31
arkhárovs’.,31
"romance,”",31
involuntary.,31
i?...,31
elchingen,31
"invincibility,",31
pump,31
appearing?”,31
"bumblebees,",31
sir...”,31
marquise.,31
"dispatch,",31
friendliest,31
insincere;,31
"pity,”",31
confronting,31
“heroes”),31
"incline,",31
"rude,",31
reminder.,31
vesénny?”,31
"likhachëv,",31
"“oh—why,",31
torture.”,31
probable,31
him—no,31
effort:,31
night!,31
inadequately,31
opponents’,31
admiringly,31
aims—only,31
risks,31
now—you,31
love:,31
"outlooks,",31
west—paris—and,31
poetry.,31
evade,31
"craft,",31
abstraction.,31
incontestable,31
knowledge—thanks,31
mercy.,31
gare,31
horrible!”,31
something!,31
window),31
——’s.”,31
"lashes,",31
“takes,31
warmer.,31
"misunderstandings,",31
egged,31
dmítrievna?”,31
elders.,31
"countermarches,",31
latter—unconscious,31
staff?”,31
apologize.”,31
“c’est...,31
seams,31
irresolute.,31
“stepping,31
marry?”,31
austerlitz:,31
thuerassa,31
"certainly,",31
promise—it,31
"elsewhere,",31
narýshkin.,31
valúev,31
"narýshkin,",31
straight!,31
knight.,31
slippers.,31
"large-boned,",31
octogenarians,31
travels,31
snug,31
went.”,31
icon?”,31
‘i’ve,31
treat?,31
then—again,31
"(nicholas),",31
exhaled,31
decaying,31
slip!”,31
natásha—a,31
windowpanes.,31
glued.,31
oldenburg;,31
dumfound,31
doorpost,31
wallachia;,31
“here.,31
noblemen’s,31
alight.,31
“bezúkhov,31
minute...”,31
emperor;,31
"morosely,",31
moment—to,31
reaped,31
"goods,",31
shamefacedly.,31
"gently,”",31
eh!...,31
music—“it,31
sausage-shaped,31
matters.”,31
nicholas—having,31
mind!,31
"entirety,",31
hut;,31
showering,31
"convoy,",31
ratiocination,31
killed!...,31
crashing,31
shirts.,31
"battre,",31
long-extinguished,31
ten-year,31
eddies,31
topic.,31
canceled.,31
brother;,31
"lace-trimmed,",31
scapegraces,31
borís—the,31
astride,31
"countess),",31
understand—tolstóy’s,31
strut,31
after?,31
attached;,31
stumpy,31
ex’len-lency!”,31
action.),31
men...,31
bad....”,31
wednesday’s,31
moistened,31
unmelted,31
told...”,31
"earnestness,",31
fatted,31
conversant,31
roles,31
whatnot!,31
"70,000",31
old-time,31
wrong.”,31
"doubtfully,",31
lazarchúk,31
“unsoundly,31
nicely.,31
snuggling,31
consent;,31
idle.,31
anne,31
chat.,31
"rides,",31
neglected.,31
good?”,31
“you”,31
"statues,",31
knouted,31
ready!...,31
exposed—beckoned,31
"femmes,",31
lengths?,31
earth—to,31
shakes,31
eloquence,31
"forget,”",31
propounded,31
"dispersed,",31
himself—pointing,31
"wheel,”",31
habitually,31
particular:,31
absence!,31
reticent,31
stuff.,31
happily...”,31
corvisart,31
relaxed.,31
lining,31
air....”,31
ooh...,31
errors.,31
firstly...”,31
smiles:,31
"carted,",31
twenty-sixth—there,31
cart.”,31
structures,31
enter;,31
exotic,31
incident.,31
farms,31
interminglings,31
singers!”,31
(ermólov,31
“hurrah-ah-ah!”,31
attained:,31
southerly,31
"spire,",31
ugly—seemed,31
satisfied.,31
"semidark,",31
unripe,31
geometric,31
undertones,31
applications,31
"flints,",31
music!,31
decomposition;,31
dimensions.,31
temps,31
of—even,31
“can’t,31
phrases),31
"workshops,",31
contribute,31
horseflesh!,31
dream?,31
only—his,31
"photius,",31
brigand,31
"plutarch,",31
unconfirmed,31
"statistics,",31
1.a.,31
"çela,",31
"nice,”",31
nicholas—“said,31
son:,31
policeman.,31
zat.,31
gauzy,31
escape?”,31
"superior,",31
"obsequiously,",31
sustained,31
"lech,",31
mais,31
"burst,”",31
kick,31
off....,31
tenfold,31
pebble,31
frequent.,31
cannon’s,31
"jump,",31
“matvévna’s”,31
lovers.,31
means....”,31
shovel,31
"thanked,”",31
after?”,31
awards,31
another!”,31
orders!,31
“charge!”,31
prizes,31
"less—yes,",31
combatants,31
indescribable,31
cat!”,31
good?,31
fence!,31
friedland.,31
"misspelled,",31
elohim,31
perplexity:,31
lovingly,31
weaker.,31
protective,31
"scatter,",31
overclean—it,31
storm?”,31
count’s.,31
comedian,31
"suitors,",31
belabor,31
"gambler,",31
divine!,31
money’s,31
besprinkled,31
l’empereur!...,31
dewy.,31
errors,31
(unless,31
"succor,",31
"“do,",31
list.”,31
meadows.,31
"beetles,",31
whipped.,31
ruined?,31
village:,31
dwarfs,31
smell.,31
scepter.,31
"whence,",31
"pencils,",31
"greeted,",31
government’s,31
anxious?,31
his—has,31
guiding.,31
trailed,31
"moscow),",31
"conquer,",31
indubitable.,31
domain.,31
"patronage,",31
"combat,”",31
brightest,31
mother?,31
"planed,",31
"preceded,",31
which—as,31
bumped,31
"grin,",31
command...”,31
d’ordre...”,31
aren’t—like,31
carrion.,31
"victories,",31
"sprouting,",31
troops)—they,31
syllable.,31
lingo.”,31
"greater,",31
innovations,31
"1820,",31
regulate,31
alexéevna.,31
"premises,",31
ironic—a,31
"admit,",31
"fire—namely,",31
say—those,31
"dependence,",31
"northern,",31
"“kurágin,",31
"person),",31
venetian,31
unabashed.,31
over....,31
"sinner,”",31
alliances...”,31
vill,31
"any,”",31
"ugly,",31
hand—with,31
anglaise.),31
forgotten....”,31
reading:,31
announces,31
practicing?,31
"ranks,”",31
drawn-in,31
"“gott,",31
"apologize,”",31
angrily;,31
"philosopher,",31
later!”,31
"“fo’ward,",31
hillock.,31
jews,31
victorious!,31
children—that,31
timely,31
incarnate.”,31
barrier!”,31
"“dearest,",31
"happiness),",31
dólokhov—“you,31
orphan,31
"inattentive,",31
tone:,31
denísov—“but,31
"wares,",31
outlining,31
"man’s,",31
"‘yes,’",31
appreciative,31
railing,31
explanation;,31
"thrashing,",31
"subordinate,",31
punctuation:,31
exposition,31
alone—the,31
day!”,31
"baron,",31
would!,31
kornikí,31
smart.”,31
exploits.,31
we?”,31
wig,31
expiring.,31
fiancée,31
seminude,31
sevenths,31
prettiest,31
begin.”,31
forgiven;,31
don’t.”,31
count.”,31
find;,31
decays,31
(overcoming,31
him—those,31
raévski.,31
múdrov,31
melts,31
"meditating,",31
countinghouse,31
day.”,31
usvyázh.”,31
tíkhon?”,31
peasants—“asks,31
“abstiens-toi”,31
"galítsyn,",31
rule.”,31
tatárinova.,31
luckily,31
kutúzov),31
"bluish,",31
prowess.,31
"bidding,",31
"vessel,",31
one?...,31
madman,31
"duchénois,",31
friendship!”,31
"table,”",31
well-phrased,31
circumstances—so,31
conclude.,31
evening—again,31
petersburg?...,31
sérpukhov,31
rear—where,31
themselves!”,31
"absently,",31
vanished—disappeared,31
whereabouts.,31
"fearlessly,",31
"swiftness,",31
swerving,31
"boys,”",31
"dirk,",31
goodness.,31
forget?”,31
colosseum.,31
rams,31
"attitudes,",31
predestined.,31
occurred;,31
wheels;,31
inapplicable,31
fewest,31
provokes,31
joshua,31
1.e.4.,31
computers.,31
elite.,31
"diamonds,",31
"condé,”",31
funny!”,31
"“beautiful,”",31
occupied:,31
powdering,31
coffee.,31
capital!’,31
penetration,31
"keg,",31
pacing.,31
infantry!,31
declarations,31
"mare,",31
‘our,31
president,31
"vigorous,",31
laced,31
committeemen,31
guarantees;,31
bull,31
assented.,31
speránski’s:,31
certains,31
"rudeness,",31
thing?,31
pride;,31
"pilgrim,",31
prodigy,31
"wasted,",31
(nearly,31
manage.,31
"ailing,”",31
audibly.,31
"bearskins,",31
“...,31
peters...,31
(ou,31
"chivalrous,",31
“sire!,31
"armfeldts,",31
her—“will,31
gentlemen-in-waiting),31
zinaída,31
otkupshchík,31
jolting.,31
furtively,31
nobody!,31
"grain,”",31
communication!”,31
"blamed,”",31
wriggles,31
suppositions,31
meadow.,31
garbs,31
himself—he,31
housekeeper,31
word—le,31
abreast,31
"incognito,”",31
unreasonably,31
dealers.,31
muddles!,31
affinity.,31
deed—interrupted,31
"attachments,",31
"uplifted,",31
sleep...,31
event—from,31
performance!,31
disruption,31
disclosing,31
sentinelles,31
involves,31
occuring,31
"bloody,”",31
kerchiefs,31
“bravo!,31
mislead,31
“princess!”,31
suppressed.,31
thiers’,31
newest,31
renovation,31
receptions.,31
"bottles,",31
tint,31
friendship’s,31
dyed,31
and—with,31
underlip.,31
"twenty,",31
"harshly,”",31
worded,31
coat...,31
"clouded,",31
silent!”,31
fräulein,31
"skillfully,",31
"mots,",31
serpent!”,31
switches,31
easiest,31
"eventuality,",31
resounded.,31
helmet,31
darling!...”,31
scream...,31
news.—“say,31
orders!”,31
“seize,31
happy....”,31
unhappy.”,31
wilt,31
preferred.,31
"schools,”",31
monk’s,31
"bitter,",31
couches.,31
"pesthouse,",31
markedly.,31
"extent,”",31
forsaking,31
rejuvenated,31
"paragraphs,",31
"“miláshka,",31
dangles....,31
"tray,",31
‘uncle’?”,31
learn—what,31
expressly,31
"ruin,”",31
marry—he,31
courtier’s,31
"absolutely,",31
situated.,31
beer.,31
q,31
"obolénski,",31
provinces...,31
indefinite.,31
subsided.,31
“loot,31
southeast.,31
púshkin’s,31
hostel,31
"“búrdino,",31
"especially,",31
"extended,”",31
"smell,”",31
cure?,31
wounded—some,31
"mowers,",31
splintered,31
gesticulations,31
precedents,31
please?”,31
particularly.,31
custody.,31
packing—press,31
arrangements.),31
sainte.,31
"sublimity,",31
chalks,31
few),31
almshouse,31
obsessed,31
"soldierly,",31
inflammation,31
living?”,31
living;,31
"orlóv,",31
combining,31
fortifying,31
beatified),31
furry,31
"hoarfrost,",31
there....,31
roots,31
"i,’",31
army—first,31
pain?,31
acclaimed,31
purple-black,31
thatch,31
performer.,31
francs,31
"beekeeper,",31
her—denísov’s,31
yet....,31
pwonounce,31
"ticket,",31
"lisa,",31
exists—the,31
"cone,",31
"unity,",31
1.d.,31
"and,”",31
who—is,31
mlle,31
slippers—was,31
cap—to,31
“hm....,31
daresay?,31
"enjoyment,",31
contention,31
description.,31
prokhór,31
doubles,31
wasteland,31
sun!,31
diplomats,31
"bonaparte’s,",31
it!’,31
full-faced,31
medvédev!”,31
touchpans,31
gaitered,31
ekonómov,31
screws,31
"aiming,",31
"damaged,”",31
"alarmed,",31
activity—the,31
germans!,31
feebleness,31
knights!”,31
district.,31
"cleaned,",31
7.,31
(un,31
intellect.”,31
argue?,31
shaped.,31
imitators;,31
“grounds,31
mentality,31
monarchical,31
"elisaveta,",31
evenings.,31
shoes),31
"physiognomy,",31
successor,31
“back!”,31
ulyulyuing,31
"solution,",31
who—having,31
don’t?”,31
"jokes,”",31
napoleon),31
expenses.,31
gloves;,31
advocating,31
theorist,31
do—it,31
"kinder,",31
"breathe,",31
warding,31
lazily.,31
"remaining,",31
“‘told,31
himself”—and,31
acquaintance!”,31
precision!”,31
raveled,31
“awkward,31
hellish,31
marveling,31
invincible,31
crimson.,31
"shut,",31
"présnya,",31
appeased.,31
"twelve,",31
"snuggery,",31
mourning.,31
feeling—her,31
civility,31
"workmen,",31
mind.”,31
malákhov,31
"harmed,",31
disparity,31
footgear,31
shorten,31
motto,31
noise?”,31
soldier....”,31
off:,31
"theirs,’",31
wag—whom,31
"drawled,",31
find—the,31
hindrances,31
burned—in,31
softened?,31
roguish,31
possible?,31
"praises,",31
reprehensible,31
"tired,”",31
"special,",31
peas—like,31
round;,31
leaders?,31
"infinitesimal,",31
included.,31
chimerical.,31
empty.”,31
wool,31
olga,31
"clumsy,",31
zen,31
inheritance;,31
"antechamber,",31
petrúshka!”,31
soul-shaking,31
outweigh,31
"purse,",31
rocky,31
railings,31
captain?,31
truer,31
philosophizing,31
“vill,31
“refill,31
bogdánich.,31
"“fine,",31
stature,31
“countess...”,31
"outhouses,",31
"cripple,",31
doled,31
felty,31
chief—also,31
turned.,31
“me,31
tribunals.,31
servility;,31
brimful,31
want...,31
"kennelman,",31
protrude,31
no—this,31
clown—dimmler—and,31
jest—that,31
grenadier,31
"sellers,",31
"justice,”",31
"maliciously,",31
bodyguard.,31
armfeldt’s,31
debates,31
"drubetskáya),",31
"“go,”",31
packages,31
you”;,31
hothouse;,31
shoe.,31
"oreille,",31
"chevalier,”",31
“ah...,31
"grapeshot,",31
benefactions,31
sidled,31
lopukhíns,31
"architecture,",31
lunched,31
ash,31
"rostopchíne,",31
engines.,31
ages,31
composed.,31
"mists,",31
encompass,31
basely.,31
"probably,",31
appositely,31
connais,31
“love?,31
"converge,",31
nation—should,31
shows),31
masses),31
pokróvsk,31
clothing,31
dmítrich?”,31
maneuvers....,31
burden.,31
"formality,",31
granaries—for,31
schoolroom,31
trifled,31
music?,31
"rapidity,",31
"agriculturists,",31
examines.,31
employee,31
www.gutenberg.org/contact,31
proud-looking,31
"also,”",31
dark;,31
naming.,31
andrew”,31
conversation—“and,31
“gone?,31
"condition),",31
retreating?,31
quick...”,31
25th,31
"arm,”",31
unwounded—it,31
intercepted,31
overpowering,31
love—a,31
rebuking,31
lackey’s,31
retinues.,31
gained!,31
levers,31
"prishprish,",31
"mien,",31
tomorrow—or,31
"mirthful,",31
praskóvya,31
"dance,”",31
mopping,31
power....,31
"comical,",31
"explained,",31
"frenchman),",31
"desire,’",31
reason!,31
"incense,",31
"lázarev,",31
vasílevich,31
dispelled—looked,31
earnest...”,31
supper.”,31
"this),",31
"“pretty,",31
covert...,31
"“rubbish,",31
temptation—the,31
improvised,31
wrap,31
absence....”,31
cosaques),31
theatrically,31
"bow,",31
concisely,31
"shove,”",31
unpopular;,31
gáchina,31
cook’s,31
bewails,31
corpse.,31
"terrifying,",31
literate,31
"regiment,”",31
mobs.,31
onslaught,31
"crockery,”",31
surrendered.,31
quicker.,31
hides,31
“owing,31
était,31
scales.,31
"spread,",31
“most,31
extolling,31
virgin.,31
workman.,31
presence?,31
"reap,",31
other!”,31
issued:,31
sewing,31
trunks....,31
bórovsk,31
important!”,31
brandish,31
ass!,31
want!”,31
stuff—only,31
alive—a,31
goes!,31
chance?,31
discarding,31
impregnable,31
properties,31
“high,31
harm?,31
bought—sismondi,31
readers,31
"migrate,",31
on—millions,31
lately.,31
relapsed,31
supposes,31
it—equality,31
"vasílevich,",31
"through,”",31
"thirty,”",31
d’oeuvres.,31
(márya,31
shame!,31
foundations—has,31
kind?”,31
blue-striped,31
anglaise,31
"armpits,",31
are—at,31
honoring,31
morgen!,31
"lambach,",31
“malgré,31
timókhin’s,31
ball...,31
schérer.,31
seducer.,31
teatime,31
chandelier,31
"outcries,",31
braiding,31
that—if,31
“killed!”,31
blessedness?”,31
danced.,31
"dealing,",31
angel—as,31
panic—it,31
"denial,",31
job’s,31
quivering.,31
lilac-colored,31
"privilege,",31
overshadowed,31
three),31
anecdotes.,31
"nobodies,",31
jaws,31
"scut,",31
dimmler.,31
“louisa,31
“yonder.”,31
mikháylovna—what,31
sónya...”,31
"kámenka,",31
"pensively,",31
"meshchérski,",31
stouter?”,31
different.),31
undermined,31
retires,31
negotiate.”,31
proprietors.,31
"horsecloth,",31
crossroads.,31
"pyramids,",31
available:,31
please....,31
coldness—they,31
fear—to,31
rome!”,31
center—destroy,31
“une,31
"ponds,",31
mug!,31
presently.,31
"kitchen,”",31
porches.,31
"middle,”",31
noon.”,31
drawer.,31
drones.,31
empress’.),31
"“sire,”",31
volunteered,31
force—october,31
bask,31
energies.,31
"plátov,",31
straggler,31
presupposable,31
he”—he,31
pike,31
daylight?,31
chief...,31
eat?...,31
fetched.”,31
“lancers,31
"farm,",31
senseless—was,31
own?”,31
"factories,",31
"succession,",31
"rousseau,",31
following:,31
"prescribed,",31
"frog,",31
"finite,",31
irs.,31
2022],31
golítsyn.,31
"admit,”",31
indeed.”,31
age.”,31
literally,31
leonine,31
(only,31
friend;,31
satire,31
ally.,31
snaffle,31
dust...,31
heart—watching,31
nonreceipt,31
trusting,31
"forefinger,",31
"ekonómov,",31
"“and,",31
walking?”,31
up—i,31
"action,”",31
deathly,31
adjutants—was,31
longest,31
“move,31
gingerbread!,31
"“please,”",31
coronet),31
that—came,31
breathing!”,31
"ashamed,”",31
indignantly.,31
emilie,31
"discovered,”",31
thomas,31
manfully,31
undress.”,31
him—especially,31
fled—if,31
"refresh,",31
money—i,31
"“daniel,",31
swiftly.,31
pólya.,31
pashette,31
becoming.,31
miss.,31
"sentimentally,",31
"frozen,",31
unclothed—sat,31
pressed.,31
“he!,31
angel?,31
clearer--think,31
war:,31
paris—left,31
re!”,31
corpulent,31
swedes—it,31
"swedes,",31
quarters—a,31
despoil,31
"“scoundrel,",31
"chinoises,",31
cartloads,31
fast.,31
dotard!...”,31
burgher,31
talks.,31
sour,31
bruised.,31
“reinforcements!”,31
refolded,31
presentiment.,31
"amputated,",31
processions,31
sensations,31
"sentiments,",31
ruler-administrator,31
french...,31
swam,31
“piti-piti-piti,31
"stir),",31
"loaf,”",31
loaf!”,31
joy.”,31
it—to,31
“how!,31
you—the,31
"lit,",31
"capture,",31
(none,31
left....”,31
drudgery,31
"brim,",31
uniform.”,31
long-necked,31
folk.”,31
proclamations.,31
blinding,31
harmonize,31
neighbor!,31
fruitful—probably,31
"personages,",31
counters,31
force—a,31
illumination,31
contradiction.,31
files,31
conveniently,31
uncle.,31
"vestments,",31
"tenaciously,",31
honeyed,31
"eyes—large,",31
"downy,",31
"new,”",31
right—serve,31
amidst,31
recollect,31
encumbered,31
steaming,31
snacks.”,31
"strike,",31
entice,31
vyazmítinov,31
reciprocated,31
imminence,31
"extremely,”",31
dancer?,31
forced.,31
contented.,31
thyself.,31
abyss,31
hither?”,31
lawlessness,31
"distinctions,”",31
friend—i,31
cavalryman,31
squadrons.,31
countwy,31
degrading,31
referred?”,31
jot,31
opponents;,31
"“january,",31
"kurágin,”",31
"distinct,",31
unprovoked,31
others—are,31
ending:,31
gag,31
arduous,31
abductors.,31
condition;,31
breast.”,31
encampment,31
"repeatedly,",31
rumbling,31
letter!,31
cakelike,31
allot,31
going....,31
“ah!...,31
ambled,31
thing—others,31
author’s,31
in:,31
militia?”,31
scrupulously,31
exceeding,31
"maman,",31
"affirmatively,",31
bald-headed,31
"ukáse,",31
relinquishing,31
ruminated.,31
wounded?,31
cometh!’”,31
gracieux,31
terror...”,31
brain-spun.,31
places;,31
"privation,",31
ha-ha-ha!,31
bluntly—staining,31
shivers,31
pas.,31
actions—without,31
unprecedented.,31
lot!”,31
"“liar,",31
him—whether,31
prestige—do,31
family:,31
describes,31
activity;,31
holder,31
children?,31
alike—turned,31
ilyá?,31
inherit...,31
seat;,31
intriguer!”,31
ancestor,31
son),31
unstrapping,31
beggarly.,31
cart!,31
flakes,31
wa...,31
blubberers,31
describes!”,31
wasted.,31
"ilariónovich,",31
intimidating,31
immediately;,31
derogatory,31
"businesslike,",31
"regenerate,",31
passion!,31
waits,31
patron,31
atheistic,31
reason....”,31
"stone-still,",31
public—were,31
(suggesting,31
released.,31
likes.,31
"yelp,",31
anísya’s,31
distrusted,31
music;,31
"mission,”",31
petrified,31
"theorist,",31
endanger,31
synod—a,31
évidence.”,31
wrists.,31
bulff?,31
elder....,31
unmeaningly,31
chuck,31
madame!”,31
encumbering,31
convulsively.,31
battle—the,31
generally.,31
pope,31
officials—the,31
blessed.,31
“start!”,31
alleys,31
half-severed,31
(ramballe,31
reload,31
denser—he,31
"lily,",31
cases—that,31
her—not,31
"cares,",31
on—as,31
permutations.,31
away—if,31
marsh.,31
staining—i,31
"tails,",31
sheepish,31
rôle.,31
god.”,31
busy.”,31
imagined?,31
pg,31
jaffa,31
said....,31
"draught,",31
hussars.”,31
gambols,31
leper.,31
"smaller,",31
"paper,”",31
"vous,",31
coffee?”,31
diplomat’s,31
is...”—he,31
"outskirts,",31
frivolity...,31
receptions),31
nowadays—but,31
nikólenka,31
quickly....,31
sire!”,31
creek.,31
"well-groomed,",31
leg;,31
motionless;,31
"shied,",31
rejoining,31
"races,",31
toast,31
"bekleshëv,",31
fault?”,31
"purified,",31
d’affaires,31
"spent,",31
someone?,31
pockets!’,31
fwashing,31
outstretched.,31
capitaine,31
signed.,31
alders,31
"profit,”",31
purification.,31
mein,31
"misty,",31
reorganized,31
laugh—a,31
"mustache,”",31
galling,31
stage—who,31
picturesquely.,31
"blackguard,",31
"emaciated,",31
petitioned,31
trammeled,31
strikes,31
"cup,”",31
trap-ta-ta-tap!,31
walk—with,31
go?’,31
peopled.,31
"unceasingly,",31
disobey.,31
blameless,31
spares,31
rome.”,31
"mash,",31
"exploit,",31
alluringly,31
clustered,31
"blonde,",31
vílna;,31
incendiaries.,31
paunch,31
horsecloths,31
bay.,31
scowl,31
"all,’”",31
"d’ordre,”",31
‘at,31
step.”,31
brothers...”,31
older!,31
still-deeper,31
spoken?,31
discredited,31
remorselessly,31
effective—the,31
safety.”,31
"eaters,",31
behaved.”,31
exile.,31
inconvenience—in,31
occur—that,31
connect,31
1.e.7.,31
corrupt,31
paternity.”,31
"narrator,",31
watchful,31
"english,",31
plague-stricken;,31
relays.,31
character:,31
*do,31
dinner?,31
countenances.,31
"cupboards,",31
“wants,31
prime,31
fallen!”,31
liebchen,31
subtleties,31
yeux,31
gascons.),31
here—in,31
kinder.,31
unsuccessful,31
insistence.,31
fr...”,31
"petisenfans,",31
‘usurper,31
lever,31
hottest,31
dueling,31
guiltlessness,31
hunchback,31
those!...”,31
tickets,31
"believes,",31
edifying,31
"court,”",31
remounted,31
commuted,31
poorly,31
mercury,31
matvéich...,31
przazdziecka,31
"wail,",31
"chord,",31
zakhár!”,31
"freemasons,",31
must...”,31
possible!,31
love!”,31
surlier,31
reign!”,31
re-erect,31
"now),",31
people—this,31
“form,31
vinaigrette,31
sov’weign,31
decreases....”,31
french—having,31
dutifully,31
table.”,31
recent.,31
bristled,31
momentarily,31
undulating,31
trench.,31
disablement,31
continuity),31
sacrificed.,31
corded.,31
prince:,31
laden.,31
“count!”,31
"culprits,",31
“robbery,31
daydreams,31
them—how,31
"midst,",31
“greatness.”,31
wastage,31
accomplishing,31
wrinkles.,31
bastards!”,31
"brutes,",31
"snowy,",31
late...,31
growing.,31
death—never,31
society?,31
culture—following,31
books;,31
log.,31
all-seeing,31
attila’s,31
disapproved.,31
rustling.,31
“settled!”,31
rumyántsovs’,31
"touch,",31
things!”,31
mamma—what,31
achilles’,31
major!,31
ranks!...,31
“bolkónski,31
"muter,",31
“there...,31
grunth.,31
unattractive,31
"nuisance,”",31
shiftiness,31
“lads!,31
unmask,31
slap,31
elasticity,31
“kill,31
"feel,”",31
“directly!”,31
"observations,",31
"mayonnaise,",31
"trimmed,",31
way...”,31
"alarmed,”",31
"saint,",31
honor—it’s,31
unclean.”,31
jews.”,31
elongated,31
turf.,31
pursuits,31
joys.,31
"discerning,",31
unaided.,31
“ulyulyulyu!,31
revolted,31
crimes.,31
astute,31
now”,31
napoleon—hardly,31
"merrier,",31
orange-colored,31
needed!”,31
care?,31
return—was,31
"muscovites,”",31
pall,31
will—the,31
"occasions,",31
kutúzov!”,31
mist-enveloped,31
"irresolutely,",31
"phrases,",31
thud!,31
life—i,31
(absolute,31
freely—and,31
schoss’.,31
"roans,",31
sadóvaya,31
holies,31
"agitating,",31
houses—in,31
well!...,31
faltering,31
outward,31
event—which,31
adjutants-general,31
"échkino,”",31
spring!”,31
aristóvo,31
combatant,31
"myself,’",31
"lastly,",31
answer:,31
too—terénty,31
"contingent,",31
"marries,",31
unanswerable.,31
instilled,31
another—that,31
delegations,31
enlighteners,31
convert,31
outdated,31
commonly,31
kurágin’s.,31
growling,31
spot”,31
"staircase,”",31
immovable,31
twitch.,31
deride,31
andrew...”,31
accoucheur....,31
"glass—started,",31
front”,31
“morning,31
malheureux,31
cracked!,31
word;,31
bridge.’”,31
faith!,31
exhibiting,31
flight?,31
"stirrup,",31
blackguards...”,31
style,31
slashed,31
purchased,31
bivouacs,31
enemy?”,31
waken...”,31
averted,31
"impetus,",31
fruschtique,31
many—and,31
pile,31
"“nikólenka,",31
whom?...,31
advantageously.,31
prozoróvski,31
fraud!”,31
recovering.,31
offenses,31
aversion,31
darkness;,31
"meekly,",31
plumes?...”,31
harshly,31
carryings,31
"executor,",31
“oh?”,31
incurring,31
sadder,31
quarrel;,31
sees...”,31
"avenged,",31
"unspent,",31
"attributes—love,",31
storms.,31
"fearless,",31
"delicacy,",31
arrested...”,31
end!,31
nehmen.”,31
madonna,31
dew-besprinkled,31
crossing!”,31
"“compassion,",31
curtsied.,31
dishes.,31
"accommodated,",31
he!”,31
limping.,31
handle.,31
"“yes—love,”",31
pas!”,31
hammered,31
"mot,",31
defeating,31
"solicitude,",31
"prayed,",31
"withdrew,",31
statements.,31
pit.,31
flowered,31
alertness,31
"aristóvo,",31
"semidarkness,",31
feet!,31
long-sustained,31
procuring,31
(mysterious,31
"bailiff,",31
qualities),31
blame?,31
bunt,31
clever.”,31
bonapartist,31
"decreed,",31
representations,31
hypertext,31
"$5,000)",31
repaid,31
"livery,",31
safe;,31
"kurágin’s,”",31
impersonate,31
berg.”,31
perplexed.,31
aim—to,31
oft-repeated,31
performance.”,31
please—i’ve,31
advancing.”,31
austrians!,31
indolent,31
"“nesvítski,",31
fwo,31
show!”,31
mirónov,31
life...”,31
"red-haired,",31
terrible—and,31
cannonading,31
request.,31
to—pierre,31
companion!,31
ulterior,31
did.),31
tremble,31
"assembled,”",31
assisted,31
alone),31
adve’sawies,31
gorchakóv,31
card!”,31
"receipt,",31
traveler.,31
"statutes,",31
“europe,31
bad—wrong.”,31
prochain—your,31
badly?,31
"enlighten,",31
"folk,’”",31
yúkhnovo....”,31
conveyance.,31
i’ll...”,31
estates—and,31
chintz,31
b.,31
constricted,31
someone—it,31
"mornings,",31
ask?,31
borzozowska),31
kennelmen,31
water-worn,31
oats?”,31
conspirators?”,31
explosion.,31
respects.,31
housemaid,31
"beasts,”",31
challenges,31
"“anatole,",31
perdere,31
waiting—prepare,31
theory’s,31
grumpy,31
"ostermann,",31
brass,31
forgive....,31
lives—evewy,31
préopinant”—“my,31
"trace,",31
michael...”,31
rosebushes.,31
unmade,31
women—and,31
minister.”,31
bickering,31
bolótnoe,31
light....”,31
"winning,",31
seas,31
“russia’s,31
"remembers,",31
offense;,31
much....,31
"forgetfulness,",31
"terrible—disgusting,”",31
plundered.,31
wagered,31
blonde.”,31
fitness.,31
seven-year-old,31
gods,31
"koutouzov,",31
"zeal,",31
(say,31
"coincidence,",31
news?”,31
"bwother,",31
lasted:,31
assez,31
perplexity?,31
"consoling,",31
desire;,31
interrogative.,31
something...”,31
changes;,31
"robberies,",31
legislature.,31
grievance,31
plain...,31
counteract,31
pens,31
proposing.”,31
"jewish,",31
life—man,31
renamed.,31
"obsolete,",31
maid.”,31
conversational,31
"workbag,",31
amber,31
germany;,31
i!...,31
weigh,31
kámenski”,31
keenness,31
"danube,”",31
ushered,31
elegantly.,31
"deliverer,",31
befriend,31
"obedient,",31
"prone,",31
carabineers.,31
"“three,”",31
do...not,31
"hammer,",31
"peculiarities,",31
noxious,31
"underclothes,",31
"commissioner,",31
"unhappiness,",31
"realm,",31
journey—from,31
unabashed,31
"grasshoppers,”",31
before....”,31
consternation,31
"promenade,",31
greedy,31
"slave,",31
veterans....,31
withers,31
flurried—compose,31
may”,31
them....”,31
confounding,31
army—tried,31
undivided,31
"affairs,”",31
gentleman.,31
baser,31
years—thoughts,31
tasks,31
“yákov,31
"held,",31
soldier.”,31
not...”,31
thought—to,31
fouché;,31
semënovsk.,31
dispensations...”,31
annoyed.,31
warrior?”,31
blood-stained,31
"david,",31
agonized,31
"critical,",31
deadly,31
moscow—she’s,31
nízhni-nóvgorod.,31
beaten.,31
impeded,31
crown!,31
planks!”,31
aggressive,31
scrutinize,31
could?”,31
untying,31
ascertaining,31
"sewing,",31
disfavor—to,31
incredibly,31
combative,31
think...?”,31
fête,31
powerfully,31
"muscles,",31
unbuttoned;,31
"kwüdener,",31
"approximate,",31
pasturage,31
number;,31
"commanding,",31
misconduct,31
if—imagining,31
1.e.6.,31
"expression),",31
emphatically,31
"bout,",31
afterglow,31
cat.,31
tr-r-op,31
"grant,",31
“stroke”,31
héloïse,31
legitimate;,31
"grasseyement,",31
york,31
himself!...,31
announce?”,31
sum.,31
“encouraging,31
"“cependant,",31
whom—he,31
impute,31
dignitaries.,31
devait,31
murat:,31
"mala,",31
center?”,31
olmütz?”,31
"inspection,",31
worthless.,31
doom,31
"take,”",31
trotting,31
galloping.,31
visions,31
firmness.,31
solomon’s,31
deity—the,31
j’explique,31
ways;,31
office.,31
"oak,”",31
freemasonry.,31
"superstitions,",31
aussi,31
"werden,”",31
"august,”",31
why:,31
excited!,31
"“this,”",31
howling,31
irksome,31
circumspectly,31
"bitch,",31
life),31
savor,31
served.,31
nicholas.”,31
fair.”,31
drive?”,31
"abandoning,",31
confidence—belonged,31
"invasion,",31
cassock—probably,31
farming!,31
property—take,31
this—we,31
entrusts,31
pávlovna”,31
joconde,31
"sunken,",31
(how,31
nag,31
forest...,31
"6,",31
claparède.,31
exactly.,31
eyes—only,31
"calculations,",31
dressers.,31
columbus’,31
unspoken,31
necessary...”,31
for....,31
faster!”,31
"individual,",31
gerásim’s,31
try.,31
wick.,31
never!”,31
"reassured,",31
sin...,31
now?...”,31
"sources,",31
moon.,31
candlestick.,31
15/4.,31
"amenities,”",31
wife—of,31
starved—who,31
"bachelor,”",31
fictitious,31
"plants,",31
"stocking,”",31
delegation,31
"beaumarchais,",31
inaccessibility,31
"perform,",31
tease!,31
impetuosity.,31
interjected,31
"duelist,",31
"limbs,",31
friendship.”,31
"nataly,",31
crisis.”,31
envious...,31
noble-minded,31
kutúzov.”,31
“under,31
"evewybody,”",31
boys!,31
delicious...”,31
funnel.,31
"dismount,”",31
"gorges,",31
mouth!”,31
sídorov!”,31
"mop,",31
wrist,31
flank;,31
marie!”,31
"outwards,",31
"tit,",31
"“hardly,”",31
fancies.,31
tornado,31
brother.”,31
yúri,31
"weconciliation,",31
high-minded,31
angry—but,31
sing!”,31
profit.,31
"falleth,",31
scour,31
estranged,31
evil;,31
cropped,31
"receive,",31
gossamer,31
participating,31
do?...”,31
half-witted,31
nearer...,31
portionless,31
disks,31
"bang,",31
duport,31
tearless,31
promised.,31
deepened.,31
occurrence?,31
aggressor?”,31
twitching.,31
"promotions,",31
answer—as,31
stimulatingly,31
"virgin,",31
sweeping,31
carting—it,31
ride—to,31
napoleon!,31
"nóvoe,",31
"absence,”",31
pictures?”,31
míshka,31
"posters,",31
mansions,31
missy!,31
scrofulous-looking,31
"rapturously,",31
"timidity,",31
antagonistic,31
recognitions,31
"belted,",31
figner,31
"ripe,",31
consuming,31
ozheg-zheg...”,31
sent:,31
class.,31
levying,31
controlling,31
i...?,31
sovereigns;,31
fathomed.,31
scolding!,31
presided,31
"widely,",31
crusade—the,31
"participated,",31
self-consciousness,31
pávlovna:,31
(somewhat,31
other—who,31
conjure...”,31
(evidently,31
germans?,31
health...”,31
"admired,",31
ordered;,31
"skyline,",31
thud.,31
miles?”,31
pleasure!”,31
munition-wagon,31
“fool...,31
will?”,31
"intonation,",31
there’d,31
"“granny,”",31
own...,31
"kólya,",31
either!”,31
jokingly.,31
"indolence,",31
unsmiling,31
"t.,",31
freeing,31
quarters?’,31
"wards,",31
briefly.,31
dirt,31
early!,31
expected—was,31
wait...”,31
"monastery),",31
vehemence.,31
added—allusions,31
page.”,31
nose.”,31
headlong.,31
errand,31
look;,31
tribute,31
charmante!”,31
“you’d,31
plague.,31
joking!,31
“makárka”,31
cocottes.,31
own—that,31
"separating,",31
masters.,31
"confidently,",31
here!...”,31
spire,31
hoarse.,31
awareness,31
“bennigsen,31
fields”,31
harm!,31
‘when,31
chips,31
"doute,",31
"perkhúshkovo,",31
troops—ours,31
preis,31
nur,31
operate:,31
shock—for,31
given—almost,31
retaken,31
step!,31
well-being,31
feat;,31
espoused,31
grand...,31
true:,31
cookshops.,31
"senate,",31
"jug,",31
fractured,31
"dressings,",31
"fancier,",31
heart;,31
contingencies”,31
i”—he,31
vodka),31
“lanciers,31
westphalians.,31
"prepare,",31
trustful,31
simplehearted,31
patients,31
relive,31
printing,31
lungs.,31
ecka’tshausen,31
"seemliness,",31
"instinctive,",31
ladies?,31
"placed,",31
"4,",31
"helping,",31
"black-eyed,",31
times—till,31
"pitt,",31
gallery.,31
abnormally,31
tenacious,31
untidy,31
beggar.,31
“suvórov!”,31
"seal,",31
unweaned,31
professe,31
"cabriolet,",31
headquarters?”,31
"encampment,",31
"trophies,”",31
"distance,”",31
principles—everything,31
affronts,31
entered—a,31
deceitful,31
"rider,",31
sire.,31
entrée.,31
kursk,31
"vasíli’s,",31
pangs,31
na...,31
"anglaise,",31
“none,31
music:,31
hippolyte!”,31
"abbreviations,",31
complacently:,31
friends—that,31
zhilínski’s,31
gravely.,31
regiment—white,31
grandeur.’,31
singlehanded,31
"inquisitive,",31
waiting.”,31
faces...,31
broadly,31
“sónya!...,31
drubetskóy—awaited,31
of—that,31
karágins’.,31
king’s,31
gentle.,31
"another—bernadotte,",31
"front),",31
councils,31
love—uttered,31
old;,31
approval;,31
deny,31
"rostóv’s,",31
"safe,”",31
alone...”,31
tradesmen’s,31
irrationally.,31
"appointment,",31
straightforward.,31
“hear,31
themselves—in,31
“asks,31
"“one,",31
hit!”,31
employment,31
"unobtrusively,",31
spoonfuls,31
scullions,31
stern-looking,31
"throttling,",31
footpath,31
"screaming,",31
"reconciled,",31
explosion,31
rascal!”,31
understand?’,31
"acquired,",31
exhortations,31
“tongue”—that,31
"slippery,",31
envelope,31
"tethered,",31
hardtack,31
be;,31
"join,",31
“worse,31
prisoners—with,31
remember;,31
surrenders,31
"admirable,",31
bear....,31
cover.”,31
three-month-old,31
fancy...”,31
remark:,31
"“awfully,",31
"caesars,",31
stencil,31
be—can,31
chary,31
"crossbeam,",31
razumóvski’s,31
tawny,31
flares,31
dogs?,31
sird,31
absurd!,31
"abruptly,",31
confine,31
avenues?,31
harsh;,31
disfavor.,31
kaiser,31
"obstinacy,”",31
"banners,",31
pausing.,31
finished?”,31
"“why,”",31
affectionate.,31
"service,”",31
paris!”,31
good...,31
style!,31
doubled.,31
1805.”,31
"“tit,",31
"germans,",31
silent....,31
her—thou,31
feoktíst?”,31
account!,31
depends.,31
vices,31
"asylums,",31
embezzlement,31
"reflection,",31
"receptions,",31
silent?’,31
"week,”",31
"“dead,",31
"auditor,",31
"struck,",31
definitions,31
diploma,31
grecque.,31
there...”,31
ha-ha-ha.,31
gloomier,31
instant!...,31
now—natásha,31
haven,31
elected,31
forgotten...”,31
"shaped,",31
"style,”",31
scenery,31
sorry?,31
spoiled.,31
off—all,31
insert,31
“andrew!,31
"responsible,",31
"relations),",31
heavy.”,31
"apocalypse,",31
"besouhoff,",31
besuhof—all,31
myself—that,31
full.,31
"buffoons,",31
july.,31
dearest...”,31
"cushion,",31
"orders,”",31
concurrently,31
“who—having,31
vorontsóvo,31
moskvá.,31
narrowing,31
individuals.”,31
militarist,31
reporting.,31
"piedmontese,",31
pastured,31
tortoise),31
studies,31
"succeeded,",31
still?...,31
died!”,31
faces.),31
servants!”,31
drinker.,31
clemency,31
letters:,31
confidence.,31
loftiest,31
"kutáysov,",31
enhanced,31
"heiress,",31
epaulets,31
blasius?,31
unequal.,31
"neighed,",31
haunches,31
bread.,31
"“greatness,”",31
mention—brought,31
wicked.,31
individuals—for,31
army—physically,31
"ever-changing,",31
"happiness,”",31
losses)—now,31
shady,31
organization,31
"physical,",31
"inertia,",31
astronomy.,31
web,31
"sweetly,",31
abbé’s,31
mi,31
sovereigns!,31
funny).,31
rostóv!”,31
hearers.,31
nail.,31
"pupil’s,",31
old-age,31
childwen,31
"watching,",31
boasting,31
rumors.,31
flexibly.,31
halt:,31
"posted,”",31
"calèches,",31
pointedly,31
"cabinet,”",31
twists,31
shave,31
laborer,31
ward.,31
"countrymen,",31
silver-lit,31
shiny,31
entering.,31
"wrongly,",31
generalizing,31
sighing...”,31
weakened.,31
bars,31
iligin’s,31
"accepts,",31
disconnectedly,31
goddess!”,31
child?...”,31
dear—i’ll,31
(signed),31
"switzerland,",31
fellow”...,31
nose;,31
forecasts,31
mentions,31
"crops,",31
naïveté.,31
nonsense....,31
caustique?”,31
rostóv!,31
flèches),31
hayfield.,31
buzzed,31
“russian,31
labor—that,31
"lemonade),",31
"bordeaux,",31
partition.,31
brat,31
anférovs?,31
shoulders),31
system—a,31
potato,31
"pole,",31
staff!”,31
"us,’",31
forgetting!”,31
perhaps...”,31
“voulez-vous,31
over?,31
weady?”,31
aches,31
nothing—and,31
burned-out,31
creditors.,31
"angry,”",31
"golítsyn,”",31
"xiv,",31
file—of,31
reports.,31
“overflowing,31
"depressed,",31
medicine?”,31
uncut,31
bad!,31
rostóv.),31
wostóv?”,31
pockets.”,31
officer?,31
"starry,",31
day—the,31
estime,31
smoothness,31
“finally,31
archduchess’.,31
men?”,31
officer—all,31
cher;,31
thought!”,31
dried-up,31
keyhole,31
posts.,31
immensity,31
banister,31
"pupils,",31
"graceful,",31
“tomorrow”,31
me—not,31
"trained,",31
mustn’t.,31
“shot,31
“vienna,31
entreaty.,31
"4th,",31
“‘from,31
revealed.’,31
personages.,31
(véra,31
irreproachable;,31
‘corner’,31
"michael,",31
hunting.,31
jerking,31
"prey,",31
on!—ought,31
marry?,31
oats.”,31
old—that’s,31
melyukóvs’.”,31
closer.,31
i—what,31
"fancied,",31
powdery,31
serene.,31
enterprise,31
malignity,31
first;,31
shirt...,31
substituting,31
"incorrectly,",31
"pockets,",31
"story),",31
functionary,31
bishop.,31
accordingly,31
thoughts...”,31
dissuasions,31
adorers.,31
feind,31
"melt,",31
translucent,31
attachments,31
soldier!”,31
words.”,31
“simplicity,31
"audacity,",31
“klyucharëv,31
obstinate,31
dying?”,31
meshchánski,31
—he,31
shirts?”,31
crushed?...,31
criterion,31
regiment—was,31
compatriot.,31
bishop,31
camp—he,31
diana’s....”,31
one-sidedly,31
reorganized.,31
"scouting,",31
orlóv-denísov.,31
everywhere:,31
"rustle,",31
femgálka;,31
"clothing),",31
near—lay,31
skullcap,31
objects.,31
building?”,31
suffered!”,31
disturber,31
(any,31
fitness,31
"expressed,",31
"child,”",31
approbation.,31
discreet,31
immediately!,31
supper?,31
moon’s,31
taper;,31
"worst,”",31
diplomatist.,31
uneasily.,31
fate—(the,31
pancake!”,31
schmidt.,31
sturdily,31
loudest.,31
"specimen,”",31
subordination—looked,31
projecting,31
safer,31
“follow,31
cheer,31
boulevards,31
tracks,31
andrew!”—said,31
"disturbed,",31
“aah!”,31
apoplectic,31
dolls,31
courteous.,31
treaty,31
interpreted.,31
"30,000",31
afterwards.”,31
"underclothing,",31
primordial,31
monetary,31
looking-glass,31
ladies.”,31
incalculable.,31
“maybe,31
identified,31
"troubled,",31
"sport,",31
"freak,",31
flattering—quite,31
ambition.,31
conducts,31
plain!,31
secrecy?”,31
"balagá,”",31
mustached,31
“de,31
hangs.,31
salvation!”,31
prevail,31
assumption.,31
platform,31
father!...”,31
stepánovich,31
tombs,31
"shell,",31
terrible.”,31
force...,31
bleached,31
time-worn,31
advisers!”,31
moscovites’,31
chigírin,31
post—whereas,31
notabilities,31
(le,31
thighbone,31
"reached,",31
sacrilege.,31
simply:,31
lover—assumed,31
ti-ti,31
fly....,31
"malady,",31
"temperament,",31
"geniuses,",31
"pin,",31
adjutant.),31
(adopted,31
(vernal),31
body.),31
"buff,",31
"valor,",31
ships,31
happen—despite,31
thrifty,31
returning.,31
fils,31
forward.”,31
decreases,31
associated),31
"schérer,",31
easygoing,31
him—would,31
corps;,31
pomerania?”,31
cleanliness.,31
reinstated.”,31
simplicity!”,31
"rainy,",31
fair!”,31
swearing,31
"tafa,",31
loopholes,31
paraded,31
"halt,",31
aching?”,31
ache—it,31
laughed;,31
orders?”,31
tomorrow!,31
brutes,31
emperors—the,31
wine.”,31
map.,31
ironically.),31
bekleshëv,31
"waken,",31
“no-o-o!”,31
hear:,31
anger?,31
conductors.,31
else”,31
shítov—a,31
wrong?”,31
foreheads.”,31
"away),",31
anew—but,31
shoots.,31
examinations?”,31
different—an,31
"wretched,”",31
hare.),31
“she’d,31
melyukóva,31
laugh.”,31
catholics,31
sister—that,31
deceiver,31
causes—myriads,31
amicable,31
small;,31
you—peter,31
acting:,31
vexation;,31
capitale,31
bare-faced,31
stiffen,31
1797,31
restrictions.,31
“‘what,31
"knows,”",31
night....,31
thoughts—the,31
"encouragement,",31
dignity—which,31
fasted,31
loses.,31
“adjutant!”,31
"piercing,",31
"visiting,",31
postures,31
grunts,31
gobelin,31
muster,31
instants,31
soldiers!”,31
deliberate.,31
"flames,",31
"headdress,",31
marauder?,31
dumbly,31
motions,31
rascal!,31
inactive?,31
"desperate,",31
polemic,31
beast—ran,31
devils!...”,31
seslávin.,31
ablaze?,31
devises,31
rifles,31
animals—from,31
‘am,31
globe.,31
devil.”,31
situation;,31
murdering,31
prepares,31
"irregularity,",31
"memory),",31
toys,31
"study,”",31
diary?”,31
eating!,31
"capacities,",31
"impoverished,",31
power—existing,31
violations,31
indefinitely,31
never-varying,31
populated,31
"detain,",31
"(www.gutenberg.org),",31
you—sit,31
“high-sounding,31
sleeves!”,31
"figures,”",31
"chère,”",31
“dere,31
"whatnots,",31
corsican,31
blue-eyed,31
railings.,31
convoyman,31
"conjecture,",31
lolling,31
(observe,31
"auersperg,",31
bonfires.,31
"gloom,",31
well—if,31
groin,31
squadron—that,31
confuted,31
"indications,",31
coronation.,31
lassitude,31
“scoundrels!,31
“go!,31
enjoyable,31
kneel,31
"say—“yes,",31
broke—or,31
posed,31
"interrogatively,",31
recruiting,31
veteran,31
speránski—was,31
‘marriages,31
helped?”,31
cocking,31
"erzá,",31
downstairs.”,31
schoolroom?,31
was?”,31
"vrazhók,",31
endearments,31
feared.”,31
*poisonous,31
"suppert-roguet,",31
connoisseur,31
delightedly,31
“kurágin!,31
"volition,",31
signal.,31
"arose,",31
gaping?”,31
man’s.,31
depwavity,31
caught—and,31
domestics,31
of...?”,31
alive!...”,31
"perspective,",31
"number),",31
achievement.,31
communicating,31
62,31
interrogatively.,31
disorganization,31
expended.,31
lost;,31
formulating.,31
harness....”,31
was—prince,31
adapt,31
"“honestly,",31
white...”,31
personified.,31
napoleon.”,31
animated;,31
honest-hearted,31
trials,31
"delirious,",31
precautions.,31
neighing.,31
skill—and,31
demanding.,31
"languages,",31
krémlin....,31
blackguards,31
(obtainable,31
devil—he’s,31
you!’”,31
matched,31
“vesénny?,31
wheel!”,31
"lives,’",31
bathing,31
pillage),31
tantamount,31
slime,31
makéev!,31
slack,31
sacrilege,31
deplored,31
parcel,31
"catastrophe,",31
conditionally,31
"quantity,",31
calculate,31
updated:,31
dull—.,31
which),31
profession.,31
governesses.,31
patties,31
jealousy;,31
severely:,31
héloïse?”,31
write?,31
"have,”",31
premium,31
stone’s,31
along;,31
prancing,31
cut?...”,31
freak,31
impostor.,31
ouh!”,31
"disappeared,",31
"kindness,”",31
stoop,31
"coiffure,”",31
anywhere...,31
detail!,31
them...,31
heralds,31
sad...,31
“semën!,31
"destroy,",31
"morality,",31
"degree,",31
borís’—ran,31
honor...,31
"charmante,",31
interpretation,31
decoration,31
prayerful,31
reforms.,31
colonel?,31
"neatness,",31
tenderness...”,31
"silliness,",31
light:,31
mamma?...,31
year?...”,31
omens,31
chase—for,31
"downhill,",31
chord.,31
"sprees,",31
matrévna,31
girl?...,31
komoneno’s.,31
"illness,”",31
transporting,31
discouraged.,31
german’s,31
"unheard,",31
r,31
"parcels,",31
“alpátych!”,31
me-r-r-y,31
providence.,31
disengaged.,31
pleasure?”,31
wing—now,31
paymaster.,31
"schwächen,",31
teachers!”,31
"rice,",31
smartness.,31
"iron,”",31
"swore,",31
more!...”,31
postulates,31
commodities.,31
"unloading,",31
fasten,31
creaked.,31
guess?”,31
"versa,",31
sónya.),31
"deeper,",31
"turns,",31
reeling.,31
miscarried,31
posnyákov’s,31
hereditary,31
sew,31
handiwork.,31
close.’,31
"wenches,",31
x.,31
"colonel,’",31
snored.,31
investigation.,31
boys!...”,31
"embittered,",31
food?”,31
ascribed,31
before—paris.,31
resorted,31
"ruddy,",31
interactions,31
asserts,31
"ignorant,",31
land;,31
reducing,31
ambassador’s?,31
“‘dio,31
"prejudices,",31
"brigands,",31
hm!...”,31
cet,31
hoof’s,31
sca’cwow?,31
auersperg?,31
showmen,31
smile—his,31
"avare,",31
load.,31
“nobody,31
honors.,31
"significant,",31
axles,31
"sokolnitz,",31
"me—father,",31
collide.,31
dear!...”,31
brother:,31
cornice,31
wight!”,31
imitates,31
february,31
blanket.,31
deputation),31
“plans!”,31
nook,31
earth”,31
spiritually.,31
"roofless,",31
"food),",31
"petitioning,",31
cotillions,31
koko,31
betted,31
drizzling,31
"ham,",31
diffident,31
natásha.”,31
familiarity.,31
"fitting,”",31
eventuality,31
gauge,31
sashes,31
opponent”),31
“will.”),31
souls!,31
road:,31
honor.’”,31
thoughts...,31
ex-elder.,31
"apprehension,",31
marauding.,31
executed!,31
emperor—and,31
vice-king’s,31
horse!...,31
countries.,31
religion...,31
vasílchikov,31
impudence!”,31
stone:,31
billet,31
"arbát,",31
“ooh!”,31
"operations,",31
“yes!,31
feet;,31
"same),",31
"hoped,",31
rec...”,31
preserving,31
revolves,31
l’empereur.”,31
filez!”,31
clapper,31
desolation,31
being—what,31
keener.,31
rotted,31
sanction,31
treasury,31
"hidden,",31
"pretending,”",31
"frenzy,",31
bee.,31
“somebody,31
"orators,",31
listen:,31
usurpations,31
primary,31
"organization,",31
self-destruction,31
(trademark/copyright),31
596-1887.,31
donate.,31
2001,31
justify.”,31
betting,31
"mantles,",31
thursday.,31
"errare,",31
"buttoned,",31
father;,31
silver—before,31
jottings,31
affair...,31
“good-by.”,31
witing,31
wait?,31
understand:,31
us—doing,31
chancellor,31
hollabrünn),31
vot,31
antónov.”,31
today—frightful!”,31
"antipathy,",31
pyramid,31
"“good,",31
"violently,",31
self-forgetfulness,31
hope:,31
through!,31
pupils—you,31
"sorrow,”",31
"sounding,",31
ferry.,31
m’être,31
womanish,31
efface,31
honowably,31
"vest,",31
privilèges,31
trinity—the,31
dining-room,31
dancing.,31
parqueted,31
culprits,31
knife?...”,31
friends:,31
sombre,31
vanish,31
"only,”",31
“arranging,31
fatalism,31
auditing,31
sneered,31
swede,31
heroism!,31
"dining,",31
watered,31
forme,31
planted.,31
attendre.,31
car,31
bombard,31
man—peter,31
man—napoleon—to,31
minuteness.,31
peak,31
sparrows,31
affair—this,31
pétya—whom,31
noticeable.,31
drummers,31
dispersed.”,31
"monarch,’",31
tugging,31
excusable,31
no—the,31
holiday:,31
bitten.,31
perceptibly.,31
transition,31
kiril,31
writhing,31
question...”,31
do—themselves,31
hospital;,31
vis,31
"dissolved,",31
disbanding,31
“memento,31
“told,31
trickery,31
traders,31
encoding:,31
get?,31
unsuited,31
“contez,31
room—the,31
society—i,31
citizenship,31
"likely,”",31
therefrom.,31
fairer,31
long-desired,31
“kind...ly,31
harnessing,31
statuesque,31
suddenness,31
"accurate,",31
arrangements—leads,31
"basins,",31
"rubbish,”",31
founded.,31
definitely.,31
storms,31
"calculated,",31
“thanks,31
austerity,31
"uncovered,",31
"retribution,",31
"cleanly,”",31
‘vewy,31
hands—those,31
poorhouse,31
soll,31
coiffures,31
sleep!,31
all—for,31
accidental,31
saddle!,31
"benefactors,",31
refreshments,31
dowerless,31
women;,31
"latterly,”",31
“charmante.”,31
pig.,31
expectancy.,31
actress.,31
health!”,31
unpleasantly.,31
whither.,31
ravenous,31
"defeats,",31
well-filled,31
hail.,31
home.”,31
archway.,31
“need,31
seventeenth,31
peasants!,31
obdurate,31
"somber,",31
them—in,31
se,31
investigation,31
medicine—what,31
"flag,",31
issue.,31
orphanage;,31
despair!,31
"though,”",31
purity.,31
irrelevant,31
reproving,31
affirming,31
clodhoppers”,31
jagged,31
here”,31
"say),",31
sónya...,31
tearfully,31
ones?”,31
bitch!”,31
persuasiveness.,31
"inevitably,",31
princess.”,31
artisans,31
"mutilated,",31
"crosses,",31
talking?”,31
leaning.,31
"quarrel,",31
are!...,31
summertime,31
diverge,31
protracted,31
“patience,31
gentry.”,31
“ce,31
frenchie!,31
else—then,31
talk—all,31
dearest?”,31
depraved.,31
"boulogne,",31
"gueules,",31
"ourselves,”",31
awful:,31
mosquitoes,31
yourself?,31
fret.,31
administered.,31
violently;,31
ungraceful,31
potëmkins,31
ex...,31
bowwowing,31
bottle;,31
bonaparte!”,31
l’agrément,31
"flowed,",31
"“where,",31
"roan,",31
wish:,31
temporize,31
"engagement,”",31
bloody;,31
"reflections,",31
enfolded,31
"blindfolded,",31
misunderstanding.,31
virtues—love,31
"almshouses,",31
peter’s,31
won’t—not,31
“‘now,31
majority),31
"comparison,",31
not.”,31
"curled-up,",31
future?...,31
"element,",31
basket,31
gloves?”,31
vogels,31
traces.,31
scrunching,31
sex.”,31
part!,31
nervousness,31
violins,31
outvying,31
time—now,31
"dandies,",31
kurágin?”,31
"mameluke,",31
“booby”,31
namesake,31
people—strengthened,31
gentleman...”,31
racked,31
protruding,31
bird;,31
for!...”,31
"caravans,",31
afford,31
drags,31
véra.”,31
certainty.,31
itself—how,31
brimming,31
verlegt,31
"rug,",31
foxes!”,31
ground—a,31
"enduring,",31
empire;,31
refuses,31
"such),",31
honours,31
forward.),31
divorced...’”,31
"included,",31
shrieks.,31
"properly,”",31
canister,31
chalked,31
"salt,",31
enmeshed,31
"madrid,",31
"pet,”",31
lordship,31
cannot...,31
aime,31
atrocity,31
because—as,31
ilýnich,31
lout,31
french—and,31
“bilious,31
"ever-living,",31
“liked,31
intoxicated,31
"howwible,",31
rock,31
nationalities,31
"philosophic,",31
"inventor,",31
unborn,31
1.f.4.,31
solicitation,31
moss,31
“‘dieu,31
"abuses,",31
twenty.,31
have....”,31
coyness,31
dipping,31
"rostóva’s,”",31
pineapples,31
"sacrament,”",31
contention.,31
"mane—which,",31
"dozing,”",31
footmen—one,31
lifts!,31
esteemed,31
world—to,31
"flank,”",31
lemarrois,31
"ramrods,",31
"curved,",31
"disabled,",31
"bone,",31
"kurágina,",31
ministers!”,31
“marie”,31
"retire,",31
warmly.,31
wine?,31
uniforms;,31
"tache,”",31
tattoo,31
"enclosures,",31
"deeds,",31
"brawler,",31
"verse,”",31
"imbibe,”",31
handrails.,31
"recruiting,",31
threats,31
"purple,",31
grecque,31
custom...”,31
"mysteries,",31
giggler....,31
clever...,31
"required,",31
ivánovna!”,31
gnashed,31
"water-carrier,",31
longer?”,31
box—her,31
grossvater.,31
knew!”,31
what!”,31
"wicket,",31
interfered,31
"posen,",31
"moldavia,",31
"blasphemies,”",31
anything!...,31
"moscou,",31
"hunger,”",31
razumóvskis,31
stand?...,31
summits,31
half-contemptuous,31
neapolitans.,31
"replenished,",31
inevitable?,31
predicted,31
monstrous!...,31
théâtre,31
boots),31
tranquillized,31
français,31
obtuseness,31
parisian,31
stories),31
"bowels,",31
gruzínski’s,31
slobbering,31
heart),31
dread...”,31
pass;,31
of...”,31
trivial.,31
sergeant.,31
summer.”,31
inhumanly,31
gap-toothed).,31
him—poor,31
boy?”,31
attitude—very,31
halt—and,31
subject—this,31
tremendous!,31
french—in,31
"told,”",31
thinks?”,31
bribes?,31
astounded.,31
1809—precede,31
demands.,31
acutely.,31
ut,31
late.”,31
outsider,31
"englishman,",31
reputation....,31
cut!”,31
"“borís,”",31
somberly,31
"“pierre,",31
"railings,",31
"“franz,",31
"l’homme,”",31
explode,31
varied,31
"horse),",31
abroad;,31
woman?,31
"frankly,”",31
playmate.,31
everything’s,31
"self-forgetfulness,",31
valor—what,31
cogs,31
ostralitz.,31
snow...,31
what?...,31
attacked.,31
unarmed?,31
decided;,31
epithet,31
"indefinable,",31
gracious!”,31
world—overflowed,31
said—a,31
affair?,31
recall.,31
inmost,31
obedience,31
6.,31
"mortification,",31
supper;,31
officer—in,31
stwaight,31
"peterhof,",31
andrew—relapsing,31
(kochubéy,31
"satirist,",31
square.”,31
"protégée,",31
firmer,31
earth:,31
"‘dog,’",31
entangled;,31
‘uncle’s’,31
table—but,31
6—st.,31
"receiving,",31
daughter),31
quieted,31
with?,31
"farewell,",31
‘papa’,31
blue-black,31
pontoon,31
disagree,31
moldavia.,31
cross....,31
dalmatic,31
r’s,31
swamps.,31
splinters!”,31
loudest,31
reddish-brown,31
park.,31
country....,31
"dinnerless,",31
"bottle,",31
punch.,31
belliard.,31
"immediately,”",31
inert,31
bearer,31
peremptorily.,31
nowadays!”,31
"villains,",31
"dust-stained,",31
burning?”,31
“fancy,31
"drug,",31
souverain,31
property—and,31
himself—and,31
worse?,31
position—the,31
number—as,31
aid!”,31
showed.,31
razed,31
heathens!,31
captives,31
sacredness,31
daydreams;,31
twenty-six,31
“announce,31
room....”,31
again?’,31
"timoféevna,”",31
there—what,31
"gardening,",31
"xv,",31
cessation,31
thinkers,31
foretell,31
"babe,",31
1.c,31
north,31
unfairly,31
"desist,”",31
advice:,31
wide-mouthed,31
crisp,31
dance),31
capered,31
glad.”,31
l’u!,31
heels!”,31
vienna....,31
chasseur,31
steal;,31
"“kari,",31
vish,31
slung.,31
farther!,31
recollections.,31
"stifle,",31
irascibility.,31
drooped,31
"sabretache,",31
"signboards,",31
schwarzenberg.”,31
pursues,31
lisp,31
destiny.,31
"sváyka,",31
"starless,",31
intellect.,31
incredulously;,31
hors-d’oeuvres.,31
kiev—all,31
buckwheat.,31
out—went,31
coachman....,31
hear;,31
finish...,31
"declaration,",31
borís!”—she,31
occasions—that,31
"thoughts,”",31
matter!,31
“ladykins”,31
for...,31
passports.,31
"julner,",31
"young-looking,",31
"ruined,”",31
(otherwise,31
kindness.,31
swindled,31
t,31
place...”,31
"levies,",31
thursday—sold,31
"quitrent,",31
“fool!,31
promptings,31
"intense,",31
ever-recurring,31
treadmill,31
engagement),31
loot,31
"somebody,”",31
incident:,31
mary’s.,31
running—that,31
“how...”,31
life—was,31
advantageously,31
"cross-purposes,",31
topsy-turvy!”,31
flow!,31
goods.”,31
piecemeal.,31
genewal,31
vesénny,31
vesénya!—vesénny!”,31
effective,31
god-fearing,31
"tattoo,",31
says...”,31
baize-covered,31
stables,31
front:,31
"ethical,",31
"joyous,",31
gasps,31
daughters’,31
strange;,31
called.”,31
silk-curtained,31
sternly;,31
us?...”,31
va-t-en,31
"shaven,",31
faro!”,31
treetops,31
sublieutenancy.”,31
"hole,",31
bridgehead.,31
wheel;,31
"glee,",31
need.”,31
"olmütz,”",31
companions’,31
shiningly,31
"‘hey,",31
"hohenlohe,",31
stabs,31
immediately!”,31
czech,31
"satchels,",31
calm?”,31
feel?”,31
natásha:,31
nice.”,31
"patroness,",31
"kibítka,",31
"winter),",31
advances,31
booked,31
wobber,31
"lush,",31
"including,",31
profligacy.,31
"provincials,",31
gauze.,31
long.”,31
marveled,31
proto-deacon’s,31
trills,31
heiress.,31
"cabbage,”",31
plate.,31
boxes.,31
persian’,31
“having,31
“khvóstikov,31
“home!”,31
proceed.,31
compromises,31
shatter,31
storm;,31
"horizon,",31
originality.,31
hall—“but,31
“houses,31
marshes,31
ambler,31
harbored,31
concerns.,31
"drónushka,”",31
knowledge—he,31
lvóvich,31
fines,31
moscow’?”,31
breech-band,31
daren’t.,31
madrid.,31
“order,31
rim.,31
survived,31
possessions,31
floors.,31
"sees,”",31
next—to,31
mortifying,31
“conceal,31
stationmasters,31
pound—who,31
department.,31
seams.,31
army—napoleon,31
fencing.,31
"out—well,",31
oats.,31
"impossibility,",31
fourthly,31
repairing,31
warmed.,31
making.,31
caesars,31
laborer.,31
vexations,31
capitally.”,31
argumentatively,31
"enriched,",31
caricature,31
invaded,31
proportion.,31
constructed—the,31
distributed:,31
“yes:,31
“women,31
villeneuve’s,31
vy...”,31
zere’s,31
contralto,31
"gleefully,",31
"reckoned,",31
bower...!”,31
"foreleg,”",31
stopping?,31
elaborate,31
prater...,31
bookshop,31
smiled.),31
"túshin,”",31
"crushing,",31
"becoming,”",31
"père,”",31
‘consul’,31
“delightful!”,31
esteem?,31
bakers’,31
parodying,31
"unimportant,",31
coarseness,31
malign,31
(mary,31
"happiest,",31
"blinked,",31
"mérite),",31
countryside,31
"err,",31
recruiting.”,31
miserable.”,31
drops....”,31
refutation,31
"happier,",31
bergs’,31
off....”,31
rubles;,31
straighten,31
reached—and,31
raven-black,31
thousands.,31
unplastered,31
furs—so,31
philosopher;,31
that—here,31
safely.,31
out—we,31
"retraite,",31
"nervousness,",31
kingly,31
"piled,",31
efficiency,31
genius’?,31
"dale,",31
intersect,31
strolled,31
waising,31
"pageboy,",31
pitiable,31
afraid?,31
hazard.,31
kaysárov!”,31
sound:,31
reinforcements?”,31
overlay,31
"ear,”",31
surely....”,31
"fallacious,",31
schneider,31
cookshop,31
scapegrace,31
cart....”,31
"you....”),",31
tranquillity.,31
lunatic’s,31
caps!”,31
voyons!,31
"comfortably,",31
else—something,31
so—all,31
regiments;,31
offensive?,31
reporting:,31
reward....,31
"bloodstained,",31
"long-forgotten,",31
verbally,31
sifted,31
mentally—remained.,31
service—could,31
learned;,31
clerks,31
insensate,31
taken;,31
widen,31
prop,31
“platón,31
incommensurate,31
abandons,31
nullifying,31
apráksina,31
calmer.,31
sergéevich:,31
shook.,31
"cry,”",31
"sweet,”",31
overthrown,31
nineteen,31
improvement.,31
másha;,31
sex,31
“weally!,31
dwink!”,31
distinctness.,31
‘dearest,31
"laid,",31
‘minister’,31
appearance—that,31
"spur,",31
tasha...,31
"irresistible,",31
order.”,31
ship.,31
oblivion,31
tobacco.,31
colored.,31
"safest,",31
"member,",31
"kochubéy’s,",31
"infidelity,",31
me—and,31
conducing,31
“ulyulyulyu!”,31
"appointments,",31
outcast?”,31
stood...”,31
dappled,31
"predetermined,",31
superficially,31
outdoor,31
"blisters,’",31
grotesque,31
karágins’!,31
sunken.,31
pass?,31
what—what,31
eventually.,31
country—the,31
barbarian,31
“teach,31
horizon—from,31
d’ideville,31
"hear,”",31
"bounty,",31
fool?”,31
dictionaries,31
fat.,31
n’entendent,31
brushing,31
satisfies,31
deplorable.,31
"thundercloud,",31
dislodge,31
benefactions.,31
"vistula,”",31
standstill.,31
foot?,31
sheaf,31
"town,”",31
"kúdrino,",31
fiftieth,31
anything—we,31
twaddle!”,31
administrators),31
shatters,31
purged,31
maniac....,31
"swift,",31
spain,31
flammes,31
free.),31
“nothing.,31
desired—to,31
craftsmen,31
"belong,",31
petróvich.,31
availed,31
tomowwow?”,31
explicitly,31
horn—played,31
no?,31
"indestructible,",31
armies—just,31
keep),31
ill-humored,31
vindicating,31
piece),31
settlement.,31
special....,31
descendants,31
question—in,31
restore:,31
generations.,31
festivities,31
workbag,31
arts.,31
“opinions,31
health...,31
enhance,31
razumóvskis...,31
truly...,31
stir:,31
equal;,31
on—to,31
“against,31
regulation,31
doppelkümmel.,31
"castle,”",31
materials,31
face?”,31
sounded.,31
hussars—was,31
daughter.)—“my,31
disdainfully.,31
brünn...”,31
haughty,31
complied,31
great;,31
certain....,31
points.,31
far!”,31
conquest’s,31
duel!,31
"initiation,”",31
touched—i,31
each.,31
"suvórov-like,",31
entertaining.,31
"awoke,",31
oxen,31
"worrying,”",31
undaunted,31
god—nothing!”,31
meanwhile—real,31
mournfully,31
everyone—especially,31
partisans.,31
rubber.,31
solfeggio.,31
"ulyulyuing,",31
noble-mindedness.,31
"rein,",31
“zakhár,31
senility,31
reverently,31
composition,31
sens,31
heads.”,31
church—the,31
"headache,",31
"overheard,",31
liking.,31
"briskly,",31
"instruments,",31
feller,31
exercises,31
hanged—the,31
"disgraceful,",31
admiration.,31
tell:,31
"distressing,",31
begrudged,31
retreat!,31
storming,31
interrogative,31
profoundly,31
"firing,”",31
and—“puff”,31
"gentleman”),",31
"dejected,",31
rejoice.”,31
"“ooh,",31
proclaimed,31
infinitesimals),31
dites-lui,31
unconcernedly.,31
yard—we,31
aerial,31
purchasers—but,31
"sokólniki,",31
cooking;,31
burned!”,31
"by,”",31
mercifully,31
"ryazán,”",31
richest.,31
embassage.,31
instantaneously.,31
scientists,31
said.”,31
reviving,31
rescued.,31
inseparable,31
meat.,31
business-like,31
"bounds,”",31
seductive.,31
striding,31
outlooks,31
arms—well,31
thoughts.”,31
historians:,31
nonsense;,31
"diderot,",31
"newton,",31
inclining,31
"“papa,”",31
regime.”,31
unmoved,31
nieces,31
wines.,31
way;,31
forgotten:,31
"posted,",31
sockets,31
germans.”,31
"nuns,”",31
artillerymen’s,31
gun’s,31
"squares,",31
chancellor.,31
about.”,31
twenty-year-old,31
revolving,31
"hillsides,",31
afraid—afraid,31
hero—but,31
“nice!,31
"remortgaged,",31
haggard,31
"apologies,",31
addition.,31
repellent.,31
ignorance.,31
person’s,31
"obeying,",31
vanquished;,31
"dinnertime,",31
father—that,31
luckless,31
“hand,31
criminal.,31
severed,31
separate—probably,31
harmony!”,31
councilor—and,31
surmise.,31
"salary,”",31
"arriving,",31
doffed.,31
similar:,31
kremenchúg,31
"page,”",31
arbitrariness,31
"afresh,",31
sad?”,31
clanging.,31
long-suffering,31
efforts—which,31
married!,31
happiness....”,31
art.),31
honor?...”,31
usual;,31
"heavier,",31
provoked.,31
"envoy,",31
courtiers?,31
sister?,31
"conditional,",31
moscow—was,31
excitable,31
difficulty?,31
left?,31
courting,31
administered?,31
stateliness,31
empia?,31
best—conscription,31
furnishing,31
"reunited,",31
roaming,31
to....”,31
be’,31
petit,31
"definition,",31
cornfields,31
inquisitive?”,31
enough!,31
concerning...,31
harness...,31
wholeheartedly,31
"perishes,",31
rostopchíne”,31
appellations,31
france.”,31
"subtle,",31
perfume,31
abundant.,31
alone—who,31
products,31
says),31
"monsieur,”",31
demandent,31
dream!”,31
"globe,",31
sónya—were,31
campaign—to,31
floods,31
discern.,31
“adèle,31
virtue.’,31
"led,",31
nonproprietary,31
"stored,",31
"actual,",31
"“andré,”",31
(no,31
"lise,”",31
"career,”",31
well—“i,31
half-grown,31
heads;,31
punctually,31
nostitz,31
wegular,31
accommodate,31
discusses,31
captain!”,31
left....,31
"“remember,",31
magnanimous.,31
"“very,",31
brazen,31
trumpets,31
waltz,31
"“gently,",31
move:,31
predictions,31
“attention!”,31
no!...,31
instant).,31
post-boy’s,31
faint.,31
well-lit,31
alms”,31
"cordially,",31
"forage,",31
offerings,31
duel?”,31
consolation?,31
universe.,31
reassured.,31
missiles,31
molliten.”,31
delicately,31
"transfigured,",31
origin,31
institutes,31
17th,31
dignitaries,31
bustled,31
“looks,31
pilgrimage.,31
horn;,31
unlucky.”,31
hares.,31
hey!”,31
"squeals,",31
"prince’s,",31
twice!,31
secrecy?,31
sleigh.”,31
good-for-nothing!”,31
nice!”,31
him—expecting,31
zakhárych,31
speránski—the,31
“about...”,31
self-abasement.,31
revoir.,31
verdure.,31
naples!”,31
hinges,31
"pneumonia,”",31
freshened,31
worshipers.,31
"heave,",31
amen.”,31
gwudge,31
"glínka,",31
emigrate,31
fly.’”,31
pub—heard,31
false;,31
piteously.,31
crude,31
vodka!,31
"dewy,",31
"superb,”",31
tolerated,31
"oven,",31
document.,31
fatherland—something,31
enchantment.,31
yesterday....,31
disturbance,31
hats,31
“draw,31
"asylum,",31
saucepan,31
almond-shaped,31
dangerous.”,31
"terms,",31
pardoned,31
ultimately,31
"yákovlev,",31
nonperformance,31
magnified,31
sizes,31
thin.,31
"harmonies,",31
loosening,31
worried.,31
thinking—especially,31
attributes,31
"confinements,",31
injurious—she,31
"republican,",31
vested,31
examined.,31
"distributing,",31
transcribe,31
beautiful.”,31
"eccentric,",31
climate.,31
andré...”,31
"“never,",31
broken;,31
complexion,31
genlis!,31
statues,31
"confession,",31
"running),",31
massacrés,31
pies,31
houseful,31
bridge.”,31
reloaded.,31
bwicks,31
pucker,31
"exploits,”",31
"cannonading,",31
ratify,31
"known),",31
"writes,",31
job!”,31
self-complacency,31
"wimpfen,",31
"mounted,",31
ápsherons,31
"equitable,",31
nikólenka;,31
testily.,31
home:,31
gluttony?,31
“collector,31
prusse...”,31
"recompense,",31
all—everything,31
living?,31
oil,31
her.’,31
thaw,31
conventionality.,31
guffaw,31
"struggling,",31
house.),31
undergrowth,31
one-ruble,31
valse;,31
traps.,31
white!”,31
signboards,31
“drubetskóy.”,31
liza,31
charming—should,31
anatole’s.,31
self-love,31
fasting,31
guilty—a,31
contradiction:,31
wuined,31
expected—neither,31
ordered.,31
god!’,31
"unreasonable,",31
"s’accuse,”",31
redoubt.),31
slander,31
withdraw.,31
pillar,31
destroyed!”,31
sinew,31
discourse,31
afterward,31
fool.’,31
"‘no,’",31
protector,31
horrid!,31
kindliness.,31
despotism,31
honor...”,31
documents.,31
subordinates.,31
moscow?...,31
"guardhouse,",31
unfortunate!”,31
matrëshka,31
"incompetent,",31
simplicity—and,31
fret!”,31
campaign—that,31
velocity.,31
meanings,31
vain?,31
grand.”,31
"unfounded,",31
"retiring,",31
bloody,31
“mother!,31
freedom—that,31
tomorrow—but,31
world—seemed,31
feeling),31
operate.,31
"(these,",31
“today—it,31
know—like,31
government—be,31
christianity—and,31
one--the,31
"accessed,",31
wound-up,31
appealing,31
chi,31
declined:,31
"r’s,",31
"comfortable,",31
straits,31
von’t,31
lorrain’s,31
"penetrating,",31
topic—making,31
blurt,31
pass!...,31
sharp!”,31
bullet.,31
francis;,31
laughers,31
killed!”,31
"bourienne’s,",31
eccentricities,31
"dearest,",31
"perfectly,",31
ocean,31
impressive,31
"“indeed,",31
nicholas...,31
"strawberries,",31
it—has,31
prostrated,31
arranging—at,31
upkeep,31
are—eternally—children,31
(he’s,31
deméntyev,31
wobbers,31
gwovel?”,31
adored:,31
stench,31
conduce,31
"epoch,",31
council?,31
illimitable,31
"spleen,",31
tackled,31
far...”,31
"aloft,",31
heels?”,31
night—the,31
jarring,31
"animals,",31
"render,",31
‘husbands’,31
recorded,31
alexander:,31
him—yet,31
eclipsed,31
perseverance,31
"west),",31
wet.”,31
orderly....,31
rubs,31
bounteous,31
lamentation,31
paralyzing,31
talk—how,31
breakfasting,31
"wagram,",31
"aimed,",31
turning;,31
"collected,",31
moscow—despite,31
cruel!,31
consolations,31
confessor’s,31
"discuss,",31
permeated,31
beekeeper’s,31
languages,31
lord!...”,31
fatty.,31
phantoms,31
imprisonment,31
context.,31
"slackened,",31
resting;,31
conquest;,31
"6-me,”",31
greatcoat),31
fugue,31
sake...!”,31
left;,31
"pursuit,",31
which—with,31
grand.,31
ashamed.,31
fleeting,31
“lower,31
"cavalrymen,",31
suite—count,31
immense.,31
superfluous.,31
swoon,31
coldness.,31
agreeable—she,31
quanti....,31
"attained,”",31
jerusalem—had,31
defenseless,31
processing,31
synonymous,31
809,31
"slave,’",31
actresses!,31
brunette,31
genlis!”,31
hangings.,31
"antique,",31
greatcoats?”,31
"countryside—“see,",31
“hi,31
along.,31
order!”,31
considerably.,31
strong.,31
savior.”,31
alliance...,31
“according,31
"‘yes,",31
"habitual,",31
forestalling,31
"hollabrünn,",31
counterattack.,31
visualized,31
"swept,",31
"disapproval,",31
"marry,”",31
anyone!”,31
eyes.),31
pickets.”,31
“waiting.”),31
"cadets,",31
bolted,31
listened:,31
stentorian,31
"knees,...",31
"onlookers,",31
galley?”,31
princess—influenced,31
hope—experienced,31
capital;,31
“much,31
“nothing’s,31
talked.,31
leaded,31
audacity!,31
“boguchárovo,31
"erfurt,",31
forgiving,31
silver-gray,31
time).,31
loved.),31
‘uncle’,31
sterlet.,31
shrilly,31
"carousals,",31
charmer!,31
troyka.,31
letters?”,31
"kóvno,",31
mad.,31
fitting,31
passports,31
blame—the,31
rugs,31
unbrushed,31
"napoléon,",31
“plenary”,31
"musical,",31
christian!”,31
wrung,31
lads—solid,31
rug.,31
unexpected!”,31
"converse,",31
marriage?,31
minimize,31
‘who,31
believe.,31
disillusion,31
moskowa.,31
"smiled),",31
shirtlike,31
happen—she,31
meditatively.,31
adorning,31
"friendships,",31
water—a,31
valueless,31
geniuses,31
milorádoviches.,31
equations,31
withstood,31
heal.,31
"marches,",31
styled,31
huts.,31
company!,31
widened,31
cabmen,31
self-confident?,31
tolerate,31
‘ticket’?”,31
waked,31
physics,31
occurs—the,31
suspecting,31
[most,31
benefactor...”,31
untried?”,31
lost....”,31
outburst.,31
young....”,31
uncle;,31
‘impossible’,31
deuce,31
stinging.,31
(everything,31
i.”,31
strings.,31
excellency?...,31
“count!...,31
victories?,31
"diplomats,",31
"mixed,",31
"“coming,",31
mayest,31
caroline,31
changed!”,31
fuller,31
feverishness,31
"crossroads,",31
welcome!,31
self-conscious,31
prelude,31
believe...,31
thyself;,31
generosity,31
(pointing,31
"teaching,",31
"pointed,",31
outside—gradually,31
beseech,31
dull;,31
committee.,31
síla,31
"did),",31
categories.,31
unexposed,31
scrutiny,31
bed!,31
directly!,31
antónovna.,31
have!,31
"breathlessly,",31
hunters,31
"jam,",31
admitted?,31
skirts.,31
triumphantly;,31
"quilts,",31
misery!”,31
eddied,31
"pleasure—balls,",31
bricklayers,31
loving-kindness,31
beast:,31
danger.”,31
cost;,31
majesty—to,31
"hell,”",31
(meaning,31
hat—a,31
spectators.,31
troupe,31
inventing,31
“pure,31
thirty.,31
‘fool!’,31
even—he,31
"six,",31
here”—and,31
ours!,31
westphalians,31
"cocks,",31
"exactly,”",31
integrating,31
"common,",31
saragossa,31
contests,31
kurágina.,31
thirtieth.,31
ma’am’selle?”,31
minute;,31
excellency—i,31
frightening.,31
"strange,”",31
renewal,31
enfant!”,31
delay!,31
light—pierre,31
man?...”,31
litashëvka,31
partisans,31
avalanche,31
collided,31
duke—it,31
disposition:,31
"craftsmanship,",31
"stress,",31
deluding,31
spoken?”,31
reason....,31
resolves,31
wead,31
andrúsha,31
france),31
guillotined,31
civilization?,31
"intoxicated,",31
nonrecognition,31
away--you,31
haugwitz,31
flag.,31
"comedy,",31
extensive,31
latin,31
alphonse,31
nikoláevich...”,31
for—some,31
succeed!,31
permissible;,31
terror-stricken,31
ague.,31
hair;,31
golden.”),31
march:,31
"gracious,",31
foh,31
forgotten?,31
j’avoue,31
afternoon.”,31
loots,31
weapon),31
bonfire,31
longing),31
curiously,31
up—she,31
mère;,31
extends,31
"difficulties,",31
nearer.”,31
reckoning.”,31
inadequacy,31
openly.,31
"assembled,",31
"hanged,”",31
"foreheads,",31
denísov’s—was,31
write.,31
(chiefly,31
oak!”,31
uncrossing,31
masonry,31
filmy,31
‘chit,31
angelically,31
"hounds,”",31
"cakes,",31
"witches,",31
them—were,31
depose,31
"patches,",31
who—apparently,31
everything—the,31
pitied.”,31
alexander—though,31
mind....,31
grinned,31
eyes—was,31
allopaths.,31
deriving,31
nothing:,31
agree?,31
horseflies,31
matter—something,31
"hail,",31
punctilious,31
"fumbling,",31
"quietest,",31
trample,31
grapeshot;,31
supernaturally,31
cornfield.,31
"prussians,",31
misunderstand,31
belts,31
fainter,31
insincerity,31
emperor...”,31
"stopping,",31
court-martial.”,31
"banners,”",31
no:,31
"stupefied,",31
death),31
response.,31
reservation.,31
"irrecoverable,",31
ration.,31
war),31
half-dozen,31
instructor,31
dying.,31
villages—had,31
"heartless,",31
form.),31
episodes,31
locations,31
hardenburg,31
about....”,31
weariness.,31
sisters...”,31
(nicknamed,31
dozen.,31
misrepeated,31
still.”,31
“listen!,31
adores,31
(“but,31
than:,31
"fancies,",31
lot?,31
truthful,31
story—they,31
"sunrise,",31
atom.,31
succumbing,31
encouraging,31
"portmanteaus,",31
distractedly,31
hand—a,31
jealous:,31
digested,31
"lover,”",31
jocularly,31
"resistance,",31
misfortune.”—“i,31
recompense,31
bases,31
instructions!”,31
(although,31
pensions,31
"antón,",31
"lieutenant,",31
mended),31
dispassionate,31
7th,31
girlhood,31
"polonaise,",31
dance.”,31
long—i,31
"toiling,",31
sinner,31
"lather,",31
unpleasantness.,31
bitch.,31
scut,31
days...,31
neighbors.,31
animals.,31
tables!,31
"dancers,",31
ingratitude.,31
sniveling,31
arming,31
louise—who,31
mad.”,31
"witty,”",31
"landowners,",31
conscription,31
dessalles;,31
so!...”,31
christians,31
dews,31
chirruping,31
forcibly.,31
"funeral,",31
pelisses—was,31
explain....,31
"quarters,”",31
bob,31
wing?”,31
prince!”,31
deed;,31
you?’,31
yes—i,31
"congestion,",31
part...”,31
"kitchens,",31
"shake,",31
"characters,",31
supposition—then,31
"finishing,",31
pink!”,31
tt...!”,31
"“lord,",31
soul—shall,31
possible—but,31
échkino.,31
self-justifications,31
toll.,31
fighting.”,31
inevitable:,31
prayer...”,31
"‘god,",31
saying...”,31
are—a,31
"military,",31
children?”,31
return....’,31
bath—in,31
solitude—she,31
listeners.,31
andrew—and,31
historians—those,31
louis-es,31
"objective,",31
uninfluenced,31
"\"information",31
"indirect,",31
"olga,",31
ominously,31
"truce,”",31
"mischief,",31
acrid,31
calms,31
mapped,31
general!...,31
reconciliation.,31
twinkled,31
tremblement...,31
"apart,”",31
else....,31
accountant.,31
fact...”,31
‘perhaps’...,31
czartorýski....,31
groaned.,31
lesson!”,31
oneself.,31
váska?,31
semblance,31
(two,31
"vibrated,",31
mixture,31
serfs—and,31
salt—or,31
spirituelle,31
know?...,31
relation...,31
taste—he,31
ever-quickening,31
darkness....”,31
feels?”,31
"mars,",31
gash,31
dogs;,31
"danílovna’s,",31
bourienne—had,31
"melancholy,”",31
girls—“tomorrow,31
"“again,",31
shameless,31
experienced:,31
phrased,31
worshiper.,31
adviser,31
blades.,31
attack—very,31
tea.”,31
membership,31
smarten,31
retreats!,31
“diplomatic,31
quilt;,31
protection.,31
bondage!,31
fattening,31
"“aye,",31
"eyeball,",31
vulgar.,31
s’excuse,31
vóyna.,31
tireless,31
dismiss,31
zweck,31
toy,31
wounded!”,31
bayoneted,31
nonchalantly,31
herr”,31
yells.,31
helena,31
"tuscans,",31
downfall,31
propounding,31
bazdéev.,31
"school,",31
“hit,31
"high-pitched,",31
leave—a,31
"agony,",31
die?...,31
raison.,31
factor—the,31
want—three,31
tabletop.,31
likhachëv—isn’t,31
natásha!...”,31
precious!...”,31
delaying,31
"north,",31
stripping,31
"fourths,",31
soften?...,31
improbable,31
comments.,31
personality;,31
remember?,31
proportions,31
business—in,31
"fortnight,",31
"schemes,”",31
harm.”,31
suppressing,31
xiv’s,31
combined.,31
ignoramuses—have,31
morsels.,31
ungainly.,31
"backward,",31
evolutions,31
hobby;,31
reprovingly,31
straps,31
"vrbna,",31
action—seeing,31
dumps.”,31
shoveled,31
stupid!”,31
secure.,31
marches...”,31
"behalf,",31
"certain,’",31
grayish,31
vileness,31
gifts?,31
"idle,",31
pierce,31
president’s,31
odessa,31
pupils’,31
"scaffolding,",31
reconnaissante,31
"newcomers,",31
fence!”,31
displayed.,31
password?”,31
flattery,31
insignia,31
replies.,31
reproachfully:,31
cake,31
discomfort:,31
short-sightedness,31
"visionary,",31
comrades—not,31
"embraced,",31
uplands.”,31
swish,31
"disputing,",31
committing,31
her—but,31
it—a,31
hussies.,31
ever—entered,31
"portrait,”",31
"vistula,",31
spyglass,31
utter.,31
"ennui,",31
chose.”,31
announcement.,31
kirílych?,31
"reeds,",31
fëdorovich’s,31
"rameau’s,",31
pretty?,31
edge!”,31
responding,31
napoleon).,31
"everyday,",31
instance...”,31
colony,31
affords,31
novelty?,31
maîtresse-femme!,31
escaping—going,31
perturbed.,31
fit!,31
distorted.,31
"“unterkunft,”",31
plait.,31
were....,31
empresses,31
heart?...,31
foolish—like,31
malvíntseva.,31
"prior,",31
errands.,31
"danger,”",31
themselves....,31
"reiterated,",31
"“dram-da-da-dam,",31
exception;,31
solvable,31
reassembled,31
settles,31
shrinks,31
"frost-bitten,",31
plied,31
beginning.”,31
“awfully,31
garnering,31
society!,31
strove,31
"approved,”",31
"spreads,",31
components:,31
"program,",31
reactions?,31
fewer),31
sect,31
"airs,”",31
badly—all,31
wish?”,31
"“awl,",31
alexander!”,31
ruffle,31
public.,31
fame!,31
hostilities,31
please:,31
"suvórov...,”",31
reasoned....,31
f-f-flop!,31
stormed!,31
count?...,31
bayonets;,31
"expressionless,",31
horses),31
bagratión!”,31
frenzy.,31
"wheel,",31
angel:,31
"eyes,”",31
"self-purification,",31
“pétrusha,31
‘ah!,31
infants,31
evil.,31
"theory,”",31
ivánushka’s,31
bweed,31
gowns.,31
"hayne,",31
this....”,31
"buffoon,”",31
elsewhere—at,31
poor-spirited,31
legend,31
frivolity,31
"whippers-in,",31
‘very,31
"maiden,",31
sleigh—beside,31
tranquille.,31
"coldness,",31
bouquet,31
sundays,31
court....”,31
pedestrians,31
disgraceful!”,31
"knew),",31
"“secondly,”",31
immutability,31
danger?,31
column:,31
"washing,",31
80,31
“author!,31
“hell,31
tíkhon!”,31
knows...”,31
"drónushka,",31
trick?”,31
‘overresist’,31
digging,31
smoke?,31
acres,31
deceptions,31
may!”,31
queer-looking,31
carriage!”,31
explain”...,31
traitor”,31
disperses,31
civilized,31
count....,31
asleep?,31
“couldn’t,31
"providence,”",31
"penny,",31
sure...”,31
lives!”,31
essence’s,31
greatly.,31
trust:,31
(princess,31
"lying,”",31
courier.”,31
"dispatch,”",31
dreamy,31
"vasílisa,",31
"coffeepot,",31
whetstone.,31
joyful!”,31
won’t.,31
enrich,31
avoided?,31
picturesqueness,31
emerges—by,31
channels.,31
debit,31
entailing,31
"mílka),",31
strangle,31
boy),31
snoring.,31
things;,31
"another’s,",31
spreads,31
grippe,31
imbecility,31
"current,",31
obliges,31
fragmentary,31
"“véra,”",31
behavior.,31
vacancies,31
doorways,31
spásski,31
alone....,31
truth...,31
“going?”,31
bands...,31
ferdinand’s,31
commissions.,31
shoved,31
"alliance,”",31
finished...”,31
"“ours,”",31
majesty?”,31
let’s!’,31
powers;,31
words!”,31
self-complacent,31
whispered),31
uvárov,31
disjointed,31
"fish,",31
"separately,",31
"‘but,",31
certainty?”,31
everyone!”,31
hatest,31
"unjust,”",31
in....”,31
rejoinders,31
w’iting,31
gendarmes’,31
rewarded,31
stems,31
soutenir,31
diary:,31
scriptures,31
shineth,31
"thimble,",31
suitors.”,31
unfortunately,31
voisinage.,31
"collective,",31
frenchwoman.,31
ungrateful,31
"improve,",31
spattered,31
smack,31
“carry,31
belted,31
gallop—that,31
her—knew,31
ray,31
engaged....”,31
elbow.,31
longer!”,31
“tproo!,31
pretending:,31
prone.,31
bucket,31
“communing”,31
mercies,31
sackful,31
"smolénsk,”",31
"reader,",31
"thunderclaps,",31
ivánovich.”,31
indoors,31
“child,31
"temptations,",31
dewy,31
"displeasure,",31
"choked,",31
"selected,",31
own—as,31
prince...”,31
duke—whom,31
marry.,31
rascals!”,31
31.,31
design.,31
mots.,31
"“charming,",31
semiopen,31
"colic,",31
"ermólovs,",31
dissolved,31
"ineffectives,",31
enthusiasm;,31
smoke.’”,31
marry...,31
suppers,31
(her,31
mucius,31
compilers,31
books.,31
conquests—are,31
reinstating,31
"diverse,",31
rank—corporals,31
correlation,31
prompting,31
novosíltsev’s,31
vicomte—i,31
unamiable,31
"obligation,",31
drubetskáya.,31
"brook,’”",31
times.”,31
"injustice,",31
chronicles,31
indulging,31
idlers,31
choleric,31
"badge,",31
excellency;,31
everything...”,31
"words),",31
innovation,31
extrémités,31
“pupil”),31
tolstóy.,31
rigging,31
light—as,31
surly,31
"foi,",31
"plowland,",31
"cucumbers,",31
factotum,31
convey....”,31
pranks,31
mainly,31
mansfeld.,31
"kempis,",31
socially,31
"“sufferer,”",31
scuttle.,31
"permits,",31
‘lighten,31
hateful,31
pavilion,31
chamois-leather,31
"sweetheart,",31
height.,31
reception.”,31
“go...,31
overcast,31
chekmár,31
"astounded,”",31
markings,31
sportsmen,31
spangled,31
émigré,31
seats.,31
carriage;,31
preur!—if,31
poltáva,31
emanated,31
scudding,31
wizard,31
frolicking,31
"comely,",31
vanished—not,31
unwontedly,31
surrendered!,31
know—under,31
blind?,31
"crowed,",31
"closely,",31
position—at,31
tilsit.”,31
raises,31
momentum.,31
recoils,31
namely:,31
mash?”,31
youngest:,31
"routed,",31
straightens,31
"packed,”",31
"packing,",31
quizzical,31
dedicated,31
battalions—which,31
“vereshchágin!,31
quickly:,31
nightcap.,31
mushroom.,31
"sergius,",31
unofficial,31
island.,31
are...?”,31
lad—especially,31
loading,31
“complains,31
courtyards,31
fencer,31
"consistently,",31
day—everybody,31
“password.”,31
saber.”,31
tops,31
‘god,31
could?,31
blundering.,31
ruined!”,31
undignified,31
semënovna.,31
accuse,31
sailed,31
"drilling,",31
nexus,31
"reads,",31
disk,31
regulating,31
arrive;,31
elizabeth?,31
"alcohol,",31
rank—“i,31
"follow,",31
home!’?”,31
metropolitan,31
essential.,31
sadden,31
scene....,31
confinement,31
march’,31
excellency...”,31
pleased!”,31
spurs;,31
vous.,31
diaphanous,31
victories!”,31
mined?”,31
disrespectfully,31
clash,31
grant.”,31
temerity,31
envious.,31
"master),",31
lord’s,31
affair!”,31
foaming,31
"dohktúrov,",31
satyr.,31
hero...,31
women—even,31
honor?,31
"sharper,",31
depended—whether,31
"kronq,—chargé",31
self-derision,31
perspired.,31
"perspired,”",31
pastime.,31
bwought,31
"napoleon,”",31
dress?”,31
ferry,31
happy?”,31
deviating.”,31
"examinations,",31
chiding,31
quay,31
"powdered,",31
out—she,31
dance?,31
gladden,31
complicated;,31
understanding?,31
sing.”,31
reins.,31
"temporarily,",31
"anyway,”",31
married?”,31
kashmir—that’s,31
allies—the,31
had!”,31
wolzogen—and,31
activities—the,31
calves,31
surge,31
rubbed?,31
"responsible,”",31
"crowd—officials,",31
(ney),31
unforeseen,31
“run,31
fëdor...,31
"tortoise,",31
wafted,31
by!”,31
"pressed,",31
emperor—without,31
observance,31
revelry,31
madman’s,31
"wine,”",31
marquise,31
"sphinx,",31
completeness,31
prophet’s,31
via,31
abominable,31
"malvíntseva,",31
saddened,31
evacuated,31
accurately.,31
"‘when,",31
"surface,",31
maneuvers?,31
savélich.,31
“no;,31
laxity.,31
"endears,",31
"‘no,",31
"unintentionally,”",31
"fulfilled,",31
"participants,",31
"(\"the",31
version,31
"2001,",31
hart,31
“dieu!,31
moyka,31
coiling,31
"“thirteen,",31
learns,31
brook.’”,31
tuning,31
confessor,31
desk.,31
"fortunate,",31
"mothers,",31
decently.”,31
braunau.”,31
uncalled,31
admit—he,31
"aide-de-camp,”",31
croups,31
recollections.”,31
attained.,31
illusion,31
cannot!”,31
"thyself,",31
"boasting,",31
distinguished:,31
(“that,31
tache...,31
"breakfasting,",31
"milorádovich’s,",31
question—“most,31
"reappeared,",31
voltaire.,31
sundered,31
talent—oh,31
"uppermost,",31
everyone!,31
"door,”",31
"nankeen-covered,",31
copenhagen—a,31
merit”—this,31
"link,",31
"doorpost,",31
stwaight.,31
act—act!,31
"conversation,”",31
alight,31
“hush!”,31
there—and,31
pointing?”,31
pad.,31
"cockcrow,",31
cry:,31
wedding.,31
excellency!’,31
"principes,",31
impotence—apart,31
"oder,",31
turkey?”,31
victimized,31
opponents,31
"homeopaths,",31
known...”,31
these—but,31
tiresome!”,31
"twenty-sixth,",31
"protection,”",31
genug,31
tomorrow—that,31
mutilation,31
affirmatively,31
"magnificent,",31
enemy....”,31
loudly;,31
"upset,",31
roadway;,31
hangs,31
"victim,”",31
"sighs,",31
citadel,31
"famished,",31
kvass,31
glow!,31
eloquence.,31
when—free,31
vibrated.,31
“bezúkhov.”,31
"potato,",31
"obtainable,",31
filled.,31
enfants,31
"mouton,",31
goal—their,31
1812—though,31
parties—one,31
"arrow,",31
remonstrated,31
officier,31
"knot,",31
misfortune...,31
reproche,31
mockingly,31
pigeonholes,31
must!”,31
"savélich,",31
irregularities.,31
door:,31
relatives—countess,31
essentials,31
"dispute,",31
inclinations,31
repeats,31
rest—but,31
ruler?,31
"theology,",31
"perceive,",31
"drunkenness,",31
approximate,31
adjutants.”,31
consider.”,31
lessons.”,31
"godson,”",31
"catiche,”",31
vehemently.,31
propos,31
"bourienne,”",31
puzzle,31
brag,31
telyánin!,31
“shuts,31
advice;,31
victory!,31
glory.,31
urgent,31
"censured,",31
"interest,”",31
"unsuitable,",31
same!...”,31
hirelings,31
goat,31
lowest.,31
lenten,31
alert.,31
maidens,31
coax,31
"fact,”",31
"president,",31
"hanged,",31
commotion,31
definite:,31
bartenstein.,31
down—capitally!”,31
ice...”,31
wall!”,31
lunching,31
repenting,31
sufficient.,31
illuminati,31
harmed,31
"album,",31
damper,31
gentlemen.,31
"fiancée’s,",31
husband...,31
kerchief.,31
"voltórn,",31
hearken,31
trousseau.,31
saturdays;,31
sónya’s.,31
flew.,31
wife—the,31
sportsmen.,31
"thorn,",31
thighs,31
grandiloquently,31
neithah,31
water;,31
appoint,31
raced,31
something...,31
sing:,31
gerákov:,31
commenced,31
puff!”,31
athwart,31
“how...,31
bayonet;,31
men),31
cowards,31
sarátov,31
papa”,31
"mère,",31
unanimous,31
accepts,31
"fur,",31
battle!”,31
(places,31
life—all,31
bonaparte!...”,31
thing;,31
improved.,31
"wearing,",31
"“lieutenant,",31
goliath,31
anxious.,31
avenged,31
dealer,31
other—a,31
potato.,31
mary?,31
unfettered,31
calamitous,31
diagonal,31
homely,31
"mysterious,",31
formínsk.,31
“‘come,31
hostility.,31
night—some,31
inalienable,31
vividness.,31
rostóva!”,31
oats—that,31
shot;,31
economical.,31
those.,31
bequeathed,31
"exposition,",31
professedly,31
argument.,31
obscurities,31
"unshakable,",31
"proved,",31
additions,31
"aunt,”",31
crash.,31
"volcano,”",31
sisters;,31
s’ensuit!*,31
onúfrich”,31
“come.”,31
childhood;,31
crown—an,31
"weaknesses,”",31
mack?”,31
attentions.,31
quartermaster’s,31
"apologizing,",31
colonel!,31
"vessels,",31
retire.”,31
bridge!,31
"bedroom,”",31
“forage,31
dozing.,31
constituted.,31
quiescent,31
enthusiasm—was,31
trick!,31
standard.,31
bludgeon.,31
glide,31
superstition,31
lessen,31
"quicker,”",31
meanness!,31
trusts,31
ruffled,31
mallet,31
off—and,31
smithereens,31
lessened,31
"aid,",31
ordered—and,31
opportunity.”,31
"embrace,",31
collegiate,31
rule....,31
tired;,31
insignificant.,31
shortly.,31
us!...”,31
helter-skelter,31
"pure-bred,",31
lady—nicholas—started,31
admit.,31
her—for,31
bustle.,31
conceal.,31
"pedestrian,",31
employment;,31
capital—that,31
‘genius’,31
“ilyín?,31
begrudge,31
precious....”,31
"alleged,",31
mutterings,31
moments—rose,31
commune?”,31
"boat,",31
"meadows,",31
"claparède’s,",31
balanced,31
"brothels,”",31
them.),31
approach...,31
ceasing,31
bêtises!”,31
durosnel’s,31
"d’âme,—at",31
"life—him,",31
"grow,",31
comrades.),31
needs—good,31
"hint,",31
tribes,31
it—now,31
lads!...,31
position—by,31
relate),31
disport,31
"return,”",31
infectious,31
"upbringing,",31
deaths,31
"philology,",31
unprotected,31
brumaire;,31
short—began,31
bows.,31
congratulate.”,31
neighbors’,31
exactitude.,31
sonata.,31
cavalry-captain,31
"creases,",31
stubby,31
"schubert,",31
ours.,31
l’or,31
expression—the,31
"(small,",31
dead—lay,31
stupidity.”,31
nightshirt,31
singer”,31
“pear”,31
fare,31
"hurrah,",31
simple!,31
gently!,31
descending.,31
maybe,31
man”,31
"kisses,",31
standing!,31
gwief!”,31
ladies—”,31
grown.,31
shalt,31
pétrusha,31
epileptic,31
year....”,31
friend—life,31
stillness.,31
empewo’!”,31
staying.,31
"distractions,",31
ligne,31
"b.,",31
smallish,31
voice!,31
natalie?,31
labor—idleness—was,31
d’oeuvres,31
quickly!”,31
"circassian,",31
"performances,",31
chatróv,31
marrying.,31
thought—was,31
festivity.,31
"awakening,",31
"“fool,”",31
"letters,”",31
forces—millions,31
autocratic,31
"hang,",31
"courtiers),",31
"nationalism,",31
plucking,31
uprightness,31
strolling,31
emotion:,31
piano,31
sister:,31
nation”,31
deep-rooted,31
“mmm...ar...ate...ate...”,31
bunch,31
“love...,31
tripped,31
"ragged,",31
chests,31
division.”,31
claparède,31
"saxons,",31
"organically,",31
advice—or,31
klyucharëv.,31
"mingled,",31
"krémlin—yes,",31
fight.’”,31
good),31
"goodness—please,",31
soaring,31
intoxicated.,31
escorting,31
reverberation,31
agonizing,31
nation.”,31
"caucasus,",31
shámshevo.”,31
plastún.,31
"général,”",31
authoritative,31
interlarding,31
"demanded—namely,",31
"plight,",31
eléts,31
essayist,31
“chance,31
outrages,31
propriety,31
myself....,31
harvested,31
(nicholas’),31
"sofas,",31
"disagree,",31
with;,31
allurements,31
"overheard),",31
"“uncle,",31
"untiring,",31
"superiority,",31
"obscurity,",31
newton’s,31
kepler,31
